{
	"credit": "Made with Blockbench",
	"texture_size": [128, 128],
	"textures": {
		"0": "darth_vader_helmet",
		"particle": "darth_vader_helmet"
	},
	"elements": [
		{
			"name": "hexadecagon",
			"from": [6.5, 7.50272, -0.5],
			"to": [7.5, 8.49728, 0.5],
			"rotation": {"angle": -45, "axis": "z", "origin": [5, 8, 0]},
			"faces": {
				"north": {"uv": [7.75, 0.375, 7.875, 0.5], "texture": "#0"},
				"east": {"uv": [7.75, 6.375, 7.875, 6.5], "texture": "#0"},
				"south": {"uv": [7.875, 6.375, 8, 6.5], "texture": "#0"},
				"west": {"uv": [8.875, 4.125, 9, 4.25], "texture": "#0"},
				"up": {"uv": [1.5, 9.5, 1.375, 9.375], "texture": "#0"},
				"down": {"uv": [5.375, 10.125, 5.25, 10.25], "texture": "#0"}
			}
		},
		{
			"name": "hexadecagon",
			"from": [6.5, 7.50272, -0.5],
			"to": [7.5, 8.49728, 0.5],
			"rotation": {"angle": -22.5, "axis": "z", "origin": [5, 8, 0]},
			"faces": {
				"north": {"uv": [5.375, 10.125, 5.5, 10.25], "texture": "#0"},
				"east": {"uv": [10.625, 6.25, 10.75, 6.375], "texture": "#0"},
				"south": {"uv": [0.375, 10.875, 0.5, 11], "texture": "#0"},
				"west": {"uv": [0.5, 10.875, 0.625, 11], "texture": "#0"},
				"up": {"uv": [11.125, 5.25, 11, 5.125], "texture": "#0"},
				"down": {"uv": [11.375, 0.25, 11.25, 0.375], "texture": "#0"}
			}
		},
		{
			"name": "hexadecagon",
			"from": [6.5, 7.50272, -0.5],
			"to": [7.5, 8.49728, 0.5],
			"rotation": {"angle": 0, "axis": "x", "origin": [5, 8, 0]},
			"faces": {
				"north": {"uv": [11.25, 9, 11.375, 9.125], "texture": "#0"},
				"east": {"uv": [9.125, 11.25, 9.25, 11.375], "texture": "#0"},
				"south": {"uv": [9.25, 11.25, 9.375, 11.375], "texture": "#0"},
				"west": {"uv": [1, 11.75, 1.125, 11.875], "texture": "#0"},
				"up": {"uv": [1.25, 11.875, 1.125, 11.75], "texture": "#0"},
				"down": {"uv": [11.875, 8.25, 11.75, 8.375], "texture": "#0"}
			}
		},
		{
			"name": "hexadecagon",
			"from": [6.5, 7.50272, -0.5],
			"to": [7.5, 8.49728, 0.5],
			"rotation": {"angle": 22.5, "axis": "z", "origin": [5, 8, 0]},
			"faces": {
				"north": {"uv": [12, 9.75, 12.125, 9.875], "texture": "#0"},
				"east": {"uv": [12.75, 0.625, 12.875, 0.75], "texture": "#0"},
				"south": {"uv": [12.75, 0.75, 12.875, 0.875], "texture": "#0"},
				"west": {"uv": [12.75, 0.875, 12.875, 1], "texture": "#0"},
				"up": {"uv": [12.875, 1.125, 12.75, 1], "texture": "#0"},
				"down": {"uv": [12.875, 1.125, 12.75, 1.25], "texture": "#0"}
			}
		},
		{
			"name": "hexadecagon",
			"from": [6.5, 7.50272, -0.5],
			"to": [7.5, 8.49728, 0.5],
			"rotation": {"angle": 45, "axis": "z", "origin": [5, 8, 0]},
			"faces": {
				"north": {"uv": [12.75, 1.25, 12.875, 1.375], "texture": "#0"},
				"east": {"uv": [12.75, 1.375, 12.875, 1.5], "texture": "#0"},
				"south": {"uv": [1.5, 12.75, 1.625, 12.875], "texture": "#0"},
				"west": {"uv": [12.75, 1.5, 12.875, 1.625], "texture": "#0"},
				"up": {"uv": [1.75, 12.875, 1.625, 12.75], "texture": "#0"},
				"down": {"uv": [12.875, 1.625, 12.75, 1.75], "texture": "#0"}
			}
		},
		{
			"name": "hexadecagon",
			"from": [2.5, 7.50272, -0.5],
			"to": [3.5, 8.49728, 0.5],
			"rotation": {"angle": -45, "axis": "z", "origin": [5, 8, 0]},
			"faces": {
				"north": {"uv": [1.75, 12.75, 1.875, 12.875], "texture": "#0"},
				"east": {"uv": [12.75, 1.75, 12.875, 1.875], "texture": "#0"},
				"south": {"uv": [1.875, 12.75, 2, 12.875], "texture": "#0"},
				"west": {"uv": [12.75, 1.875, 12.875, 2], "texture": "#0"},
				"up": {"uv": [2.125, 12.875, 2, 12.75], "texture": "#0"},
				"down": {"uv": [12.875, 2, 12.75, 2.125], "texture": "#0"}
			}
		},
		{
			"name": "hexadecagon",
			"from": [2.5, 7.50272, -0.5],
			"to": [3.5, 8.49728, 0.5],
			"rotation": {"angle": -22.5, "axis": "z", "origin": [5, 8, 0]},
			"faces": {
				"north": {"uv": [2.125, 12.75, 2.25, 12.875], "texture": "#0"},
				"east": {"uv": [12.75, 2.125, 12.875, 2.25], "texture": "#0"},
				"south": {"uv": [12.75, 2.25, 12.875, 2.375], "texture": "#0"},
				"west": {"uv": [12.75, 2.375, 12.875, 2.5], "texture": "#0"},
				"up": {"uv": [2.625, 12.875, 2.5, 12.75], "texture": "#0"},
				"down": {"uv": [12.875, 2.5, 12.75, 2.625], "texture": "#0"}
			}
		},
		{
			"name": "hexadecagon",
			"from": [2.5, 7.50272, -0.5],
			"to": [3.5, 8.49728, 0.5],
			"rotation": {"angle": 0, "axis": "x", "origin": [5, 8, 0]},
			"faces": {
				"north": {"uv": [2.625, 12.75, 2.75, 12.875], "texture": "#0"},
				"east": {"uv": [12.75, 2.625, 12.875, 2.75], "texture": "#0"},
				"south": {"uv": [2.75, 12.75, 2.875, 12.875], "texture": "#0"},
				"west": {"uv": [12.75, 2.75, 12.875, 2.875], "texture": "#0"},
				"up": {"uv": [3, 12.875, 2.875, 12.75], "texture": "#0"},
				"down": {"uv": [12.875, 2.875, 12.75, 3], "texture": "#0"}
			}
		},
		{
			"name": "hexadecagon",
			"from": [2.5, 7.50272, -0.5],
			"to": [3.5, 8.49728, 0.5],
			"rotation": {"angle": 22.5, "axis": "z", "origin": [5, 8, 0]},
			"faces": {
				"north": {"uv": [3, 12.75, 3.125, 12.875], "texture": "#0"},
				"east": {"uv": [12.75, 3, 12.875, 3.125], "texture": "#0"},
				"south": {"uv": [3.125, 12.75, 3.25, 12.875], "texture": "#0"},
				"west": {"uv": [12.75, 3.125, 12.875, 3.25], "texture": "#0"},
				"up": {"uv": [3.375, 12.875, 3.25, 12.75], "texture": "#0"},
				"down": {"uv": [12.875, 3.25, 12.75, 3.375], "texture": "#0"}
			}
		},
		{
			"name": "hexadecagon",
			"from": [2.5, 7.50272, -0.5],
			"to": [3.5, 8.49728, 0.5],
			"rotation": {"angle": 45, "axis": "z", "origin": [5, 8, 0]},
			"faces": {
				"north": {"uv": [3.375, 12.75, 3.5, 12.875], "texture": "#0"},
				"east": {"uv": [12.75, 3.375, 12.875, 3.5], "texture": "#0"},
				"south": {"uv": [3.5, 12.75, 3.625, 12.875], "texture": "#0"},
				"west": {"uv": [3.625, 12.75, 3.75, 12.875], "texture": "#0"},
				"up": {"uv": [12.875, 3.75, 12.75, 3.625], "texture": "#0"},
				"down": {"uv": [12.875, 3.75, 12.75, 3.875], "texture": "#0"}
			}
		},
		{
			"name": "hexadecagon",
			"from": [4.50272, 5.5, -0.5],
			"to": [5.49728, 6.5, 0.5],
			"rotation": {"angle": -22.5, "axis": "z", "origin": [5, 8, 0]},
			"faces": {
				"north": {"uv": [3.875, 12.75, 4, 12.875], "texture": "#0"},
				"east": {"uv": [12.75, 3.875, 12.875, 4], "texture": "#0"},
				"south": {"uv": [4, 12.75, 4.125, 12.875], "texture": "#0"},
				"west": {"uv": [12.75, 4, 12.875, 4.125], "texture": "#0"},
				"up": {"uv": [4.25, 12.875, 4.125, 12.75], "texture": "#0"},
				"down": {"uv": [4.375, 12.75, 4.25, 12.875], "texture": "#0"}
			}
		},
		{
			"name": "hexadecagon",
			"from": [4.50272, 5.5, -0.5],
			"to": [5.49728, 6.5, 0.5],
			"rotation": {"angle": 0, "axis": "x", "origin": [5, 8, 0]},
			"faces": {
				"north": {"uv": [12.75, 4.25, 12.875, 4.375], "texture": "#0"},
				"east": {"uv": [4.375, 12.75, 4.5, 12.875], "texture": "#0"},
				"south": {"uv": [12.75, 4.375, 12.875, 4.5], "texture": "#0"},
				"west": {"uv": [4.5, 12.75, 4.625, 12.875], "texture": "#0"},
				"up": {"uv": [12.875, 4.625, 12.75, 4.5], "texture": "#0"},
				"down": {"uv": [4.875, 12.75, 4.75, 12.875], "texture": "#0"}
			}
		},
		{
			"name": "hexadecagon",
			"from": [4.50272, 5.5, -0.5],
			"to": [5.49728, 6.5, 0.5],
			"rotation": {"angle": 22.5, "axis": "z", "origin": [5, 8, 0]},
			"faces": {
				"north": {"uv": [12.75, 5, 12.875, 5.125], "texture": "#0"},
				"east": {"uv": [12.75, 5.125, 12.875, 5.25], "texture": "#0"},
				"south": {"uv": [12.75, 5.25, 12.875, 5.375], "texture": "#0"},
				"west": {"uv": [12.75, 5.375, 12.875, 5.5], "texture": "#0"},
				"up": {"uv": [12.875, 5.625, 12.75, 5.5], "texture": "#0"},
				"down": {"uv": [5.75, 12.75, 5.625, 12.875], "texture": "#0"}
			}
		},
		{
			"name": "hexadecagon",
			"from": [4.50272, 9.5, -0.5],
			"to": [5.49728, 10.5, 0.5],
			"rotation": {"angle": -22.5, "axis": "z", "origin": [5, 8, 0]},
			"faces": {
				"north": {"uv": [12.75, 5.625, 12.875, 5.75], "texture": "#0"},
				"east": {"uv": [5.75, 12.75, 5.875, 12.875], "texture": "#0"},
				"south": {"uv": [12.75, 5.75, 12.875, 5.875], "texture": "#0"},
				"west": {"uv": [12.75, 5.875, 12.875, 6], "texture": "#0"},
				"up": {"uv": [6.125, 12.875, 6, 12.75], "texture": "#0"},
				"down": {"uv": [12.875, 6, 12.75, 6.125], "texture": "#0"}
			}
		},
		{
			"name": "hexadecagon",
			"from": [4.50272, 9.5, -0.5],
			"to": [5.49728, 10.5, 0.5],
			"rotation": {"angle": 0, "axis": "x", "origin": [5, 8, 0]},
			"faces": {
				"north": {"uv": [6.125, 12.75, 6.25, 12.875], "texture": "#0"},
				"east": {"uv": [6.25, 12.75, 6.375, 12.875], "texture": "#0"},
				"south": {"uv": [12.75, 6.5, 12.875, 6.625], "texture": "#0"},
				"west": {"uv": [12.75, 6.625, 12.875, 6.75], "texture": "#0"},
				"up": {"uv": [12.875, 6.875, 12.75, 6.75], "texture": "#0"},
				"down": {"uv": [12.875, 6.875, 12.75, 7], "texture": "#0"}
			}
		},
		{
			"name": "hexadecagon",
			"from": [4.50272, 9.5, -0.5],
			"to": [5.49728, 10.5, 0.5],
			"rotation": {"angle": 22.5, "axis": "z", "origin": [5, 8, 0]},
			"faces": {
				"north": {"uv": [12.75, 7, 12.875, 7.125], "texture": "#0"},
				"east": {"uv": [12.75, 7.125, 12.875, 7.25], "texture": "#0"},
				"south": {"uv": [12.75, 7.25, 12.875, 7.375], "texture": "#0"},
				"west": {"uv": [12.75, 7.375, 12.875, 7.5], "texture": "#0"},
				"up": {"uv": [12.875, 7.625, 12.75, 7.5], "texture": "#0"},
				"down": {"uv": [7.75, 12.75, 7.625, 12.875], "texture": "#0"}
			}
		},
		{
			"name": "hexadecagon",
			"from": [3.5, 7.70163, -0.25],
			"to": [6.5, 8.29837, 0.5],
			"rotation": {"angle": -45, "axis": "z", "origin": [5, 8, 0]},
			"faces": {
				"north": {"uv": [12.5, 3.5, 12.875, 3.5625], "texture": "#0"},
				"east": {"uv": [11.75, 12.875, 11.84375, 12.9375], "texture": "#0"},
				"south": {"uv": [6.875, 12.5, 7.25, 12.5625], "texture": "#0"},
				"west": {"uv": [12.25, 12.875, 12.34375, 12.9375], "texture": "#0"},
				"up": {"uv": [10.25, 10.84375, 9.875, 10.75], "texture": "#0"},
				"down": {"uv": [11.875, 5, 11.5, 5.09375], "texture": "#0"}
			}
		},
		{
			"name": "hexadecagon",
			"from": [3.5, 7.70163, -0.25],
			"to": [6.5, 8.29837, 0.5],
			"rotation": {"angle": -22.5, "axis": "z", "origin": [5, 8, 0]},
			"faces": {
				"north": {"uv": [7.25, 12.5, 7.625, 12.5625], "texture": "#0"},
				"east": {"uv": [12.875, 12.25, 12.96875, 12.3125], "texture": "#0"},
				"south": {"uv": [12.5, 7.625, 12.875, 7.6875], "texture": "#0"},
				"west": {"uv": [12.375, 12.875, 12.46875, 12.9375], "texture": "#0"},
				"up": {"uv": [7.625, 11.59375, 7.25, 11.5], "texture": "#0"},
				"down": {"uv": [12.75, 5, 12.375, 5.09375], "texture": "#0"}
			}
		},
		{
			"name": "hexadecagon",
			"from": [3.5, 7.70163, -0.25],
			"to": [6.5, 8.29837, 0.5],
			"rotation": {"angle": 0, "axis": "x", "origin": [5, 8, 0]},
			"faces": {
				"north": {"uv": [12.5, 7.75, 12.875, 7.8125], "texture": "#0"},
				"east": {"uv": [12.875, 12.5, 12.96875, 12.5625], "texture": "#0"},
				"south": {"uv": [12.5, 7.875, 12.875, 7.9375], "texture": "#0"},
				"west": {"uv": [12.625, 12.875, 12.71875, 12.9375], "texture": "#0"},
				"up": {"uv": [6.875, 12.46875, 6.5, 12.375], "texture": "#0"},
				"down": {"uv": [7.25, 12.375, 6.875, 12.46875], "texture": "#0"}
			}
		},
		{
			"name": "hexadecagon",
			"from": [3.5, 7.70163, -0.25],
			"to": [6.5, 8.29837, 0.5],
			"rotation": {"angle": 22.5, "axis": "z", "origin": [5, 8, 0]},
			"faces": {
				"north": {"uv": [12.5, 8.25, 12.875, 8.3125], "texture": "#0"},
				"east": {"uv": [12.875, 12.625, 12.96875, 12.6875], "texture": "#0"},
				"south": {"uv": [12.5, 8.375, 12.875, 8.4375], "texture": "#0"},
				"west": {"uv": [12.75, 12.875, 12.84375, 12.9375], "texture": "#0"},
				"up": {"uv": [7.625, 12.46875, 7.25, 12.375], "texture": "#0"},
				"down": {"uv": [12.75, 7.25, 12.375, 7.34375], "texture": "#0"}
			}
		},
		{
			"name": "hexadecagon",
			"from": [3.5, 7.70163, -0.25],
			"to": [6.5, 8.29837, 0.5],
			"rotation": {"angle": 45, "axis": "z", "origin": [5, 8, 0]},
			"faces": {
				"north": {"uv": [12.5, 8.5, 12.875, 8.5625], "texture": "#0"},
				"east": {"uv": [12.875, 12.75, 12.96875, 12.8125], "texture": "#0"},
				"south": {"uv": [12.5, 8.625, 12.875, 8.6875], "texture": "#0"},
				"west": {"uv": [12.875, 12.875, 12.96875, 12.9375], "texture": "#0"},
				"up": {"uv": [12.75, 7.46875, 12.375, 7.375], "texture": "#0"},
				"down": {"uv": [12.75, 7.5, 12.375, 7.59375], "texture": "#0"}
			}
		},
		{
			"name": "hexadecagon",
			"from": [4.70163, 6.5, -0.25],
			"to": [5.29837, 9.5, 0.5],
			"rotation": {"angle": -22.5, "axis": "z", "origin": [5, 8, 0]},
			"faces": {
				"north": {"uv": [9.25, 12.5, 9.3125, 12.875], "texture": "#0"},
				"east": {"uv": [5.625, 12.375, 5.71875, 12.75], "texture": "#0"},
				"south": {"uv": [9.375, 12.5, 9.4375, 12.875], "texture": "#0"},
				"west": {"uv": [5.75, 12.375, 5.84375, 12.75], "texture": "#0"},
				"up": {"uv": [0.0625, 13.09375, 0, 13], "texture": "#0"},
				"down": {"uv": [13.0625, 0, 13, 0.09375], "texture": "#0"}
			}
		},
		{
			"name": "hexadecagon",
			"from": [4.70163, 6.5, -0.25],
			"to": [5.29837, 9.5, 0.5],
			"rotation": {"angle": 0, "axis": "x", "origin": [5, 8, 0]},
			"faces": {
				"north": {"uv": [9.5, 12.5, 9.5625, 12.875], "texture": "#0"},
				"east": {"uv": [7.625, 12.375, 7.71875, 12.75], "texture": "#0"},
				"south": {"uv": [12.5, 9.5, 12.5625, 9.875], "texture": "#0"},
				"west": {"uv": [12.375, 7.625, 12.46875, 8], "texture": "#0"},
				"up": {"uv": [0.1875, 13.09375, 0.125, 13], "texture": "#0"},
				"down": {"uv": [13.0625, 0.125, 13, 0.21875], "texture": "#0"}
			}
		},
		{
			"name": "hexadecagon",
			"from": [4.70163, 6.5, -0.25],
			"to": [5.29837, 9.5, 0.5],
			"rotation": {"angle": 22.5, "axis": "z", "origin": [5, 8, 0]},
			"faces": {
				"north": {"uv": [9.625, 12.5, 9.6875, 12.875], "texture": "#0"},
				"east": {"uv": [7.75, 12.375, 7.84375, 12.75], "texture": "#0"},
				"south": {"uv": [9.75, 12.5, 9.8125, 12.875], "texture": "#0"},
				"west": {"uv": [7.875, 12.375, 7.96875, 12.75], "texture": "#0"},
				"up": {"uv": [0.3125, 13.09375, 0.25, 13], "texture": "#0"},
				"down": {"uv": [13.0625, 0.25, 13, 0.34375], "texture": "#0"}
			}
		},
		{
			"name": "hexadecagon",
			"from": [7, 7.50272, -1],
			"to": [7.5, 8.49728, -0.5],
			"rotation": {"angle": 45, "axis": "z", "origin": [5, 8, -0.75]},
			"faces": {
				"north": {"uv": [12.875, 7.875, 12.9375, 8], "texture": "#0"},
				"east": {"uv": [12.875, 8, 12.9375, 8.125], "texture": "#0"},
				"south": {"uv": [8.125, 12.875, 8.1875, 13], "texture": "#0"},
				"west": {"uv": [12.875, 8.125, 12.9375, 8.25], "texture": "#0"},
				"up": {"uv": [13.0625, 1.9375, 13, 1.875], "texture": "#0"},
				"down": {"uv": [2.0625, 13, 2, 13.0625], "texture": "#0"}
			}
		},
		{
			"name": "hexadecagon",
			"from": [2.5, 7.50272, -1],
			"to": [3, 8.49728, -0.5],
			"rotation": {"angle": -45, "axis": "z", "origin": [5, 8, -0.75]},
			"faces": {
				"north": {"uv": [8.25, 12.875, 8.3125, 13], "texture": "#0"},
				"east": {"uv": [12.875, 8.25, 12.9375, 8.375], "texture": "#0"},
				"south": {"uv": [8.375, 12.875, 8.4375, 13], "texture": "#0"},
				"west": {"uv": [12.875, 8.375, 12.9375, 8.5], "texture": "#0"},
				"up": {"uv": [13.0625, 2.0625, 13, 2], "texture": "#0"},
				"down": {"uv": [2.1875, 13, 2.125, 13.0625], "texture": "#0"}
			}
		},
		{
			"name": "hexadecagon",
			"from": [2.5, 7.50272, -1],
			"to": [3, 8.49728, -0.5],
			"rotation": {"angle": -22.5, "axis": "z", "origin": [5, 8, -0.75]},
			"faces": {
				"north": {"uv": [8.5, 12.875, 8.5625, 13], "texture": "#0"},
				"east": {"uv": [12.875, 8.5, 12.9375, 8.625], "texture": "#0"},
				"south": {"uv": [8.625, 12.875, 8.6875, 13], "texture": "#0"},
				"west": {"uv": [12.875, 8.625, 12.9375, 8.75], "texture": "#0"},
				"up": {"uv": [13.0625, 2.1875, 13, 2.125], "texture": "#0"},
				"down": {"uv": [2.3125, 13, 2.25, 13.0625], "texture": "#0"}
			}
		},
		{
			"name": "hexadecagon",
			"from": [4.50272, 10, -1],
			"to": [5.49728, 10.5, -0.5],
			"rotation": {"angle": -22.5, "axis": "z", "origin": [5, 8, -0.75]},
			"faces": {
				"north": {"uv": [8.75, 12.875, 8.875, 12.9375], "texture": "#0"},
				"east": {"uv": [13, 2.25, 13.0625, 2.3125], "texture": "#0"},
				"south": {"uv": [12.875, 8.75, 13, 8.8125], "texture": "#0"},
				"west": {"uv": [2.375, 13, 2.4375, 13.0625], "texture": "#0"},
				"up": {"uv": [9, 12.9375, 8.875, 12.875], "texture": "#0"},
				"down": {"uv": [13, 8.875, 12.875, 8.9375], "texture": "#0"}
			}
		},
		{
			"name": "hexadecagon",
			"from": [4.50272, 10, -1],
			"to": [5.49728, 10.5, -0.5],
			"rotation": {"angle": 0, "axis": "x", "origin": [5, 8, -0.75]},
			"faces": {
				"north": {"uv": [9, 12.875, 9.125, 12.9375], "texture": "#0"},
				"east": {"uv": [13, 2.375, 13.0625, 2.4375], "texture": "#0"},
				"south": {"uv": [9.125, 12.875, 9.25, 12.9375], "texture": "#0"},
				"west": {"uv": [2.5, 13, 2.5625, 13.0625], "texture": "#0"},
				"up": {"uv": [9.375, 12.9375, 9.25, 12.875], "texture": "#0"},
				"down": {"uv": [9.5, 12.875, 9.375, 12.9375], "texture": "#0"}
			}
		},
		{
			"name": "hexadecagon",
			"from": [4.50272, 10, -1],
			"to": [5.49728, 10.5, -0.5],
			"rotation": {"angle": 22.5, "axis": "z", "origin": [5, 8, -0.75]},
			"faces": {
				"north": {"uv": [9.5, 12.875, 9.625, 12.9375], "texture": "#0"},
				"east": {"uv": [13, 2.5, 13.0625, 2.5625], "texture": "#0"},
				"south": {"uv": [12.875, 9.5, 13, 9.5625], "texture": "#0"},
				"west": {"uv": [2.625, 13, 2.6875, 13.0625], "texture": "#0"},
				"up": {"uv": [9.75, 12.9375, 9.625, 12.875], "texture": "#0"},
				"down": {"uv": [13, 9.625, 12.875, 9.6875], "texture": "#0"}
			}
		},
		{
			"name": "hexadecagon",
			"from": [8.5, 7.50272, -0.5],
			"to": [9.5, 8.49728, 0.5],
			"rotation": {"angle": 45, "axis": "z", "origin": [11, 8, 0]},
			"faces": {
				"north": {"uv": [7.75, 12.75, 7.875, 12.875], "texture": "#0"},
				"east": {"uv": [7.875, 12.75, 8, 12.875], "texture": "#0"},
				"south": {"uv": [12.75, 8, 12.875, 8.125], "texture": "#0"},
				"west": {"uv": [12.75, 8.125, 12.875, 8.25], "texture": "#0"},
				"up": {"uv": [8.625, 12.875, 8.5, 12.75], "texture": "#0"},
				"down": {"uv": [8.75, 12.75, 8.625, 12.875], "texture": "#0"}
			}
		},
		{
			"name": "hexadecagon",
			"from": [8.5, 7.50272, -0.5],
			"to": [9.5, 8.49728, 0.5],
			"rotation": {"angle": 22.5, "axis": "z", "origin": [11, 8, 0]},
			"faces": {
				"north": {"uv": [8.75, 12.75, 8.875, 12.875], "texture": "#0"},
				"east": {"uv": [8.875, 12.75, 9, 12.875], "texture": "#0"},
				"south": {"uv": [9, 12.75, 9.125, 12.875], "texture": "#0"},
				"west": {"uv": [9.125, 12.75, 9.25, 12.875], "texture": "#0"},
				"up": {"uv": [12.875, 9.625, 12.75, 9.5], "texture": "#0"},
				"down": {"uv": [12.875, 9.625, 12.75, 9.75], "texture": "#0"}
			}
		},
		{
			"name": "hexadecagon",
			"from": [8.5, 7.50272, -0.5],
			"to": [9.5, 8.49728, 0.5],
			"rotation": {"angle": 0, "axis": "x", "origin": [11, 8, 0]},
			"faces": {
				"north": {"uv": [10, 12.75, 10.125, 12.875], "texture": "#0"},
				"east": {"uv": [10.5, 12.75, 10.625, 12.875], "texture": "#0"},
				"south": {"uv": [10.625, 12.75, 10.75, 12.875], "texture": "#0"},
				"west": {"uv": [10.75, 12.75, 10.875, 12.875], "texture": "#0"},
				"up": {"uv": [11, 12.875, 10.875, 12.75], "texture": "#0"},
				"down": {"uv": [12.875, 10.875, 12.75, 11], "texture": "#0"}
			}
		},
		{
			"name": "hexadecagon",
			"from": [8.5, 7.50272, -0.5],
			"to": [9.5, 8.49728, 0.5],
			"rotation": {"angle": -22.5, "axis": "z", "origin": [11, 8, 0]},
			"faces": {
				"north": {"uv": [12.75, 11, 12.875, 11.125], "texture": "#0"},
				"east": {"uv": [12.75, 11.125, 12.875, 11.25], "texture": "#0"},
				"south": {"uv": [12.75, 11.25, 12.875, 11.375], "texture": "#0"},
				"west": {"uv": [12.75, 11.375, 12.875, 11.5], "texture": "#0"},
				"up": {"uv": [12.875, 11.625, 12.75, 11.5], "texture": "#0"},
				"down": {"uv": [11.875, 12.75, 11.75, 12.875], "texture": "#0"}
			}
		},
		{
			"name": "hexadecagon",
			"from": [8.5, 7.50272, -0.5],
			"to": [9.5, 8.49728, 0.5],
			"rotation": {"angle": -45, "axis": "z", "origin": [11, 8, 0]},
			"faces": {
				"north": {"uv": [12.75, 11.875, 12.875, 12], "texture": "#0"},
				"east": {"uv": [12.75, 12, 12.875, 12.125], "texture": "#0"},
				"south": {"uv": [12.75, 12.125, 12.875, 12.25], "texture": "#0"},
				"west": {"uv": [12.75, 12.25, 12.875, 12.375], "texture": "#0"},
				"up": {"uv": [12.875, 12.75, 12.75, 12.625], "texture": "#0"},
				"down": {"uv": [12.875, 12.75, 12.75, 12.875], "texture": "#0"}
			}
		},
		{
			"name": "hexadecagon",
			"from": [12.5, 7.50272, -0.5],
			"to": [13.5, 8.49728, 0.5],
			"rotation": {"angle": 45, "axis": "z", "origin": [11, 8, 0]},
			"faces": {
				"north": {"uv": [12.875, 0, 13, 0.125], "texture": "#0"},
				"east": {"uv": [12.875, 0.125, 13, 0.25], "texture": "#0"},
				"south": {"uv": [0.375, 12.875, 0.5, 13], "texture": "#0"},
				"west": {"uv": [0.5, 12.875, 0.625, 13], "texture": "#0"},
				"up": {"uv": [0.75, 13, 0.625, 12.875], "texture": "#0"},
				"down": {"uv": [13, 0.625, 12.875, 0.75], "texture": "#0"}
			}
		},
		{
			"name": "hexadecagon",
			"from": [12.5, 7.50272, -0.5],
			"to": [13.5, 8.49728, 0.5],
			"rotation": {"angle": 22.5, "axis": "z", "origin": [11, 8, 0]},
			"faces": {
				"north": {"uv": [0.75, 12.875, 0.875, 13], "texture": "#0"},
				"east": {"uv": [12.875, 0.75, 13, 0.875], "texture": "#0"},
				"south": {"uv": [0.875, 12.875, 1, 13], "texture": "#0"},
				"west": {"uv": [12.875, 0.875, 13, 1], "texture": "#0"},
				"up": {"uv": [13, 1.125, 12.875, 1], "texture": "#0"},
				"down": {"uv": [13, 1.125, 12.875, 1.25], "texture": "#0"}
			}
		},
		{
			"name": "hexadecagon",
			"from": [12.5, 7.50272, -0.5],
			"to": [13.5, 8.49728, 0.5],
			"rotation": {"angle": 0, "axis": "x", "origin": [11, 8, 0]},
			"faces": {
				"north": {"uv": [12.875, 1.25, 13, 1.375], "texture": "#0"},
				"east": {"uv": [12.875, 1.375, 13, 1.5], "texture": "#0"},
				"south": {"uv": [1.5, 12.875, 1.625, 13], "texture": "#0"},
				"west": {"uv": [12.875, 1.5, 13, 1.625], "texture": "#0"},
				"up": {"uv": [1.75, 13, 1.625, 12.875], "texture": "#0"},
				"down": {"uv": [13, 1.625, 12.875, 1.75], "texture": "#0"}
			}
		},
		{
			"name": "hexadecagon",
			"from": [12.5, 7.50272, -0.5],
			"to": [13.5, 8.49728, 0.5],
			"rotation": {"angle": -22.5, "axis": "z", "origin": [11, 8, 0]},
			"faces": {
				"north": {"uv": [1.75, 12.875, 1.875, 13], "texture": "#0"},
				"east": {"uv": [12.875, 1.75, 13, 1.875], "texture": "#0"},
				"south": {"uv": [1.875, 12.875, 2, 13], "texture": "#0"},
				"west": {"uv": [12.875, 1.875, 13, 2], "texture": "#0"},
				"up": {"uv": [2.125, 13, 2, 12.875], "texture": "#0"},
				"down": {"uv": [13, 2, 12.875, 2.125], "texture": "#0"}
			}
		},
		{
			"name": "hexadecagon",
			"from": [12.5, 7.50272, -0.5],
			"to": [13.5, 8.49728, 0.5],
			"rotation": {"angle": -45, "axis": "z", "origin": [11, 8, 0]},
			"faces": {
				"north": {"uv": [2.125, 12.875, 2.25, 13], "texture": "#0"},
				"east": {"uv": [12.875, 2.125, 13, 2.25], "texture": "#0"},
				"south": {"uv": [12.875, 2.25, 13, 2.375], "texture": "#0"},
				"west": {"uv": [12.875, 2.375, 13, 2.5], "texture": "#0"},
				"up": {"uv": [2.625, 13, 2.5, 12.875], "texture": "#0"},
				"down": {"uv": [13, 2.5, 12.875, 2.625], "texture": "#0"}
			}
		},
		{
			"name": "hexadecagon",
			"from": [10.50272, 5.5, -0.5],
			"to": [11.49728, 6.5, 0.5],
			"rotation": {"angle": 22.5, "axis": "z", "origin": [11, 8, 0]},
			"faces": {
				"north": {"uv": [2.625, 12.875, 2.75, 13], "texture": "#0"},
				"east": {"uv": [12.875, 2.625, 13, 2.75], "texture": "#0"},
				"south": {"uv": [2.75, 12.875, 2.875, 13], "texture": "#0"},
				"west": {"uv": [12.875, 2.75, 13, 2.875], "texture": "#0"},
				"up": {"uv": [3, 13, 2.875, 12.875], "texture": "#0"},
				"down": {"uv": [13, 2.875, 12.875, 3], "texture": "#0"}
			}
		},
		{
			"name": "hexadecagon",
			"from": [10.50272, 5.5, -0.5],
			"to": [11.49728, 6.5, 0.5],
			"rotation": {"angle": 0, "axis": "x", "origin": [11, 8, 0]},
			"faces": {
				"north": {"uv": [3, 12.875, 3.125, 13], "texture": "#0"},
				"east": {"uv": [12.875, 3, 13, 3.125], "texture": "#0"},
				"south": {"uv": [3.125, 12.875, 3.25, 13], "texture": "#0"},
				"west": {"uv": [12.875, 3.125, 13, 3.25], "texture": "#0"},
				"up": {"uv": [3.375, 13, 3.25, 12.875], "texture": "#0"},
				"down": {"uv": [13, 3.25, 12.875, 3.375], "texture": "#0"}
			}
		},
		{
			"name": "hexadecagon",
			"from": [10.50272, 5.5, -0.5],
			"to": [11.49728, 6.5, 0.5],
			"rotation": {"angle": -22.5, "axis": "z", "origin": [11, 8, 0]},
			"faces": {
				"north": {"uv": [3.375, 12.875, 3.5, 13], "texture": "#0"},
				"east": {"uv": [12.875, 3.375, 13, 3.5], "texture": "#0"},
				"south": {"uv": [3.5, 12.875, 3.625, 13], "texture": "#0"},
				"west": {"uv": [12.875, 3.5, 13, 3.625], "texture": "#0"},
				"up": {"uv": [3.75, 13, 3.625, 12.875], "texture": "#0"},
				"down": {"uv": [13, 3.625, 12.875, 3.75], "texture": "#0"}
			}
		},
		{
			"name": "hexadecagon",
			"from": [10.50272, 9.5, -0.5],
			"to": [11.49728, 10.5, 0.5],
			"rotation": {"angle": 22.5, "axis": "z", "origin": [11, 8, 0]},
			"faces": {
				"north": {"uv": [12.875, 3.75, 13, 3.875], "texture": "#0"},
				"east": {"uv": [3.875, 12.875, 4, 13], "texture": "#0"},
				"south": {"uv": [12.875, 3.875, 13, 4], "texture": "#0"},
				"west": {"uv": [4, 12.875, 4.125, 13], "texture": "#0"},
				"up": {"uv": [13, 4.125, 12.875, 4], "texture": "#0"},
				"down": {"uv": [4.25, 12.875, 4.125, 13], "texture": "#0"}
			}
		},
		{
			"name": "hexadecagon",
			"from": [10.50272, 9.5, -0.5],
			"to": [11.49728, 10.5, 0.5],
			"rotation": {"angle": 0, "axis": "x", "origin": [11, 8, 0]},
			"faces": {
				"north": {"uv": [12.875, 4.125, 13, 4.25], "texture": "#0"},
				"east": {"uv": [4.25, 12.875, 4.375, 13], "texture": "#0"},
				"south": {"uv": [12.875, 4.25, 13, 4.375], "texture": "#0"},
				"west": {"uv": [4.375, 12.875, 4.5, 13], "texture": "#0"},
				"up": {"uv": [13, 4.5, 12.875, 4.375], "texture": "#0"},
				"down": {"uv": [4.625, 12.875, 4.5, 13], "texture": "#0"}
			}
		},
		{
			"name": "hexadecagon",
			"from": [10.50272, 9.5, -0.5],
			"to": [11.49728, 10.5, 0.5],
			"rotation": {"angle": -22.5, "axis": "z", "origin": [11, 8, 0]},
			"faces": {
				"north": {"uv": [12.875, 4.5, 13, 4.625], "texture": "#0"},
				"east": {"uv": [4.75, 12.875, 4.875, 13], "texture": "#0"},
				"south": {"uv": [4.875, 12.875, 5, 13], "texture": "#0"},
				"west": {"uv": [5, 12.875, 5.125, 13], "texture": "#0"},
				"up": {"uv": [13, 5.125, 12.875, 5], "texture": "#0"},
				"down": {"uv": [13, 5.125, 12.875, 5.25], "texture": "#0"}
			}
		},
		{
			"name": "hexadecagon",
			"from": [9.5, 7.70163, -0.25],
			"to": [12.5, 8.29837, 0.5],
			"rotation": {"angle": 45, "axis": "z", "origin": [11, 8, 0]},
			"faces": {
				"north": {"uv": [12.5, 8.75, 12.875, 8.8125], "texture": "#0"},
				"east": {"uv": [0.375, 13, 0.46875, 13.0625], "texture": "#0"},
				"south": {"uv": [12.5, 8.875, 12.875, 8.9375], "texture": "#0"},
				"west": {"uv": [13, 0.375, 13.09375, 0.4375], "texture": "#0"},
				"up": {"uv": [12.75, 8.09375, 12.375, 8], "texture": "#0"},
				"down": {"uv": [12.75, 8.125, 12.375, 8.21875], "texture": "#0"}
			}
		},
		{
			"name": "hexadecagon",
			"from": [9.5, 7.70163, -0.25],
			"to": [12.5, 8.29837, 0.5],
			"rotation": {"angle": 22.5, "axis": "z", "origin": [11, 8, 0]},
			"faces": {
				"north": {"uv": [12.5, 9.875, 12.875, 9.9375], "texture": "#0"},
				"east": {"uv": [0.5, 13, 0.59375, 13.0625], "texture": "#0"},
				"south": {"uv": [12.5, 10, 12.875, 10.0625], "texture": "#0"},
				"west": {"uv": [0.625, 13, 0.71875, 13.0625], "texture": "#0"},
				"up": {"uv": [11.875, 12.46875, 11.5, 12.375], "texture": "#0"},
				"down": {"uv": [12.25, 12.375, 11.875, 12.46875], "texture": "#0"}
			}
		},
		{
			"name": "hexadecagon",
			"from": [9.5, 7.70163, -0.25],
			"to": [12.5, 8.29837, 0.5],
			"rotation": {"angle": 0, "axis": "x", "origin": [11, 8, 0]},
			"faces": {
				"north": {"uv": [10.125, 12.5, 10.5, 12.5625], "texture": "#0"},
				"east": {"uv": [13, 0.625, 13.09375, 0.6875], "texture": "#0"},
				"south": {"uv": [12.5, 10.125, 12.875, 10.1875], "texture": "#0"},
				"west": {"uv": [0.75, 13, 0.84375, 13.0625], "texture": "#0"},
				"up": {"uv": [12.75, 11.96875, 12.375, 11.875], "texture": "#0"},
				"down": {"uv": [12.75, 12, 12.375, 12.09375], "texture": "#0"}
			}
		},
		{
			"name": "hexadecagon",
			"from": [9.5, 7.70163, -0.25],
			"to": [12.5, 8.29837, 0.5],
			"rotation": {"angle": -22.5, "axis": "z", "origin": [11, 8, 0]},
			"faces": {
				"north": {"uv": [12.5, 10.25, 12.875, 10.3125], "texture": "#0"},
				"east": {"uv": [13, 0.75, 13.09375, 0.8125], "texture": "#0"},
				"south": {"uv": [12.5, 10.375, 12.875, 10.4375], "texture": "#0"},
				"west": {"uv": [0.875, 13, 0.96875, 13.0625], "texture": "#0"},
				"up": {"uv": [12.75, 12.21875, 12.375, 12.125], "texture": "#0"},
				"down": {"uv": [12.625, 12.375, 12.25, 12.46875], "texture": "#0"}
			}
		},
		{
			"name": "hexadecagon",
			"from": [9.5, 7.70163, -0.25],
			"to": [12.5, 8.29837, 0.5],
			"rotation": {"angle": -45, "axis": "z", "origin": [11, 8, 0]},
			"faces": {
				"north": {"uv": [12.5, 10.5, 12.875, 10.5625], "texture": "#0"},
				"east": {"uv": [13, 0.875, 13.09375, 0.9375], "texture": "#0"},
				"south": {"uv": [12.5, 10.625, 12.875, 10.6875], "texture": "#0"},
				"west": {"uv": [1, 13, 1.09375, 13.0625], "texture": "#0"},
				"up": {"uv": [12.75, 12.34375, 12.375, 12.25], "texture": "#0"},
				"down": {"uv": [0.375, 12.5, 0, 12.59375], "texture": "#0"}
			}
		},
		{
			"name": "hexadecagon",
			"from": [10.70163, 6.5, -0.25],
			"to": [11.29837, 9.5, 0.5],
			"rotation": {"angle": 22.5, "axis": "z", "origin": [11, 8, 0]},
			"faces": {
				"north": {"uv": [9.875, 12.5, 9.9375, 12.875], "texture": "#0"},
				"east": {"uv": [0.375, 12.5, 0.46875, 12.875], "texture": "#0"},
				"south": {"uv": [12.5, 10.875, 12.5625, 11.25], "texture": "#0"},
				"west": {"uv": [0.5, 12.5, 0.59375, 12.875], "texture": "#0"},
				"up": {"uv": [13.0625, 1.09375, 13, 1], "texture": "#0"},
				"down": {"uv": [1.1875, 13, 1.125, 13.09375], "texture": "#0"}
			}
		},
		{
			"name": "hexadecagon",
			"from": [10.70163, 6.5, -0.25],
			"to": [11.29837, 9.5, 0.5],
			"rotation": {"angle": 0, "axis": "x", "origin": [11, 8, 0]},
			"faces": {
				"north": {"uv": [11, 12.5, 11.0625, 12.875], "texture": "#0"},
				"east": {"uv": [0.625, 12.5, 0.71875, 12.875], "texture": "#0"},
				"south": {"uv": [11.125, 12.5, 11.1875, 12.875], "texture": "#0"},
				"west": {"uv": [0.75, 12.5, 0.84375, 12.875], "texture": "#0"},
				"up": {"uv": [13.0625, 1.21875, 13, 1.125], "texture": "#0"},
				"down": {"uv": [1.3125, 13, 1.25, 13.09375], "texture": "#0"}
			}
		},
		{
			"name": "hexadecagon",
			"from": [10.70163, 6.5, -0.25],
			"to": [11.29837, 9.5, 0.5],
			"rotation": {"angle": -22.5, "axis": "z", "origin": [11, 8, 0]},
			"faces": {
				"north": {"uv": [11.25, 12.5, 11.3125, 12.875], "texture": "#0"},
				"east": {"uv": [0.875, 12.5, 0.96875, 12.875], "texture": "#0"},
				"south": {"uv": [12.5, 11.25, 12.5625, 11.625], "texture": "#0"},
				"west": {"uv": [12.5, 2.375, 12.59375, 2.75], "texture": "#0"},
				"up": {"uv": [13.0625, 1.34375, 13, 1.25], "texture": "#0"},
				"down": {"uv": [1.4375, 13, 1.375, 13.09375], "texture": "#0"}
			}
		},
		{
			"name": "hexadecagon",
			"from": [8.5, 7.50272, -1],
			"to": [9, 8.49728, -0.5],
			"rotation": {"angle": -45, "axis": "z", "origin": [11, 8, -0.75]},
			"faces": {
				"north": {"uv": [9.75, 12.875, 9.8125, 13], "texture": "#0"},
				"east": {"uv": [9.875, 12.875, 9.9375, 13], "texture": "#0"},
				"south": {"uv": [12.875, 9.875, 12.9375, 10], "texture": "#0"},
				"west": {"uv": [10, 12.875, 10.0625, 13], "texture": "#0"},
				"up": {"uv": [13.0625, 2.6875, 13, 2.625], "texture": "#0"},
				"down": {"uv": [2.8125, 13, 2.75, 13.0625], "texture": "#0"}
			}
		},
		{
			"name": "hexadecagon",
			"from": [13, 7.50272, -1],
			"to": [13.5, 8.49728, -0.5],
			"rotation": {"angle": 45, "axis": "z", "origin": [11, 8, -0.75]},
			"faces": {
				"north": {"uv": [12.875, 10, 12.9375, 10.125], "texture": "#0"},
				"east": {"uv": [10.125, 12.875, 10.1875, 13], "texture": "#0"},
				"south": {"uv": [12.875, 10.125, 12.9375, 10.25], "texture": "#0"},
				"west": {"uv": [10.25, 12.875, 10.3125, 13], "texture": "#0"},
				"up": {"uv": [13.0625, 2.8125, 13, 2.75], "texture": "#0"},
				"down": {"uv": [2.9375, 13, 2.875, 13.0625], "texture": "#0"}
			}
		},
		{
			"name": "hexadecagon",
			"from": [13, 7.50272, -1],
			"to": [13.5, 8.49728, -0.5],
			"rotation": {"angle": 22.5, "axis": "z", "origin": [11, 8, -0.75]},
			"faces": {
				"north": {"uv": [12.875, 10.25, 12.9375, 10.375], "texture": "#0"},
				"east": {"uv": [12.875, 10.375, 12.9375, 10.5], "texture": "#0"},
				"south": {"uv": [10.5, 12.875, 10.5625, 13], "texture": "#0"},
				"west": {"uv": [12.875, 10.5, 12.9375, 10.625], "texture": "#0"},
				"up": {"uv": [13.0625, 2.9375, 13, 2.875], "texture": "#0"},
				"down": {"uv": [3.0625, 13, 3, 13.0625], "texture": "#0"}
			}
		},
		{
			"name": "hexadecagon",
			"from": [10.50272, 10, -1],
			"to": [11.49728, 10.5, -0.5],
			"rotation": {"angle": 22.5, "axis": "z", "origin": [11, 8, -0.75]},
			"faces": {
				"north": {"uv": [10.625, 12.875, 10.75, 12.9375], "texture": "#0"},
				"east": {"uv": [13, 3, 13.0625, 3.0625], "texture": "#0"},
				"south": {"uv": [12.875, 10.625, 13, 10.6875], "texture": "#0"},
				"west": {"uv": [3.125, 13, 3.1875, 13.0625], "texture": "#0"},
				"up": {"uv": [10.875, 12.9375, 10.75, 12.875], "texture": "#0"},
				"down": {"uv": [11, 12.875, 10.875, 12.9375], "texture": "#0"}
			}
		},
		{
			"name": "hexadecagon",
			"from": [10.50272, 10, -1],
			"to": [11.49728, 10.5, -0.5],
			"rotation": {"angle": 0, "axis": "x", "origin": [11, 8, -0.75]},
			"faces": {
				"north": {"uv": [12.875, 10.875, 13, 10.9375], "texture": "#0"},
				"east": {"uv": [13, 3.125, 13.0625, 3.1875], "texture": "#0"},
				"south": {"uv": [11, 12.875, 11.125, 12.9375], "texture": "#0"},
				"west": {"uv": [3.25, 13, 3.3125, 13.0625], "texture": "#0"},
				"up": {"uv": [13, 11.0625, 12.875, 11], "texture": "#0"},
				"down": {"uv": [11.25, 12.875, 11.125, 12.9375], "texture": "#0"}
			}
		},
		{
			"name": "hexadecagon",
			"from": [10.50272, 10, -1],
			"to": [11.49728, 10.5, -0.5],
			"rotation": {"angle": -22.5, "axis": "z", "origin": [11, 8, -0.75]},
			"faces": {
				"north": {"uv": [12.875, 11.125, 13, 11.1875], "texture": "#0"},
				"east": {"uv": [13, 3.25, 13.0625, 3.3125], "texture": "#0"},
				"south": {"uv": [11.25, 12.875, 11.375, 12.9375], "texture": "#0"},
				"west": {"uv": [3.375, 13, 3.4375, 13.0625], "texture": "#0"},
				"up": {"uv": [13, 11.3125, 12.875, 11.25], "texture": "#0"},
				"down": {"uv": [13, 11.375, 12.875, 11.4375], "texture": "#0"}
			}
		},
		{
			"from": [7, 4.5, -3],
			"to": [9, 10.5, 0],
			"rotation": {"angle": 22.5, "axis": "x", "origin": [0, -0.5, 0]},
			"faces": {
				"north": {"uv": [3.25, 3.5, 3.5, 4.25], "texture": "#0"},
				"east": {"uv": [7.125, 10.25, 7.5, 11], "texture": "#0"},
				"south": {"uv": [1.5, 5.25, 1.75, 6], "texture": "#0"},
				"west": {"uv": [10.75, 6.5, 11.125, 7.25], "texture": "#0"},
				"up": {"uv": [12.25, 0.625, 12, 0.25], "texture": "#0"},
				"down": {"uv": [5.375, 12, 5.125, 12.375], "texture": "#0"}
			}
		},
		{
			"from": [7, 7, -3.25],
			"to": [9, 7.5, -3],
			"rotation": {"angle": 22.5, "axis": "x", "origin": [0, -0.5, 0]},
			"faces": {
				"north": {"uv": [12.875, 5.25, 13.125, 5.3125], "texture": "#0"},
				"east": {"uv": [13, 4.875, 13.03125, 4.9375], "texture": "#0"},
				"south": {"uv": [12.875, 5.375, 13.125, 5.4375], "texture": "#0"},
				"west": {"uv": [5, 13, 5.03125, 13.0625], "texture": "#0"},
				"up": {"uv": [13.125, 11.53125, 12.875, 11.5], "texture": "#0"},
				"down": {"uv": [13.125, 11.625, 12.875, 11.65625], "texture": "#0"}
			}
		},
		{
			"from": [7, 7.75, -3.25],
			"to": [9, 8.25, -3],
			"rotation": {"angle": 22.5, "axis": "x", "origin": [0, -0.5, 0]},
			"faces": {
				"north": {"uv": [12.875, 5.5, 13.125, 5.5625], "texture": "#0"},
				"east": {"uv": [13, 5, 13.03125, 5.0625], "texture": "#0"},
				"south": {"uv": [5.625, 12.875, 5.875, 12.9375], "texture": "#0"},
				"west": {"uv": [5.125, 13, 5.15625, 13.0625], "texture": "#0"},
				"up": {"uv": [13.125, 11.78125, 12.875, 11.75], "texture": "#0"},
				"down": {"uv": [13.125, 11.875, 12.875, 11.90625], "texture": "#0"}
			}
		},
		{
			"from": [7, 8.5, -3.25],
			"to": [9, 9, -3],
			"rotation": {"angle": 22.5, "axis": "x", "origin": [0, -0.5, 0]},
			"faces": {
				"north": {"uv": [12.875, 5.625, 13.125, 5.6875], "texture": "#0"},
				"east": {"uv": [13, 5.125, 13.03125, 5.1875], "texture": "#0"},
				"south": {"uv": [12.875, 5.75, 13.125, 5.8125], "texture": "#0"},
				"west": {"uv": [5.25, 13, 5.28125, 13.0625], "texture": "#0"},
				"up": {"uv": [13.125, 12.03125, 12.875, 12], "texture": "#0"},
				"down": {"uv": [13.125, 12.125, 12.875, 12.15625], "texture": "#0"}
			}
		},
		{
			"name": "hexadecagon",
			"from": [9, 3.95163, -1],
			"to": [9.5, 4.54837, 1.5],
			"rotation": {"angle": 22.5, "axis": "z", "origin": [8, 4.25, -0.75]},
			"faces": {
				"north": {"uv": [13, 3.375, 13.0625, 3.4375], "texture": "#0"},
				"east": {"uv": [12.5, 11.75, 12.8125, 11.8125], "texture": "#0"},
				"south": {"uv": [3.5, 13, 3.5625, 13.0625], "texture": "#0"},
				"west": {"uv": [11.875, 12.5, 12.1875, 12.5625], "texture": "#0"},
				"up": {"uv": [12.3125, 12.8125, 12.25, 12.5], "texture": "#0"},
				"down": {"uv": [12.4375, 12.5, 12.375, 12.8125], "texture": "#0"}
			}
		},
		{
			"name": "hexadecagon",
			"from": [9, 3.95163, -1],
			"to": [9.5, 4.54837, 1.5],
			"rotation": {"angle": 45, "axis": "z", "origin": [8, 4.25, -0.75]},
			"faces": {
				"north": {"uv": [13, 3.5, 13.0625, 3.5625], "texture": "#0"},
				"east": {"uv": [12.5, 12.5, 12.8125, 12.5625], "texture": "#0"},
				"south": {"uv": [3.625, 13, 3.6875, 13.0625], "texture": "#0"},
				"west": {"uv": [0, 12.625, 0.3125, 12.6875], "texture": "#0"},
				"up": {"uv": [1.0625, 12.9375, 1, 12.625], "texture": "#0"},
				"down": {"uv": [1.1875, 12.625, 1.125, 12.9375], "texture": "#0"}
			}
		},
		{
			"name": "hexadecagon",
			"from": [6.5, 3.95163, -1],
			"to": [7, 4.54837, 1.5],
			"rotation": {"angle": -45, "axis": "z", "origin": [8, 4.25, -0.75]},
			"faces": {
				"north": {"uv": [13, 3.625, 13.0625, 3.6875], "texture": "#0"},
				"east": {"uv": [12.625, 0.25, 12.9375, 0.3125], "texture": "#0"},
				"south": {"uv": [3.75, 13, 3.8125, 13.0625], "texture": "#0"},
				"west": {"uv": [12.625, 0.375, 12.9375, 0.4375], "texture": "#0"},
				"up": {"uv": [1.3125, 12.9375, 1.25, 12.625], "texture": "#0"},
				"down": {"uv": [1.4375, 12.625, 1.375, 12.9375], "texture": "#0"}
			}
		},
		{
			"name": "hexadecagon",
			"from": [6.5, 3.95163, -1],
			"to": [7, 4.54837, 1.5],
			"rotation": {"angle": -22.5, "axis": "z", "origin": [8, 4.25, -0.75]},
			"faces": {
				"north": {"uv": [13, 3.75, 13.0625, 3.8125], "texture": "#0"},
				"east": {"uv": [1.5, 12.625, 1.8125, 12.6875], "texture": "#0"},
				"south": {"uv": [3.875, 13, 3.9375, 13.0625], "texture": "#0"},
				"west": {"uv": [1.875, 12.625, 2.1875, 12.6875], "texture": "#0"},
				"up": {"uv": [2.3125, 12.9375, 2.25, 12.625], "texture": "#0"},
				"down": {"uv": [2.4375, 12.625, 2.375, 12.9375], "texture": "#0"}
			}
		},
		{
			"name": "hexadecagon",
			"from": [5.95807, 0.14057, -1],
			"to": [6.45807, 3.73731, 1.5],
			"rotation": {"angle": -45, "axis": "z", "origin": [7.45807, 3.43894, -0.75]},
			"faces": {
				"north": {"uv": [5.875, 12.5, 5.9375, 12.9375], "texture": "#0"},
				"east": {"uv": [11.5, 4.5, 11.8125, 4.9375], "texture": "#0"},
				"south": {"uv": [6.5, 12.5, 6.5625, 12.9375], "texture": "#0"},
				"west": {"uv": [4.875, 11.5, 5.1875, 11.9375], "texture": "#0"},
				"up": {"uv": [12.6875, 2.6875, 12.625, 2.375], "texture": "#0"},
				"down": {"uv": [12.6875, 2.75, 12.625, 3.0625], "texture": "#0"}
			}
		},
		{
			"name": "hexadecagon",
			"from": [9.54193, 0.14057, -1],
			"to": [10.04193, 3.73731, 1.5],
			"rotation": {"angle": 45, "axis": "z", "origin": [8.54193, 3.43894, -0.75]},
			"faces": {
				"north": {"uv": [6.625, 12.5, 6.6875, 12.9375], "texture": "#0"},
				"east": {"uv": [5.25, 11.5, 5.5625, 11.9375], "texture": "#0"},
				"south": {"uv": [6.75, 12.5, 6.8125, 12.9375], "texture": "#0"},
				"west": {"uv": [5.625, 11.5, 5.9375, 11.9375], "texture": "#0"},
				"up": {"uv": [12.6875, 3.4375, 12.625, 3.125], "texture": "#0"},
				"down": {"uv": [3.8125, 12.625, 3.75, 12.9375], "texture": "#0"}
			}
		},
		{
			"name": "hexadecagon",
			"from": [7.70163, 5.25, -1],
			"to": [8.29837, 5.75, 1.5],
			"rotation": {"angle": -22.5, "axis": "z", "origin": [8, 4.25, -0.75]},
			"faces": {
				"north": {"uv": [13, 3.875, 13.0625, 3.9375], "texture": "#0"},
				"east": {"uv": [3.875, 12.625, 4.1875, 12.6875], "texture": "#0"},
				"south": {"uv": [4, 13, 4.0625, 13.0625], "texture": "#0"},
				"west": {"uv": [4.25, 12.625, 4.5625, 12.6875], "texture": "#0"},
				"up": {"uv": [12.6875, 4.5625, 12.625, 4.25], "texture": "#0"},
				"down": {"uv": [4.6875, 12.625, 4.625, 12.9375], "texture": "#0"}
			}
		},
		{
			"name": "hexadecagon",
			"from": [7.70163, 5.25, -1],
			"to": [8.29837, 5.75, 1.5],
			"rotation": {"angle": 0, "axis": "x", "origin": [8, 4.25, -0.75]},
			"faces": {
				"north": {"uv": [13, 4, 13.0625, 4.0625], "texture": "#0"},
				"east": {"uv": [12.625, 4.625, 12.9375, 4.6875], "texture": "#0"},
				"south": {"uv": [4.125, 13, 4.1875, 13.0625], "texture": "#0"},
				"west": {"uv": [12.625, 4.75, 12.9375, 4.8125], "texture": "#0"},
				"up": {"uv": [5.1875, 12.9375, 5.125, 12.625], "texture": "#0"},
				"down": {"uv": [5.3125, 12.625, 5.25, 12.9375], "texture": "#0"}
			}
		},
		{
			"name": "hexadecagon",
			"from": [4.06511, 1.6673, -1],
			"to": [11.93311, 2.1673, 1.5],
			"rotation": {"angle": 0, "axis": "x", "origin": [11.61348, 3.6673, -0.75]},
			"faces": {
				"north": {"uv": [11.125, 6.125, 12.09375, 6.1875], "texture": "#0"},
				"east": {"uv": [12.625, 4.875, 12.9375, 4.9375], "texture": "#0"},
				"south": {"uv": [12.125, 6.125, 13.09375, 6.1875], "texture": "#0"},
				"west": {"uv": [6, 12.625, 6.3125, 12.6875], "texture": "#0"},
				"up": {"uv": [3.96875, 8.9375, 3, 8.625], "texture": "#0"},
				"down": {"uv": [2.71875, 10.375, 1.75, 10.6875], "texture": "#0"}
			}
		},
		{
			"name": "hexadecagon",
			"from": [4.06511, 1.1673, 0.25],
			"to": [11.93311, 1.6673, 1.5],
			"rotation": {"angle": 0, "axis": "x", "origin": [11.61348, 3.6673, -0.75]},
			"faces": {
				"north": {"uv": [12.125, 10.75, 13.09375, 10.8125], "texture": "#0"},
				"east": {"uv": [12.875, 7.375, 13.03125, 7.4375], "texture": "#0"},
				"south": {"uv": [12.25, 0.5, 13.21875, 0.5625], "texture": "#0"},
				"west": {"uv": [12.875, 7.5, 13.03125, 7.5625], "texture": "#0"},
				"up": {"uv": [6.96875, 11.15625, 6, 11], "texture": "#0"},
				"down": {"uv": [11.96875, 11.375, 11, 11.53125], "texture": "#0"}
			}
		},
		{
			"name": "hexadecagon",
			"from": [6.46511, 3.9173, -0.25],
			"to": [9.53311, 4.4173, 1.5],
			"rotation": {"angle": 0, "axis": "x", "origin": [11.61348, 3.6673, -0.75]},
			"faces": {
				"north": {"uv": [11.375, 12.5, 11.75, 12.5625], "texture": "#0"},
				"east": {"uv": [12.875, 7.125, 13.09375, 7.1875], "texture": "#0"},
				"south": {"uv": [12.5, 11.625, 12.875, 11.6875], "texture": "#0"},
				"west": {"uv": [12.875, 7.25, 13.09375, 7.3125], "texture": "#0"},
				"up": {"uv": [8.875, 12.21875, 8.5, 12], "texture": "#0"},
				"down": {"uv": [9.25, 12, 8.875, 12.21875], "texture": "#0"}
			}
		},
		{
			"name": "hexadecagon",
			"from": [5.96511, 2.1673, 0.75],
			"to": [10.03311, 3.9173, 1.5],
			"rotation": {"angle": 0, "axis": "x", "origin": [11.61348, 3.6673, -0.75]},
			"faces": {
				"north": {"uv": [11.5, 10.875, 12, 11.09375], "texture": "#0"},
				"east": {"uv": [1.625, 11.125, 1.71875, 11.34375], "texture": "#0"},
				"south": {"uv": [11.5, 11.125, 12, 11.34375], "texture": "#0"},
				"west": {"uv": [11.75, 12.5, 11.84375, 12.71875], "texture": "#0"},
				"up": {"uv": [11.875, 9.84375, 11.375, 9.75], "texture": "#0"},
				"down": {"uv": [12.875, 4.125, 12.375, 4.21875], "texture": "#0"}
			}
		},
		{
			"name": "hexadecagon",
			"from": [10.03311, 2.1673, 0.75],
			"to": [11.25111, 2.8173, 1.5],
			"rotation": {"angle": 0, "axis": "x", "origin": [11.68148, 3.6673, -0.75]},
			"faces": {
				"north": {"uv": [12.875, 5.875, 13.03125, 5.96875], "texture": "#0"},
				"east": {"uv": [6.25, 12.875, 6.34375, 12.96875], "texture": "#0"},
				"south": {"uv": [6, 12.875, 6.15625, 12.96875], "texture": "#0"},
				"west": {"uv": [7.625, 12.875, 7.71875, 12.96875], "texture": "#0"},
				"up": {"uv": [13.03125, 6.09375, 12.875, 6], "texture": "#0"},
				"down": {"uv": [13.03125, 6.5, 12.875, 6.59375], "texture": "#0"}
			}
		},
		{
			"name": "hexadecagon",
			"from": [4.74889, 2.1673, 0.75],
			"to": [5.96689, 2.8173, 1.5],
			"rotation": {"angle": 0, "axis": "x", "origin": [4.31852, 3.6673, -0.75]},
			"faces": {
				"north": {"uv": [12.875, 6.625, 13.03125, 6.71875], "texture": "#0"},
				"east": {"uv": [12.875, 7.625, 12.96875, 7.71875], "texture": "#0"},
				"south": {"uv": [12.875, 6.75, 13.03125, 6.84375], "texture": "#0"},
				"west": {"uv": [7.75, 12.875, 7.84375, 12.96875], "texture": "#0"},
				"up": {"uv": [13.03125, 6.96875, 12.875, 6.875], "texture": "#0"},
				"down": {"uv": [13.03125, 7, 12.875, 7.09375], "texture": "#0"}
			}
		},
		{
			"name": "hexadecagon",
			"from": [10.03311, 2.8173, 0.75],
			"to": [10.65111, 3.3673, 1.5],
			"rotation": {"angle": 0, "axis": "x", "origin": [11.68148, 3.5673, -0.75]},
			"faces": {
				"north": {"uv": [13, 4.125, 13.0625, 4.1875], "texture": "#0"},
				"east": {"uv": [13, 1.375, 13.09375, 1.4375], "texture": "#0"},
				"south": {"uv": [4.25, 13, 4.3125, 13.0625], "texture": "#0"},
				"west": {"uv": [1.5, 13, 1.59375, 13.0625], "texture": "#0"},
				"up": {"uv": [13.0625, 1.59375, 13, 1.5], "texture": "#0"},
				"down": {"uv": [1.6875, 13, 1.625, 13.09375], "texture": "#0"}
			}
		},
		{
			"name": "hexadecagon",
			"from": [5.44889, 2.8173, 0.75],
			"to": [5.96689, 3.4673, 1.5],
			"rotation": {"angle": 0, "axis": "x", "origin": [4.31852, 3.5673, -0.75]},
			"faces": {
				"north": {"uv": [13, 1.625, 13.0625, 1.71875], "texture": "#0"},
				"east": {"uv": [12.875, 7.75, 12.96875, 7.84375], "texture": "#0"},
				"south": {"uv": [1.75, 13, 1.8125, 13.09375], "texture": "#0"},
				"west": {"uv": [7.875, 12.875, 7.96875, 12.96875], "texture": "#0"},
				"up": {"uv": [13.0625, 1.84375, 13, 1.75], "texture": "#0"},
				"down": {"uv": [1.9375, 13, 1.875, 13.09375], "texture": "#0"}
			}
		},
		{
			"name": "hexadecagon",
			"from": [7.70163, 5.25, -1],
			"to": [8.29837, 5.75, 1.5],
			"rotation": {"angle": 22.5, "axis": "z", "origin": [8, 4.25, -0.75]},
			"faces": {
				"north": {"uv": [13, 4.25, 13.0625, 4.3125], "texture": "#0"},
				"east": {"uv": [12.625, 6.25, 12.9375, 6.3125], "texture": "#0"},
				"south": {"uv": [4.375, 13, 4.4375, 13.0625], "texture": "#0"},
				"west": {"uv": [12.625, 6.375, 12.9375, 6.4375], "texture": "#0"},
				"up": {"uv": [5.4375, 12.9375, 5.375, 12.625], "texture": "#0"},
				"down": {"uv": [5.5625, 12.625, 5.5, 12.9375], "texture": "#0"}
			}
		},
		{
			"name": "hexadecagon",
			"from": [7.06511, 2.7223, -0.79015],
			"to": [7.68311, 5.1223, -0.29015],
			"rotation": {"angle": 22.5, "axis": "x", "origin": [11.61348, 2.9723, -2.29015]},
			"faces": {
				"north": {"uv": [6.375, 12.625, 6.4375, 12.9375], "texture": "#0"},
				"east": {"uv": [6.875, 12.625, 6.9375, 12.9375], "texture": "#0"},
				"south": {"uv": [7, 12.625, 7.0625, 12.9375], "texture": "#0"},
				"west": {"uv": [7.125, 12.625, 7.1875, 12.9375], "texture": "#0"},
				"up": {"uv": [13.0625, 4.4375, 13, 4.375], "texture": "#0"},
				"down": {"uv": [4.5625, 13, 4.5, 13.0625], "texture": "#0"}
			}
		},
		{
			"name": "hexadecagon",
			"from": [5.81511, 2.7223, -0.79015],
			"to": [6.43311, 4.8723, -0.29015],
			"rotation": {"angle": 22.5, "axis": "x", "origin": [11.61348, 2.9723, -2.29015]},
			"faces": {
				"north": {"uv": [10.375, 12.625, 10.4375, 12.90625], "texture": "#0"},
				"east": {"uv": [12.625, 10.875, 12.6875, 11.15625], "texture": "#0"},
				"south": {"uv": [12.625, 11.25, 12.6875, 11.53125], "texture": "#0"},
				"west": {"uv": [11.375, 12.625, 11.4375, 12.90625], "texture": "#0"},
				"up": {"uv": [13.0625, 4.5625, 13, 4.5], "texture": "#0"},
				"down": {"uv": [4.6875, 13, 4.625, 13.0625], "texture": "#0"}
			}
		},
		{
			"name": "hexadecagon",
			"from": [9.56689, 2.7223, -0.79015],
			"to": [10.18489, 4.8723, -0.29015],
			"rotation": {"angle": 22.5, "axis": "x", "origin": [4.38652, 2.9723, -2.29015]},
			"faces": {
				"north": {"uv": [11.5, 12.625, 11.5625, 12.90625], "texture": "#0"},
				"east": {"uv": [11.625, 12.625, 11.6875, 12.90625], "texture": "#0"},
				"south": {"uv": [11.875, 12.625, 11.9375, 12.90625], "texture": "#0"},
				"west": {"uv": [12, 12.625, 12.0625, 12.90625], "texture": "#0"},
				"up": {"uv": [13.0625, 4.6875, 13, 4.625], "texture": "#0"},
				"down": {"uv": [4.8125, 13, 4.75, 13.0625], "texture": "#0"}
			}
		},
		{
			"name": "hexadecagon",
			"from": [8.31689, 2.7223, -0.79015],
			"to": [8.93489, 5.1223, -0.29015],
			"rotation": {"angle": 22.5, "axis": "x", "origin": [4.38652, 2.9723, -2.29015]},
			"faces": {
				"north": {"uv": [7.25, 12.625, 7.3125, 12.9375], "texture": "#0"},
				"east": {"uv": [7.375, 12.625, 7.4375, 12.9375], "texture": "#0"},
				"south": {"uv": [7.5, 12.625, 7.5625, 12.9375], "texture": "#0"},
				"west": {"uv": [8, 12.625, 8.0625, 12.9375], "texture": "#0"},
				"up": {"uv": [13.0625, 4.8125, 13, 4.75], "texture": "#0"},
				"down": {"uv": [4.9375, 13, 4.875, 13.0625], "texture": "#0"}
			}
		},
		{
			"name": "hexadecagon",
			"from": [4.06511, 1.41939, -0.25366],
			"to": [11.93311, 1.91939, 1.89634],
			"rotation": {"angle": 22.5, "axis": "x", "origin": [11.61348, 3.41939, -0.00366]},
			"faces": {
				"north": {"uv": [12.25, 9, 13.21875, 9.0625], "texture": "#0"},
				"east": {"uv": [12.625, 9.75, 12.90625, 9.8125], "texture": "#0"},
				"south": {"uv": [12.25, 9.125, 13.21875, 9.1875], "texture": "#0"},
				"west": {"uv": [12.625, 12.375, 12.90625, 12.4375], "texture": "#0"},
				"up": {"uv": [11.71875, 7.53125, 10.75, 7.25], "texture": "#0"},
				"down": {"uv": [11.71875, 7.625, 10.75, 7.90625], "texture": "#0"}
			}
		},
		{
			"name": "hexadecagon",
			"from": [6.25272, 4.07612, 0.11732],
			"to": [9.74728, 6.82612, 2.11732],
			"rotation": {"angle": 0, "axis": "x", "origin": [5, 9.07612, -0.38268]},
			"faces": {
				"north": {"uv": [1.75, 11.5, 2.1875, 11.84375], "texture": "#0"},
				"east": {"uv": [5.375, 12, 5.625, 12.34375], "texture": "#0"},
				"south": {"uv": [2.25, 11.5, 2.6875, 11.84375], "texture": "#0"},
				"west": {"uv": [5.625, 12, 5.875, 12.34375], "texture": "#0"},
				"up": {"uv": [7.6875, 11.875, 7.25, 11.625], "texture": "#0"},
				"down": {"uv": [8.1875, 11.625, 7.75, 11.875], "texture": "#0"}
			}
		},
		{
			"name": "hexadecagon",
			"from": [1.75272, 13.26851, -3.65476],
			"to": [5.44728, 16.26851, -0.65476],
			"rotation": {"angle": -45, "axis": "x", "origin": [5, 13.76851, 11.84524]},
			"faces": {
				"north": {"uv": [11.375, 1.625, 11.84375, 2], "texture": "#0"},
				"east": {"uv": [3.75, 11.5, 4.125, 11.875], "texture": "#0"},
				"south": {"uv": [11.375, 2, 11.84375, 2.375], "texture": "#0"},
				"west": {"uv": [4.125, 11.5, 4.5, 11.875], "texture": "#0"},
				"up": {"uv": [11.84375, 8.75, 11.375, 8.375], "texture": "#0"},
				"down": {"uv": [9.46875, 11.375, 9, 11.75], "texture": "#0"}
			}
		},
		{
			"name": "hexadecagon",
			"from": [10.55272, 13.26851, -3.65476],
			"to": [14.24728, 16.26851, -0.65476],
			"rotation": {"angle": -45, "axis": "x", "origin": [11, 13.76851, 11.84524]},
			"faces": {
				"north": {"uv": [11.375, 9, 11.84375, 9.375], "texture": "#0"},
				"east": {"uv": [11.5, 4.125, 11.875, 4.5], "texture": "#0"},
				"south": {"uv": [11.375, 9.375, 11.84375, 9.75], "texture": "#0"},
				"west": {"uv": [4.5, 11.5, 4.875, 11.875], "texture": "#0"},
				"up": {"uv": [9.96875, 11.75, 9.5, 11.375], "texture": "#0"},
				"down": {"uv": [10.46875, 11.375, 10, 11.75], "texture": "#0"}
			}
		},
		{
			"name": "hexadecagon",
			"from": [5.44728, 14.76851, -3.65476],
			"to": [6.24728, 16.26851, -0.65476],
			"rotation": {"angle": -45, "axis": "x", "origin": [4.94456, 13.76851, 11.84524]},
			"faces": {
				"north": {"uv": [12.625, 12.625, 12.71875, 12.8125], "texture": "#0"},
				"east": {"uv": [12, 11.875, 12.375, 12.0625], "texture": "#0"},
				"south": {"uv": [0, 12.75, 0.09375, 12.9375], "texture": "#0"},
				"west": {"uv": [1, 12.125, 1.375, 12.3125], "texture": "#0"},
				"up": {"uv": [12.59375, 3.125, 12.5, 2.75], "texture": "#0"},
				"down": {"uv": [12.59375, 3.125, 12.5, 3.5], "texture": "#0"}
			}
		},
		{
			"name": "hexadecagon",
			"from": [9.75272, 14.76851, -3.65476],
			"to": [10.55272, 16.26851, -0.65476],
			"rotation": {"angle": -45, "axis": "x", "origin": [11.05544, 13.76851, 11.84524]},
			"faces": {
				"north": {"uv": [0.125, 12.75, 0.21875, 12.9375], "texture": "#0"},
				"east": {"uv": [1.375, 12.125, 1.75, 12.3125], "texture": "#0"},
				"south": {"uv": [0.25, 12.75, 0.34375, 12.9375], "texture": "#0"},
				"west": {"uv": [1.75, 12.125, 2.125, 12.3125], "texture": "#0"},
				"up": {"uv": [4.96875, 12.875, 4.875, 12.5], "texture": "#0"},
				"down": {"uv": [5.09375, 12.5, 5, 12.875], "texture": "#0"}
			}
		},
		{
			"name": "hexadecagon",
			"from": [1.75272, 4.04224, 0.80133],
			"to": [6.24728, 11.04224, 3.80133],
			"rotation": {"angle": 22.5, "axis": "x", "origin": [5, 8.54224, 1.30133]},
			"faces": {
				"north": {"uv": [7.5, 9.125, 8.0625, 10], "texture": "#0"},
				"east": {"uv": [8, 10, 8.375, 10.875], "texture": "#0"},
				"south": {"uv": [8.125, 9.125, 8.6875, 10], "texture": "#0"},
				"west": {"uv": [8.375, 10, 8.75, 10.875], "texture": "#0"},
				"up": {"uv": [8.1875, 11.625, 7.625, 11.25], "texture": "#0"},
				"down": {"uv": [0.5625, 11.375, 0, 11.75], "texture": "#0"}
			}
		},
		{
			"name": "hexadecagon",
			"from": [9.75272, 4.04224, 0.80133],
			"to": [14.24728, 11.04224, 3.80133],
			"rotation": {"angle": 22.5, "axis": "x", "origin": [11, 8.54224, 1.30133]},
			"faces": {
				"north": {"uv": [8.75, 9.125, 9.3125, 10], "texture": "#0"},
				"east": {"uv": [8.75, 10, 9.125, 10.875], "texture": "#0"},
				"south": {"uv": [0, 9.375, 0.5625, 10.25], "texture": "#0"},
				"west": {"uv": [0, 10.25, 0.375, 11.125], "texture": "#0"},
				"up": {"uv": [11.9375, 0.625, 11.375, 0.25], "texture": "#0"},
				"down": {"uv": [1.1875, 11.375, 0.625, 11.75], "texture": "#0"}
			}
		},
		{
			"from": [1, 0, 1],
			"to": [15, 14, 15],
			"faces": {
				"north": {"uv": [0, 0, 1.75, 1.75], "texture": "#0"},
				"east": {"uv": [0, 1.75, 1.75, 3.5], "texture": "#0"},
				"south": {"uv": [1.75, 0, 3.5, 1.75], "texture": "#0"},
				"west": {"uv": [1.75, 1.75, 3.5, 3.5], "texture": "#0"},
				"up": {"uv": [1.75, 5.25, 0, 3.5], "texture": "#0"},
				"down": {"uv": [5.25, 0, 3.5, 1.75], "texture": "#0"}
			}
		},
		{
			"name": "hexadecagon",
			"from": [6.20979, 14.4, -1],
			"to": [9.79021, 16.425, 17],
			"rotation": {"angle": -45, "axis": "y", "origin": [8, 14.85, 8]},
			"faces": {
				"north": {"uv": [11, 11.625, 11.4375, 11.875], "texture": "#0"},
				"east": {"uv": [7.875, 3.875, 10.125, 4.125], "texture": "#0"},
				"south": {"uv": [11.5, 11.625, 11.9375, 11.875], "texture": "#0"},
				"west": {"uv": [8.375, 2.375, 10.625, 2.625], "texture": "#0"},
				"up": {"uv": [1.4375, 7.5, 1, 5.25], "texture": "#0"},
				"down": {"uv": [5.6875, 4.25, 5.25, 6.5], "texture": "#0"}
			}
		},
		{
			"name": "hexadecagon",
			"from": [6.20979, 14.4, -1],
			"to": [9.79021, 16.425, 17],
			"rotation": {"angle": -22.5, "axis": "y", "origin": [8, 14.85, 8]},
			"faces": {
				"north": {"uv": [7, 11, 7.4375, 11.25], "texture": "#0"},
				"east": {"uv": [5.25, 1.5, 7.5, 1.75], "texture": "#0"},
				"south": {"uv": [8.5, 11.5, 8.9375, 11.75], "texture": "#0"},
				"west": {"uv": [7.875, 3.625, 10.125, 3.875], "texture": "#0"},
				"up": {"uv": [0.4375, 7.5, 0, 5.25], "texture": "#0"},
				"down": {"uv": [0.9375, 5.25, 0.5, 7.5], "texture": "#0"}
			}
		},
		{
			"name": "hexadecagon",
			"from": [6.20979, 14.4, -1],
			"to": [9.79021, 16.425, 17],
			"rotation": {"angle": 0, "axis": "x", "origin": [8, 14.85, 8]},
			"faces": {
				"north": {"uv": [0, 11.75, 0.4375, 12], "texture": "#0"},
				"east": {"uv": [8.375, 2.625, 10.625, 2.875], "texture": "#0"},
				"south": {"uv": [0.5, 11.75, 0.9375, 12], "texture": "#0"},
				"west": {"uv": [8.375, 2.875, 10.625, 3.125], "texture": "#0"},
				"up": {"uv": [6.1875, 6.5, 5.75, 4.25], "texture": "#0"},
				"down": {"uv": [1.9375, 6, 1.5, 8.25], "texture": "#0"}
			}
		},
		{
			"name": "hexadecagon",
			"from": [6.20979, 14.4, -1],
			"to": [9.79021, 16.425, 17],
			"rotation": {"angle": 22.5, "axis": "y", "origin": [8, 14.85, 8]},
			"faces": {
				"north": {"uv": [11.75, 7.25, 12.1875, 7.5], "texture": "#0"},
				"east": {"uv": [8.375, 3.125, 10.625, 3.375], "texture": "#0"},
				"south": {"uv": [11.75, 7.5, 12.1875, 7.75], "texture": "#0"},
				"west": {"uv": [8.375, 3.375, 10.625, 3.625], "texture": "#0"},
				"up": {"uv": [2.4375, 8.25, 2, 6], "texture": "#0"},
				"down": {"uv": [2.9375, 6, 2.5, 8.25], "texture": "#0"}
			}
		},
		{
			"name": "hexadecagon",
			"from": [6.20979, 14.4, -1],
			"to": [9.79021, 16.425, 17],
			"rotation": {"angle": 45, "axis": "y", "origin": [8, 14.85, 8]},
			"faces": {
				"north": {"uv": [11.75, 7.75, 12.1875, 8], "texture": "#0"},
				"east": {"uv": [8.5, 6.375, 10.75, 6.625], "texture": "#0"},
				"south": {"uv": [11.75, 8, 12.1875, 8.25], "texture": "#0"},
				"west": {"uv": [8.5, 6.625, 10.75, 6.875], "texture": "#0"},
				"up": {"uv": [6.6875, 6.5, 6.25, 4.25], "texture": "#0"},
				"down": {"uv": [5.6875, 6.5, 5.25, 8.75], "texture": "#0"}
			}
		},
		{
			"name": "hexadecagon",
			"from": [-1, 14.4, 6.20979],
			"to": [17, 16.425, 9.79021],
			"rotation": {"angle": -22.5, "axis": "y", "origin": [8, 14.85, 8]},
			"faces": {
				"north": {"uv": [8.5, 6.875, 10.75, 7.125], "texture": "#0"},
				"east": {"uv": [8.5, 11.75, 8.9375, 12], "texture": "#0"},
				"south": {"uv": [8.5, 7.125, 10.75, 7.375], "texture": "#0"},
				"west": {"uv": [9, 11.75, 9.4375, 12], "texture": "#0"},
				"up": {"uv": [7.5, 0.9375, 5.25, 0.5], "texture": "#0"},
				"down": {"uv": [7.5, 1, 5.25, 1.4375], "texture": "#0"}
			}
		},
		{
			"name": "hexadecagon",
			"from": [-1, 14.4, 6.20979],
			"to": [17, 16.425, 9.79021],
			"rotation": {"angle": 0, "axis": "x", "origin": [8, 14.85, 8]},
			"faces": {
				"north": {"uv": [8.5, 7.375, 10.75, 7.625], "texture": "#0"},
				"east": {"uv": [9.5, 11.75, 9.9375, 12], "texture": "#0"},
				"south": {"uv": [8.5, 7.625, 10.75, 7.875], "texture": "#0"},
				"west": {"uv": [10, 11.75, 10.4375, 12], "texture": "#0"},
				"up": {"uv": [8, 6.9375, 5.75, 6.5], "texture": "#0"},
				"down": {"uv": [5.25, 6.75, 3, 7.1875], "texture": "#0"}
			}
		},
		{
			"name": "hexadecagon",
			"from": [-1, 14.4, 6.20979],
			"to": [17, 16.425, 9.79021],
			"rotation": {"angle": 22.5, "axis": "y", "origin": [8, 14.85, 8]},
			"faces": {
				"north": {"uv": [8.5, 7.875, 10.75, 8.125], "texture": "#0"},
				"east": {"uv": [11.875, 0.625, 12.3125, 0.875], "texture": "#0"},
				"south": {"uv": [8.5, 8.125, 10.75, 8.375], "texture": "#0"},
				"west": {"uv": [11.875, 0.875, 12.3125, 1.125], "texture": "#0"},
				"up": {"uv": [9, 4.6875, 6.75, 4.25], "texture": "#0"},
				"down": {"uv": [9, 4.75, 6.75, 5.1875], "texture": "#0"}
			}
		},
		{
			"name": "hexadecagon",
			"from": [6.03077, 12.6, -1.9],
			"to": [9.96923, 14.4, 17.9],
			"rotation": {"angle": -45, "axis": "y", "origin": [8, 13.95, 8]},
			"faces": {
				"north": {"uv": [1, 11.875, 1.5, 12.09375], "texture": "#0"},
				"east": {"uv": [8.625, 5.25, 11.09375, 5.46875], "texture": "#0"},
				"south": {"uv": [11.875, 1.125, 12.375, 1.34375], "texture": "#0"},
				"west": {"uv": [8.625, 5.5, 11.09375, 5.71875], "texture": "#0"},
				"up": {"uv": [2.25, 5.96875, 1.75, 3.5], "texture": "#0"},
				"down": {"uv": [4, 1.75, 3.5, 4.21875], "texture": "#0"}
			}
		},
		{
			"name": "hexadecagon",
			"from": [6.03077, 12.6, -1.9],
			"to": [9.96923, 14.4, 17.9],
			"rotation": {"angle": -22.5, "axis": "y", "origin": [8, 13.95, 8]},
			"faces": {
				"north": {"uv": [11.875, 1.375, 12.375, 1.59375], "texture": "#0"},
				"east": {"uv": [8.625, 5.75, 11.09375, 5.96875], "texture": "#0"},
				"south": {"uv": [1.5, 11.875, 2, 12.09375], "texture": "#0"},
				"west": {"uv": [8.625, 6, 11.09375, 6.21875], "texture": "#0"},
				"up": {"uv": [2.75, 5.96875, 2.25, 3.5], "texture": "#0"},
				"down": {"uv": [3.25, 3.5, 2.75, 5.96875], "texture": "#0"}
			}
		},
		{
			"name": "hexadecagon",
			"from": [6.03077, 12.6, -1.9],
			"to": [9.96923, 14.4, 17.9],
			"rotation": {"angle": 0, "axis": "x", "origin": [8, 13.95, 8]},
			"faces": {
				"north": {"uv": [11.875, 1.625, 12.375, 1.84375], "texture": "#0"},
				"east": {"uv": [8.875, 1.125, 11.34375, 1.34375], "texture": "#0"},
				"south": {"uv": [11.875, 1.875, 12.375, 2.09375], "texture": "#0"},
				"west": {"uv": [8.875, 1.375, 11.34375, 1.59375], "texture": "#0"},
				"up": {"uv": [4.5, 4.21875, 4, 1.75], "texture": "#0"},
				"down": {"uv": [3.75, 4.25, 3.25, 6.71875], "texture": "#0"}
			}
		},
		{
			"name": "hexadecagon",
			"from": [6.03077, 12.6, -1.9],
			"to": [9.96923, 14.4, 17.9],
			"rotation": {"angle": 22.5, "axis": "y", "origin": [8, 13.95, 8]},
			"faces": {
				"north": {"uv": [2, 11.875, 2.5, 12.09375], "texture": "#0"},
				"east": {"uv": [8.875, 1.625, 11.34375, 1.84375], "texture": "#0"},
				"south": {"uv": [11.875, 2.125, 12.375, 2.34375], "texture": "#0"},
				"west": {"uv": [8.875, 1.875, 11.34375, 2.09375], "texture": "#0"},
				"up": {"uv": [4.25, 6.71875, 3.75, 4.25], "texture": "#0"},
				"down": {"uv": [4.75, 4.25, 4.25, 6.71875], "texture": "#0"}
			}
		},
		{
			"name": "hexadecagon",
			"from": [6.03077, 12.6, -1.9],
			"to": [9.96923, 14.4, 17.9],
			"rotation": {"angle": 45, "axis": "y", "origin": [8, 13.95, 8]},
			"faces": {
				"north": {"uv": [3.75, 11.875, 4.25, 12.09375], "texture": "#0"},
				"east": {"uv": [8.875, 2.125, 11.34375, 2.34375], "texture": "#0"},
				"south": {"uv": [11.875, 4.125, 12.375, 4.34375], "texture": "#0"},
				"west": {"uv": [5.25, 8.875, 7.71875, 9.09375], "texture": "#0"},
				"up": {"uv": [5, 4.21875, 4.5, 1.75], "texture": "#0"},
				"down": {"uv": [5.25, 4.25, 4.75, 6.71875], "texture": "#0"}
			}
		},
		{
			"name": "hexadecagon",
			"from": [-1.9, 12.6, 6.03077],
			"to": [17.9, 14.4, 9.96923],
			"rotation": {"angle": -22.5, "axis": "y", "origin": [8, 13.95, 8]},
			"faces": {
				"north": {"uv": [7.75, 8.875, 10.21875, 9.09375], "texture": "#0"},
				"east": {"uv": [4.25, 11.875, 4.75, 12.09375], "texture": "#0"},
				"south": {"uv": [9, 4.125, 11.46875, 4.34375], "texture": "#0"},
				"west": {"uv": [11.875, 4.375, 12.375, 4.59375], "texture": "#0"},
				"up": {"uv": [7.46875, 2.25, 5, 1.75], "texture": "#0"},
				"down": {"uv": [7.46875, 2.25, 5, 2.75], "texture": "#0"}
			}
		},
		{
			"name": "hexadecagon",
			"from": [-1.9, 12.6, 6.03077],
			"to": [17.9, 14.4, 9.96923],
			"rotation": {"angle": 0, "axis": "x", "origin": [8, 13.95, 8]},
			"faces": {
				"north": {"uv": [9, 4.375, 11.46875, 4.59375], "texture": "#0"},
				"east": {"uv": [11.875, 4.625, 12.375, 4.84375], "texture": "#0"},
				"south": {"uv": [9, 4.625, 11.46875, 4.84375], "texture": "#0"},
				"west": {"uv": [11.875, 4.875, 12.375, 5.09375], "texture": "#0"},
				"up": {"uv": [7.46875, 3.25, 5, 2.75], "texture": "#0"},
				"down": {"uv": [7.46875, 3.25, 5, 3.75], "texture": "#0"}
			}
		},
		{
			"name": "hexadecagon",
			"from": [-1.9, 12.6, 6.03077],
			"to": [17.9, 14.4, 9.96923],
			"rotation": {"angle": 22.5, "axis": "y", "origin": [8, 13.95, 8]},
			"faces": {
				"north": {"uv": [9, 4.875, 11.46875, 5.09375], "texture": "#0"},
				"east": {"uv": [7.25, 11.875, 7.75, 12.09375], "texture": "#0"},
				"south": {"uv": [3, 9.125, 5.46875, 9.34375], "texture": "#0"},
				"west": {"uv": [7.75, 11.875, 8.25, 12.09375], "texture": "#0"},
				"up": {"uv": [7.46875, 4.25, 5, 3.75], "texture": "#0"},
				"down": {"uv": [7.71875, 0, 5.25, 0.5], "texture": "#0"}
			}
		},
		{
			"name": "hexadecagon",
			"from": [6.03077, 9.45, -1.9],
			"to": [9.96923, 12.6, -1],
			"rotation": {"angle": -45, "axis": "y", "origin": [8, 11.7, 8]},
			"faces": {
				"north": {"uv": [4, 8.625, 4.5, 9.03125], "texture": "#0"},
				"east": {"uv": [8.875, 12.25, 9, 12.65625], "texture": "#0"},
				"south": {"uv": [11.375, 0.625, 11.875, 1.03125], "texture": "#0"},
				"west": {"uv": [9, 12.25, 9.125, 12.65625], "texture": "#0"},
				"up": {"uv": [7.25, 6.5, 6.75, 6.375], "texture": "#0"},
				"down": {"uv": [7.75, 6.375, 7.25, 6.5], "texture": "#0"}
			}
		},
		{
			"name": "hexadecagon",
			"from": [6.03077, 11.25, -1.9],
			"to": [9.96923, 12.6, -1],
			"rotation": {"angle": -22.5, "axis": "y", "origin": [8, 11.7, 8]},
			"faces": {
				"north": {"uv": [12, 9.5, 12.5, 9.65625], "texture": "#0"},
				"east": {"uv": [8.125, 12.625, 8.25, 12.78125], "texture": "#0"},
				"south": {"uv": [10, 12, 10.5, 12.15625], "texture": "#0"},
				"west": {"uv": [8.25, 12.625, 8.375, 12.78125], "texture": "#0"},
				"up": {"uv": [8.375, 4.25, 7.875, 4.125], "texture": "#0"},
				"down": {"uv": [8.875, 4.125, 8.375, 4.25], "texture": "#0"}
			}
		},
		{
			"name": "hexadecagon",
			"from": [6.03077, 11.25, -1.9],
			"to": [9.96923, 12.6, -1],
			"rotation": {"angle": 0, "axis": "x", "origin": [8, 11.7, 8]},
			"faces": {
				"north": {"uv": [12, 10.875, 12.5, 11.03125], "texture": "#0"},
				"east": {"uv": [8.375, 12.625, 8.5, 12.78125], "texture": "#0"},
				"south": {"uv": [12, 11.125, 12.5, 11.28125], "texture": "#0"},
				"west": {"uv": [12.625, 9.5, 12.75, 9.65625], "texture": "#0"},
				"up": {"uv": [9.125, 6.375, 8.625, 6.25], "texture": "#0"},
				"down": {"uv": [5.75, 8.75, 5.25, 8.875], "texture": "#0"}
			}
		},
		{
			"name": "hexadecagon",
			"from": [6.03077, 11.25, -1.9],
			"to": [9.96923, 12.6, -1],
			"rotation": {"angle": 22.5, "axis": "y", "origin": [8, 11.7, 8]},
			"faces": {
				"north": {"uv": [12, 11.375, 12.5, 11.53125], "texture": "#0"},
				"east": {"uv": [10.125, 12.625, 10.25, 12.78125], "texture": "#0"},
				"south": {"uv": [12, 11.625, 12.5, 11.78125], "texture": "#0"},
				"west": {"uv": [10.25, 12.625, 10.375, 12.78125], "texture": "#0"},
				"up": {"uv": [3.5, 9.125, 3, 9], "texture": "#0"},
				"down": {"uv": [4, 9, 3.5, 9.125], "texture": "#0"}
			}
		},
		{
			"name": "hexadecagon",
			"from": [6.03077, 9.45, -1.9],
			"to": [9.96923, 12.6, -1],
			"rotation": {"angle": 45, "axis": "y", "origin": [8, 11.7, 8]},
			"faces": {
				"north": {"uv": [11.375, 1.125, 11.875, 1.53125], "texture": "#0"},
				"east": {"uv": [9.125, 12.25, 9.25, 12.65625], "texture": "#0"},
				"south": {"uv": [1.25, 11.375, 1.75, 11.78125], "texture": "#0"},
				"west": {"uv": [10, 12.25, 10.125, 12.65625], "texture": "#0"},
				"up": {"uv": [9.5, 5.25, 9, 5.125], "texture": "#0"},
				"down": {"uv": [9.625, 6.25, 9.125, 6.375], "texture": "#0"}
			}
		},
		{
			"name": "hexadecagon",
			"from": [6.03077, 3.15, 17],
			"to": [9.96923, 12.6, 17.9],
			"rotation": {"angle": -45, "axis": "y", "origin": [8, 11.7, 8]},
			"faces": {
				"north": {"uv": [7.875, 1.125, 8.375, 2.3125], "texture": "#0"},
				"east": {"uv": [2.75, 11.5, 2.875, 12.6875], "texture": "#0"},
				"south": {"uv": [7.875, 2.375, 8.375, 3.5625], "texture": "#0"},
				"west": {"uv": [2.875, 11.5, 3, 12.6875], "texture": "#0"},
				"up": {"uv": [10, 5.25, 9.5, 5.125], "texture": "#0"},
				"down": {"uv": [10.125, 6.25, 9.625, 6.375], "texture": "#0"}
			}
		},
		{
			"name": "hexadecagon",
			"from": [6.03077, 2.25, 17],
			"to": [9.96923, 12.6, 17.9],
			"rotation": {"angle": -22.5, "axis": "y", "origin": [8, 11.7, 8]},
			"faces": {
				"north": {"uv": [5.75, 7, 6.25, 8.28125], "texture": "#0"},
				"east": {"uv": [8.25, 11.25, 8.375, 12.53125], "texture": "#0"},
				"south": {"uv": [6.25, 7, 6.75, 8.28125], "texture": "#0"},
				"west": {"uv": [8.375, 11.25, 8.5, 12.53125], "texture": "#0"},
				"up": {"uv": [10.25, 8.875, 9.75, 8.75], "texture": "#0"},
				"down": {"uv": [10.5, 5.125, 10, 5.25], "texture": "#0"}
			}
		},
		{
			"name": "hexadecagon",
			"from": [6.03077, 2.25, 17],
			"to": [9.96923, 12.6, 17.9],
			"rotation": {"angle": 0, "axis": "x", "origin": [8, 11.7, 8]},
			"faces": {
				"north": {"uv": [6.75, 7, 7.25, 8.28125], "texture": "#0"},
				"east": {"uv": [10.5, 11.375, 10.625, 12.65625], "texture": "#0"},
				"south": {"uv": [3, 7.25, 3.5, 8.53125], "texture": "#0"},
				"west": {"uv": [10.625, 11.375, 10.75, 12.65625], "texture": "#0"},
				"up": {"uv": [10.625, 6.375, 10.125, 6.25], "texture": "#0"},
				"down": {"uv": [10.75, 9, 10.25, 9.125], "texture": "#0"}
			}
		},
		{
			"name": "hexadecagon",
			"from": [6.03077, 2.25, 17],
			"to": [9.96923, 12.6, 17.9],
			"rotation": {"angle": 22.5, "axis": "y", "origin": [8, 11.7, 8]},
			"faces": {
				"north": {"uv": [3.5, 7.25, 4, 8.53125], "texture": "#0"},
				"east": {"uv": [10.75, 11.375, 10.875, 12.65625], "texture": "#0"},
				"south": {"uv": [4, 7.25, 4.5, 8.53125], "texture": "#0"},
				"west": {"uv": [10.875, 11.375, 11, 12.65625], "texture": "#0"},
				"up": {"uv": [11, 5.25, 10.5, 5.125], "texture": "#0"},
				"down": {"uv": [11.25, 9, 10.75, 9.125], "texture": "#0"}
			}
		},
		{
			"name": "hexadecagon",
			"from": [6.03077, 3.15, 17],
			"to": [9.96923, 12.6, 17.9],
			"rotation": {"angle": 45, "axis": "y", "origin": [8, 11.7, 8]},
			"faces": {
				"north": {"uv": [8, 6.375, 8.5, 7.5625], "texture": "#0"},
				"east": {"uv": [3, 11.5, 3.125, 12.6875], "texture": "#0"},
				"south": {"uv": [8, 7.625, 8.5, 8.8125], "texture": "#0"},
				"west": {"uv": [3.125, 11.5, 3.25, 12.6875], "texture": "#0"},
				"up": {"uv": [0.875, 11.125, 0.375, 11], "texture": "#0"},
				"down": {"uv": [1.375, 11, 0.875, 11.125], "texture": "#0"}
			}
		},
		{
			"name": "hexadecagon",
			"from": [17, 3.15, 6.03077],
			"to": [17.9, 12.6, 9.96923],
			"rotation": {"angle": -22.5, "axis": "y", "origin": [8, 11.7, 8]},
			"faces": {
				"north": {"uv": [3.25, 11.5, 3.375, 12.6875], "texture": "#0"},
				"east": {"uv": [1.5, 8.25, 2, 9.4375], "texture": "#0"},
				"south": {"uv": [3.375, 11.5, 3.5, 12.6875], "texture": "#0"},
				"west": {"uv": [2, 8.25, 2.5, 9.4375], "texture": "#0"},
				"up": {"uv": [9.125, 11.375, 9, 10.875], "texture": "#0"},
				"down": {"uv": [6, 12, 5.875, 12.5], "texture": "#0"}
			}
		},
		{
			"name": "hexadecagon",
			"from": [17, 4.05, 6.03077],
			"to": [17.9, 12.6, 9.96923],
			"rotation": {"angle": 0, "axis": "x", "origin": [8, 11.7, 8]},
			"faces": {
				"north": {"uv": [6, 11.5, 6.125, 12.5625], "texture": "#0"},
				"east": {"uv": [5.5, 9.125, 6, 10.1875], "texture": "#0"},
				"south": {"uv": [6.125, 11.5, 6.25, 12.5625], "texture": "#0"},
				"west": {"uv": [6, 9.125, 6.5, 10.1875], "texture": "#0"},
				"up": {"uv": [4.625, 12.625, 4.5, 12.125], "texture": "#0"},
				"down": {"uv": [4.75, 12.125, 4.625, 12.625], "texture": "#0"}
			}
		},
		{
			"name": "hexadecagon",
			"from": [17, 5.85, 6.03077],
			"to": [17.9, 12.6, 9.96923],
			"rotation": {"angle": 22.5, "axis": "y", "origin": [8, 11.7, 8]},
			"faces": {
				"north": {"uv": [2.5, 11.875, 2.625, 12.71875], "texture": "#0"},
				"east": {"uv": [1.75, 9.5, 2.25, 10.34375], "texture": "#0"},
				"south": {"uv": [2.625, 11.875, 2.75, 12.71875], "texture": "#0"},
				"west": {"uv": [2.25, 9.5, 2.75, 10.34375], "texture": "#0"},
				"up": {"uv": [8.125, 12.625, 8, 12.125], "texture": "#0"},
				"down": {"uv": [8.25, 12.125, 8.125, 12.625], "texture": "#0"}
			}
		},
		{
			"name": "hexadecagon",
			"from": [-1.9, 5.85, 6.03077],
			"to": [-1, 12.6, 9.96923],
			"rotation": {"angle": -22.5, "axis": "y", "origin": [8, 11.7, 8]},
			"faces": {
				"north": {"uv": [4.75, 11.875, 4.875, 12.71875], "texture": "#0"},
				"east": {"uv": [9.75, 9.875, 10.25, 10.71875], "texture": "#0"},
				"south": {"uv": [11.875, 9, 12, 9.84375], "texture": "#0"},
				"west": {"uv": [7.5, 10, 8, 10.84375], "texture": "#0"},
				"up": {"uv": [12.375, 4.125, 12.25, 3.625], "texture": "#0"},
				"down": {"uv": [12.375, 7.25, 12.25, 7.75], "texture": "#0"}
			}
		},
		{
			"name": "hexadecagon",
			"from": [-1.9, 4.05, 6.03077],
			"to": [-1, 12.6, 9.96923],
			"rotation": {"angle": 0, "axis": "x", "origin": [8, 11.7, 8]},
			"faces": {
				"north": {"uv": [6.25, 11.5, 6.375, 12.5625], "texture": "#0"},
				"east": {"uv": [6.5, 9.125, 7, 10.1875], "texture": "#0"},
				"south": {"uv": [6.375, 11.5, 6.5, 12.5625], "texture": "#0"},
				"west": {"uv": [7, 9.125, 7.5, 10.1875], "texture": "#0"},
				"up": {"uv": [12.375, 8.25, 12.25, 7.75], "texture": "#0"},
				"down": {"uv": [8.625, 12.25, 8.5, 12.75], "texture": "#0"}
			}
		},
		{
			"name": "hexadecagon",
			"from": [-1.9, 3.15, 6.03077],
			"to": [-1, 12.6, 9.96923],
			"rotation": {"angle": 22.5, "axis": "y", "origin": [8, 11.7, 8]},
			"faces": {
				"north": {"uv": [3.5, 11.5, 3.625, 12.6875], "texture": "#0"},
				"east": {"uv": [2.5, 8.25, 3, 9.4375], "texture": "#0"},
				"south": {"uv": [3.625, 11.5, 3.75, 12.6875], "texture": "#0"},
				"west": {"uv": [8.375, 1.125, 8.875, 2.3125], "texture": "#0"},
				"up": {"uv": [8.75, 12.75, 8.625, 12.25], "texture": "#0"},
				"down": {"uv": [8.875, 12.25, 8.75, 12.75], "texture": "#0"}
			}
		},
		{
			"name": "hexadecagon",
			"from": [6.56783, 16.425, 0.8],
			"to": [9.43217, 18, 15.2],
			"rotation": {"angle": -45, "axis": "y", "origin": [8, 17.1, 8]},
			"faces": {
				"north": {"uv": [2.125, 12.125, 2.46875, 12.3125], "texture": "#0"},
				"east": {"uv": [10.125, 3.625, 11.9375, 3.8125], "texture": "#0"},
				"south": {"uv": [3.75, 12.125, 4.09375, 12.3125], "texture": "#0"},
				"west": {"uv": [10.125, 3.875, 11.9375, 4.0625], "texture": "#0"},
				"up": {"uv": [4.84375, 9.0625, 4.5, 7.25], "texture": "#0"},
				"down": {"uv": [5.21875, 7.25, 4.875, 9.0625], "texture": "#0"}
			}
		},
		{
			"name": "hexadecagon",
			"from": [6.56783, 16.425, 0.8],
			"to": [9.43217, 18, 15.2],
			"rotation": {"angle": -22.5, "axis": "y", "origin": [8, 17.1, 8]},
			"faces": {
				"north": {"uv": [4.125, 12.125, 4.46875, 12.3125], "texture": "#0"},
				"east": {"uv": [5.25, 10.25, 7.0625, 10.4375], "texture": "#0"},
				"south": {"uv": [6.5, 12.125, 6.84375, 12.3125], "texture": "#0"},
				"west": {"uv": [10.25, 8.75, 12.0625, 8.9375], "texture": "#0"},
				"up": {"uv": [7.59375, 8.8125, 7.25, 7], "texture": "#0"},
				"down": {"uv": [0.34375, 7.5, 0, 9.3125], "texture": "#0"}
			}
		},
		{
			"name": "hexadecagon",
			"from": [6.56783, 16.425, 0.8],
			"to": [9.43217, 18, 15.2],
			"rotation": {"angle": 0, "axis": "x", "origin": [8, 17.1, 8]},
			"faces": {
				"north": {"uv": [6.875, 12.125, 7.21875, 12.3125], "texture": "#0"},
				"east": {"uv": [10.25, 9.875, 12.0625, 10.0625], "texture": "#0"},
				"south": {"uv": [7.25, 12.125, 7.59375, 12.3125], "texture": "#0"},
				"west": {"uv": [10.25, 10.125, 12.0625, 10.3125], "texture": "#0"},
				"up": {"uv": [0.71875, 9.3125, 0.375, 7.5], "texture": "#0"},
				"down": {"uv": [7.84375, 0.5, 7.5, 2.3125], "texture": "#0"}
			}
		},
		{
			"name": "hexadecagon",
			"from": [6.56783, 16.425, 0.8],
			"to": [9.43217, 18, 15.2],
			"rotation": {"angle": 22.5, "axis": "y", "origin": [8, 17.1, 8]},
			"faces": {
				"north": {"uv": [7.625, 12.125, 7.96875, 12.3125], "texture": "#0"},
				"east": {"uv": [10.25, 10.375, 12.0625, 10.5625], "texture": "#0"},
				"south": {"uv": [12.125, 8.25, 12.46875, 8.4375], "texture": "#0"},
				"west": {"uv": [5.25, 10.5, 7.0625, 10.6875], "texture": "#0"},
				"up": {"uv": [1.09375, 9.3125, 0.75, 7.5], "texture": "#0"},
				"down": {"uv": [1.46875, 7.5, 1.125, 9.3125], "texture": "#0"}
			}
		},
		{
			"name": "hexadecagon",
			"from": [6.56783, 16.425, 0.8],
			"to": [9.43217, 18, 15.2],
			"rotation": {"angle": 45, "axis": "y", "origin": [8, 17.1, 8]},
			"faces": {
				"north": {"uv": [12.125, 8.5, 12.46875, 8.6875], "texture": "#0"},
				"east": {"uv": [10.625, 2.375, 12.4375, 2.5625], "texture": "#0"},
				"south": {"uv": [12.125, 8.75, 12.46875, 8.9375], "texture": "#0"},
				"west": {"uv": [10.625, 2.625, 12.4375, 2.8125], "texture": "#0"},
				"up": {"uv": [7.84375, 4.1875, 7.5, 2.375], "texture": "#0"},
				"down": {"uv": [7.96875, 7, 7.625, 8.8125], "texture": "#0"}
			}
		},
		{
			"name": "hexadecagon",
			"from": [0.8, 16.425, 6.56783],
			"to": [15.2, 18, 9.43217],
			"rotation": {"angle": -22.5, "axis": "y", "origin": [8, 17.1, 8]},
			"faces": {
				"north": {"uv": [10.625, 2.875, 12.4375, 3.0625], "texture": "#0"},
				"east": {"uv": [12.125, 9.75, 12.46875, 9.9375], "texture": "#0"},
				"south": {"uv": [10.625, 3.125, 12.4375, 3.3125], "texture": "#0"},
				"west": {"uv": [12.125, 10, 12.46875, 10.1875], "texture": "#0"},
				"up": {"uv": [8.5625, 5.59375, 6.75, 5.25], "texture": "#0"},
				"down": {"uv": [8.5625, 5.625, 6.75, 5.96875], "texture": "#0"}
			}
		},
		{
			"name": "hexadecagon",
			"from": [0.8, 16.425, 6.56783],
			"to": [15.2, 18, 9.43217],
			"rotation": {"angle": 0, "axis": "x", "origin": [8, 17.1, 8]},
			"faces": {
				"north": {"uv": [10.625, 3.375, 12.4375, 3.5625], "texture": "#0"},
				"east": {"uv": [12.125, 10.25, 12.46875, 10.4375], "texture": "#0"},
				"south": {"uv": [10.25, 10.625, 12.0625, 10.8125], "texture": "#0"},
				"west": {"uv": [12.125, 10.5, 12.46875, 10.6875], "texture": "#0"},
				"up": {"uv": [8.5625, 6.34375, 6.75, 6], "texture": "#0"},
				"down": {"uv": [9.5625, 0, 7.75, 0.34375], "texture": "#0"}
			}
		},
		{
			"name": "hexadecagon",
			"from": [0.8, 16.425, 6.56783],
			"to": [15.2, 18, 9.43217],
			"rotation": {"angle": 22.5, "axis": "y", "origin": [8, 17.1, 8]},
			"faces": {
				"north": {"uv": [5.25, 10.75, 7.0625, 10.9375], "texture": "#0"},
				"east": {"uv": [12, 12.125, 12.34375, 12.3125], "texture": "#0"},
				"south": {"uv": [10.75, 6.25, 12.5625, 6.4375], "texture": "#0"},
				"west": {"uv": [12.25, 0.25, 12.59375, 0.4375], "texture": "#0"},
				"up": {"uv": [9.6875, 0.71875, 7.875, 0.375], "texture": "#0"},
				"down": {"uv": [9.6875, 0.75, 7.875, 1.09375], "texture": "#0"}
			}
		},
		{
			"name": "hexadecagon",
			"from": [6.74685, 18, 1.7],
			"to": [9.25315, 19.125, 14.3],
			"rotation": {"angle": -45, "axis": "y", "origin": [8, 18.45, 8]},
			"faces": {
				"north": {"uv": [10.125, 12.25, 10.4375, 12.40625], "texture": "#0"},
				"east": {"uv": [9.875, 10.875, 11.4375, 11.03125], "texture": "#0"},
				"south": {"uv": [12.375, 0.625, 12.6875, 0.78125], "texture": "#0"},
				"west": {"uv": [2.75, 11, 4.3125, 11.15625], "texture": "#0"},
				"up": {"uv": [0.9375, 10.9375, 0.625, 9.375], "texture": "#0"},
				"down": {"uv": [1.3125, 9.375, 1, 10.9375], "texture": "#0"}
			}
		},
		{
			"name": "hexadecagon",
			"from": [6.74685, 18, 1.7],
			"to": [9.25315, 19.125, 14.3],
			"rotation": {"angle": -22.5, "axis": "y", "origin": [8, 18.45, 8]},
			"faces": {
				"north": {"uv": [12.375, 0.875, 12.6875, 1.03125], "texture": "#0"},
				"east": {"uv": [4.375, 11, 5.9375, 11.15625], "texture": "#0"},
				"south": {"uv": [1, 12.375, 1.3125, 12.53125], "texture": "#0"},
				"west": {"uv": [0, 11.125, 1.5625, 11.28125], "texture": "#0"},
				"up": {"uv": [3.3125, 10.9375, 3, 9.375], "texture": "#0"},
				"down": {"uv": [3.6875, 9.375, 3.375, 10.9375], "texture": "#0"}
			}
		},
		{
			"name": "hexadecagon",
			"from": [6.74685, 18, 1.7],
			"to": [9.25315, 19.125, 14.3],
			"rotation": {"angle": 0, "axis": "x", "origin": [8, 18.45, 8]},
			"faces": {
				"north": {"uv": [12.375, 1.125, 12.6875, 1.28125], "texture": "#0"},
				"east": {"uv": [11.125, 5.125, 12.6875, 5.28125], "texture": "#0"},
				"south": {"uv": [1.375, 12.375, 1.6875, 12.53125], "texture": "#0"},
				"west": {"uv": [11.125, 5.375, 12.6875, 5.53125], "texture": "#0"},
				"up": {"uv": [4.0625, 10.9375, 3.75, 9.375], "texture": "#0"},
				"down": {"uv": [4.4375, 9.375, 4.125, 10.9375], "texture": "#0"}
			}
		},
		{
			"name": "hexadecagon",
			"from": [6.74685, 18, 1.7],
			"to": [9.25315, 19.125, 14.3],
			"rotation": {"angle": 22.5, "axis": "y", "origin": [8, 18.45, 8]},
			"faces": {
				"north": {"uv": [12.375, 1.375, 12.6875, 1.53125], "texture": "#0"},
				"east": {"uv": [11.125, 5.625, 12.6875, 5.78125], "texture": "#0"},
				"south": {"uv": [12.375, 1.625, 12.6875, 1.78125], "texture": "#0"},
				"west": {"uv": [11.125, 5.875, 12.6875, 6.03125], "texture": "#0"},
				"up": {"uv": [4.8125, 10.9375, 4.5, 9.375], "texture": "#0"},
				"down": {"uv": [5.1875, 9.375, 4.875, 10.9375], "texture": "#0"}
			}
		},
		{
			"name": "hexadecagon",
			"from": [6.74685, 18, 1.7],
			"to": [9.25315, 19.125, 14.3],
			"rotation": {"angle": 45, "axis": "y", "origin": [8, 18.45, 8]},
			"faces": {
				"north": {"uv": [1.75, 12.375, 2.0625, 12.53125], "texture": "#0"},
				"east": {"uv": [11.125, 6.5, 12.6875, 6.65625], "texture": "#0"},
				"south": {"uv": [12.375, 1.875, 12.6875, 2.03125], "texture": "#0"},
				"west": {"uv": [11.125, 6.75, 12.6875, 6.90625], "texture": "#0"},
				"up": {"uv": [9.6875, 10.6875, 9.375, 9.125], "texture": "#0"},
				"down": {"uv": [1.6875, 9.5, 1.375, 11.0625], "texture": "#0"}
			}
		},
		{
			"name": "hexadecagon",
			"from": [1.7, 18, 6.74685],
			"to": [14.3, 19.125, 9.25315],
			"rotation": {"angle": -22.5, "axis": "y", "origin": [8, 18.45, 8]},
			"faces": {
				"north": {"uv": [11.125, 7, 12.6875, 7.15625], "texture": "#0"},
				"east": {"uv": [2.125, 12.375, 2.4375, 12.53125], "texture": "#0"},
				"south": {"uv": [9.875, 11.125, 11.4375, 11.28125], "texture": "#0"},
				"west": {"uv": [12.375, 2.125, 12.6875, 2.28125], "texture": "#0"},
				"up": {"uv": [11.1875, 0.3125, 9.625, 0], "texture": "#0"},
				"down": {"uv": [11.3125, 0.375, 9.75, 0.6875], "texture": "#0"}
			}
		},
		{
			"name": "hexadecagon",
			"from": [1.7, 18, 6.74685],
			"to": [14.3, 19.125, 9.25315],
			"rotation": {"angle": 0, "axis": "x", "origin": [8, 18.45, 8]},
			"faces": {
				"north": {"uv": [11.25, 0, 12.8125, 0.15625], "texture": "#0"},
				"east": {"uv": [12.375, 3.625, 12.6875, 3.78125], "texture": "#0"},
				"south": {"uv": [2.75, 11.25, 4.3125, 11.40625], "texture": "#0"},
				"west": {"uv": [3.75, 12.375, 4.0625, 12.53125], "texture": "#0"},
				"up": {"uv": [11.3125, 1.0625, 9.75, 0.75], "texture": "#0"},
				"down": {"uv": [11.3125, 8.375, 9.75, 8.6875], "texture": "#0"}
			}
		},
		{
			"name": "hexadecagon",
			"from": [1.7, 18, 6.74685],
			"to": [14.3, 19.125, 9.25315],
			"rotation": {"angle": 22.5, "axis": "y", "origin": [8, 18.45, 8]},
			"faces": {
				"north": {"uv": [4.375, 11.25, 5.9375, 11.40625], "texture": "#0"},
				"east": {"uv": [12.375, 3.875, 12.6875, 4.03125], "texture": "#0"},
				"south": {"uv": [6, 11.25, 7.5625, 11.40625], "texture": "#0"},
				"west": {"uv": [4.125, 12.375, 4.4375, 12.53125], "texture": "#0"},
				"up": {"uv": [11.3125, 9.4375, 9.75, 9.125], "texture": "#0"},
				"down": {"uv": [11.3125, 9.5, 9.75, 9.8125], "texture": "#0"}
			}
		},
		{
			"name": "hexadecagon",
			"from": [7.1, 6.76224, -3.475],
			"to": [8.9, 12.13776, 0.125],
			"rotation": {"angle": 45, "axis": "x", "origin": [7.55, 9.9, 7.775]},
			"faces": {
				"north": {"uv": [3, 6, 3.21875, 6.6875], "texture": "#0"},
				"east": {"uv": [1.75, 10.75, 2.1875, 11.4375], "texture": "#0"},
				"south": {"uv": [5.25, 9.375, 5.46875, 10.0625], "texture": "#0"},
				"west": {"uv": [2.25, 10.75, 2.6875, 11.4375], "texture": "#0"},
				"up": {"uv": [7.21875, 8.8125, 7, 8.375], "texture": "#0"},
				"down": {"uv": [12.09375, 8.25, 11.875, 8.6875], "texture": "#0"}
			}
		},
		{
			"name": "hexadecagon",
			"from": [7.1, 11.16069, -2.39869],
			"to": [8.9, 15.63622, -0.79869],
			"rotation": {"angle": 0, "axis": "x", "origin": [7.55, 13.39845, 15.15131]},
			"faces": {
				"north": {"uv": [0.375, 10.25, 0.59375, 10.8125], "texture": "#0"},
				"east": {"uv": [11, 11.875, 11.1875, 12.4375], "texture": "#0"},
				"south": {"uv": [6.5, 11.5, 6.71875, 12.0625], "texture": "#0"},
				"west": {"uv": [11.25, 11.875, 11.4375, 12.4375], "texture": "#0"},
				"up": {"uv": [2.96875, 10.9375, 2.75, 10.75], "texture": "#0"},
				"down": {"uv": [12.59375, 4.25, 12.375, 4.4375], "texture": "#0"}
			}
		},
		{
			"name": "hexadecagon",
			"from": [7.1, 7.66224, 15.425],
			"to": [8.9, 12.13776, 19.025],
			"rotation": {"angle": -45, "axis": "x", "origin": [7.55, 9.9, 7.775]},
			"faces": {
				"north": {"uv": [6.75, 11.5, 6.96875, 12.0625], "texture": "#0"},
				"east": {"uv": [9.375, 10.75, 9.8125, 11.3125], "texture": "#0"},
				"south": {"uv": [7, 11.5, 7.21875, 12.0625], "texture": "#0"},
				"west": {"uv": [8.5, 10.875, 8.9375, 11.4375], "texture": "#0"},
				"up": {"uv": [11.71875, 12.3125, 11.5, 11.875], "texture": "#0"},
				"down": {"uv": [11.96875, 11.875, 11.75, 12.3125], "texture": "#0"}
			}
		},
		{
			"name": "hexadecagon",
			"from": [7.1, 17.55, 5.53724],
			"to": [8.9, 21.15, 7.01276],
			"rotation": {"angle": -22.5, "axis": "x", "origin": [7.55, 9.9, 7.775]},
			"faces": {
				"north": {"uv": [0, 12, 0.21875, 12.4375], "texture": "#0"},
				"east": {"uv": [12, 9, 12.1875, 9.4375], "texture": "#0"},
				"south": {"uv": [0.25, 12, 0.46875, 12.4375], "texture": "#0"},
				"west": {"uv": [9.25, 12, 9.4375, 12.4375], "texture": "#0"},
				"up": {"uv": [12.59375, 4.6875, 12.375, 4.5], "texture": "#0"},
				"down": {"uv": [12.59375, 4.75, 12.375, 4.9375], "texture": "#0"}
			}
		},
		{
			"name": "hexadecagon",
			"from": [7.1, 16.40195, 2.7656],
			"to": [8.9, 20.00195, 12.7856],
			"rotation": {"angle": 0, "axis": "x", "origin": [7.55, 8.75195, 11.00336]},
			"faces": {
				"north": {"uv": [0.5, 12, 0.71875, 12.4375], "texture": "#0"},
				"east": {"uv": [5.75, 8.375, 7, 8.8125], "texture": "#0"},
				"south": {"uv": [0.75, 12, 0.96875, 12.4375], "texture": "#0"},
				"west": {"uv": [8.5, 8.375, 9.75, 8.8125], "texture": "#0"},
				"up": {"uv": [2.96875, 10.75, 2.75, 9.5], "texture": "#0"},
				"down": {"uv": [9.34375, 10, 9.125, 11.25], "texture": "#0"}
			}
		},
		{
			"name": "hexadecagon",
			"from": [7.1, 17.55, 8.53724],
			"to": [8.9, 21.15, 10.01276],
			"rotation": {"angle": 22.5, "axis": "x", "origin": [7.55, 9.9, 7.775]},
			"faces": {
				"north": {"uv": [12, 3.625, 12.21875, 4.0625], "texture": "#0"},
				"east": {"uv": [9.5, 12, 9.6875, 12.4375], "texture": "#0"},
				"south": {"uv": [4.875, 12, 5.09375, 12.4375], "texture": "#0"},
				"west": {"uv": [9.75, 12, 9.9375, 12.4375], "texture": "#0"},
				"up": {"uv": [5.34375, 12.5625, 5.125, 12.375], "texture": "#0"},
				"down": {"uv": [5.59375, 12.375, 5.375, 12.5625], "texture": "#0"}
			}
		}
	],
	"display": {
		"head": {
			"translation": [0, 1.5, 0]
		}
	},
	"groups": [
		{
			"name": "Darth Vader Helmet",
			"origin": [8, 8, 8],
			"children": [
				{
					"name": "Shape",
					"origin": [8, 8, 8],
					"children": [
						{
							"name": "Eyes",
							"origin": [8, 8, 8],
							"children": [
								{
									"name": "Eye",
									"origin": [8, 8, 8],
									"children": [
										{
											"name": "hexadecagon",
											"origin": [8, 8, 8],
											"children": [0, 1, 2, 3, 4, 5, 6, 7, 8, 9, 10, 11, 12, 13, 14, 15]
										},
										{
											"name": "hexadecagon",
											"origin": [8, 8, 8],
											"children": [16, 17, 18, 19, 20, 21, 22, 23]
										},
										{
											"name": "Rim",
											"origin": [8, 8, 8],
											"children": [
												{
													"name": "hexadecagon",
													"origin": [8, 8, 8],
													"children": [24, 25, 26, 27, 28, 29]
												}
											]
										}
									]
								},
								{
									"name": "Eye",
									"origin": [8, 8, 8],
									"children": [
										{
											"name": "hexadecagon",
											"origin": [8, 8, 8],
											"children": [30, 31, 32, 33, 34, 35, 36, 37, 38, 39, 40, 41, 42, 43, 44, 45]
										},
										{
											"name": "hexadecagon",
											"origin": [8, 8, 8],
											"children": [46, 47, 48, 49, 50, 51, 52, 53]
										},
										{
											"name": "Rim",
											"origin": [8, 8, 8],
											"children": [
												{
													"name": "hexadecagon",
													"origin": [8, 8, 8],
													"children": [54, 55, 56, 57, 58, 59]
												}
											]
										}
									]
								}
							]
						},
						{
							"name": "Nose",
							"origin": [8, 8, 8],
							"children": [60, 61, 62, 63]
						},
						{
							"name": "Mouth",
							"origin": [8, 8, 8],
							"children": [
								{
									"name": "hexadecagon",
									"origin": [8, 8, 8],
									"children": [64, 65, 66, 67, 68, 69, 70, 71, 72, 73, 74, 75, 76, 77, 78, 79, 80]
								},
								{
									"name": "Vent",
									"origin": [8, 8, 8],
									"children": [81, 82, 83, 84]
								}
							]
						},
						{
							"name": "Neck",
							"origin": [8, 8, 8],
							"children": [85]
						},
						{
							"name": "Cheek",
							"origin": [8, 8, 8],
							"children": [86,
								{
									"name": "Side",
									"origin": [8, 8, 8],
									"children": [87, 88, 89, 90, 91]
								},
								{
									"name": "Side",
									"origin": [8, 8, 8],
									"children": [92]
								}
							]
						},
						{
							"name": "Head",
							"origin": [8, 8, 8],
							"children": [93]
						}
					]
				},
				{
					"name": "Dome",
					"origin": [8, 8, 8],
					"children": [
						{
							"name": "hexadecagon",
							"origin": [8, 8, 8],
							"children": [94, 95, 96, 97, 98, 99, 100, 101]
						},
						{
							"name": "hexadecagon",
							"origin": [8, 8, 8],
							"children": [102, 103, 104, 105, 106, 107, 108, 109]
						},
						{
							"name": "hexadecagon",
							"origin": [8, 8, 8],
							"children": [110, 111, 112, 113, 114, 115, 116, 117, 118, 119, 120, 121, 122, 123, 124, 125]
						},
						{
							"name": "hexadecagon",
							"origin": [8, 8, 8],
							"children": [126, 127, 128, 129, 130, 131, 132, 133]
						},
						{
							"name": "hexadecagon",
							"origin": [8, 8, 8],
							"children": [134, 135, 136, 137, 138, 139, 140, 141]
						},
						{
							"name": "hexadecagon",
							"origin": [8, 8, 8],
							"children": [142, 143, 144, 145, 146, 147]
						}
					]
				}
			]
		}
	]
}