{
	"credit": "Made with Blockbench",
	"texture_size": [32, 32],
	"textures": {
		"0": "kylo_ren_hilt",
		"1": "kylo_ren_saber",
		"particle": "kylo_ren_hilt"
	},
	"elements": [
		{
			"name": "hexadecagon",
			"from": [7.80109, -16, 6.75],
			"to": [8.19891, -13.25, 9.25],
			"rotation": {"angle": -45, "axis": "y", "origin": [8, -15.5, 8]},
			"faces": {
				"north": {"uv": [7, 6.25, 7.09375, 6.9375], "texture": "#0"},
				"east": {"uv": [0.5, 3, 1.125, 3.6875], "texture": "#0"},
				"south": {"uv": [6.75, 7, 6.84375, 7.6875], "texture": "#0"},
				"west": {"uv": [1.25, 3, 1.875, 3.6875], "texture": "#0"},
				"up": {"uv": [4.59375, 7.875, 4.5, 7.25], "texture": "#0"},
				"down": {"uv": [7.34375, 4.75, 7.25, 5.375], "texture": "#0"}
			}
		},
		{
			"name": "hexadecagon",
			"from": [7.80109, -16, 7],
			"to": [8.19891, -15, 9],
			"rotation": {"angle": -22.5, "axis": "y", "origin": [8, -15.5, 8]},
			"faces": {
				"north": {"uv": [5, 4.75, 5.09375, 5], "texture": "#0"},
				"east": {"uv": [0, 4.25, 0.5, 4.5], "texture": "#0"},
				"south": {"uv": [6.75, 5.5, 6.84375, 5.75], "texture": "#0"},
				"west": {"uv": [4.5, 4.25, 5, 4.5], "texture": "#0"},
				"up": {"uv": [3.84375, 8, 3.75, 7.5], "texture": "#0"},
				"down": {"uv": [4.09375, 7.5, 4, 8], "texture": "#0"}
			}
		},
		{
			"name": "hexadecagon",
			"from": [7.80109, -16, 6.75],
			"to": [8.19891, -13.25, 9.25],
			"rotation": {"angle": 0, "axis": "x", "origin": [8, -15.5, 8]},
			"faces": {
				"north": {"uv": [7, 7, 7.09375, 7.6875], "texture": "#0"},
				"east": {"uv": [3, 1.25, 3.625, 1.9375], "texture": "#0"},
				"south": {"uv": [0, 7.25, 0.09375, 7.9375], "texture": "#0"},
				"west": {"uv": [3, 2, 3.625, 2.6875], "texture": "#0"},
				"up": {"uv": [5.34375, 7.875, 5.25, 7.25], "texture": "#0"},
				"down": {"uv": [5.59375, 7.25, 5.5, 7.875], "texture": "#0"}
			}
		},
		{
			"name": "hexadecagon",
			"from": [7.80109, -16, 7],
			"to": [8.19891, -15, 9],
			"rotation": {"angle": 22.5, "axis": "y", "origin": [8, -15.5, 8]},
			"faces": {
				"north": {"uv": [2.75, 7.75, 2.84375, 8], "texture": "#0"},
				"east": {"uv": [6, 6, 6.5, 6.25], "texture": "#0"},
				"south": {"uv": [4.25, 7.75, 4.34375, 8], "texture": "#0"},
				"west": {"uv": [6.25, 0, 6.75, 0.25], "texture": "#0"},
				"up": {"uv": [7.59375, 4.75, 7.5, 4.25], "texture": "#0"},
				"down": {"uv": [7.59375, 4.75, 7.5, 5.25], "texture": "#0"}
			}
		},
		{
			"name": "hexadecagon",
			"from": [7.80109, -16, 6.75],
			"to": [8.19891, -13.25, 9.25],
			"rotation": {"angle": 45, "axis": "y", "origin": [8, -15.5, 8]},
			"faces": {
				"north": {"uv": [0.25, 7.25, 0.34375, 7.9375], "texture": "#0"},
				"east": {"uv": [3, 2.75, 3.625, 3.4375], "texture": "#0"},
				"south": {"uv": [0.5, 7.25, 0.59375, 7.9375], "texture": "#0"},
				"west": {"uv": [3.5, 0, 4.125, 0.6875], "texture": "#0"},
				"up": {"uv": [7.34375, 6.125, 7.25, 5.5], "texture": "#0"},
				"down": {"uv": [5.84375, 7.25, 5.75, 7.875], "texture": "#0"}
			}
		},
		{
			"name": "hexadecagon",
			"from": [7, -16, 7.80109],
			"to": [9, -15, 8.19891],
			"rotation": {"angle": -22.5, "axis": "y", "origin": [8, -15.5, 8]},
			"faces": {
				"north": {"uv": [6.25, 0.25, 6.75, 0.5], "texture": "#0"},
				"east": {"uv": [0.5, 8.75, 0.59375, 9], "texture": "#0"},
				"south": {"uv": [1, 6.25, 1.5, 6.5], "texture": "#0"},
				"west": {"uv": [3.75, 9.25, 3.84375, 9.5], "texture": "#0"},
				"up": {"uv": [8, 2.34375, 7.5, 2.25], "texture": "#0"},
				"down": {"uv": [8, 5.25, 7.5, 5.34375], "texture": "#0"}
			}
		},
		{
			"name": "hexadecagon",
			"from": [6.75, -16, 7.80109],
			"to": [9.25, -13.25, 8.19891],
			"rotation": {"angle": 0, "axis": "x", "origin": [8, -15.5, 8]},
			"faces": {
				"north": {"uv": [3, 3.5, 3.625, 4.1875], "texture": "#0"},
				"east": {"uv": [7.25, 0.5, 7.34375, 1.1875], "texture": "#0"},
				"south": {"uv": [0.5, 3.75, 1.125, 4.4375], "texture": "#0"},
				"west": {"uv": [0.75, 7.25, 0.84375, 7.9375], "texture": "#0"},
				"up": {"uv": [6.625, 7.34375, 6, 7.25], "texture": "#0"},
				"down": {"uv": [7.875, 6.25, 7.25, 6.34375], "texture": "#0"}
			}
		},
		{
			"name": "hexadecagon",
			"from": [7, -16, 7.80109],
			"to": [9, -15, 8.19891],
			"rotation": {"angle": 22.5, "axis": "y", "origin": [8, -15.5, 8]},
			"faces": {
				"north": {"uv": [1.5, 6.25, 2, 6.5], "texture": "#0"},
				"east": {"uv": [4, 9.25, 4.09375, 9.5], "texture": "#0"},
				"south": {"uv": [6.25, 2.5, 6.75, 2.75], "texture": "#0"},
				"west": {"uv": [9.25, 4, 9.34375, 4.25], "texture": "#0"},
				"up": {"uv": [8, 5.59375, 7.5, 5.5], "texture": "#0"},
				"down": {"uv": [8, 5.75, 7.5, 5.84375], "texture": "#0"}
			}
		},
		{
			"name": "hexadecagon",
			"from": [7.82595, -14, 7.125],
			"to": [8.17405, -12.75, 8.875],
			"rotation": {"angle": -45, "axis": "y", "origin": [8, -13.25, 8]},
			"faces": {
				"north": {"uv": [1, 8.75, 1.09375, 9.0625], "texture": "#0"},
				"east": {"uv": [5.75, 0, 6.1875, 0.3125], "texture": "#0"},
				"south": {"uv": [8.75, 9, 8.84375, 9.3125], "texture": "#0"},
				"west": {"uv": [1, 5.75, 1.4375, 6.0625], "texture": "#0"},
				"up": {"uv": [5.84375, 8.6875, 5.75, 8.25], "texture": "#0"},
				"down": {"uv": [6.09375, 8.25, 6, 8.6875], "texture": "#0"}
			}
		},
		{
			"name": "hexadecagon",
			"from": [7.82595, -14, 7.125],
			"to": [8.17405, -12.75, 8.875],
			"rotation": {"angle": -22.5, "axis": "y", "origin": [8, -13.25, 8]},
			"faces": {
				"north": {"uv": [9, 8.75, 9.09375, 9.0625], "texture": "#0"},
				"east": {"uv": [1.5, 5.75, 1.9375, 6.0625], "texture": "#0"},
				"south": {"uv": [0, 9.25, 0.09375, 9.5625], "texture": "#0"},
				"west": {"uv": [5.75, 2.5, 6.1875, 2.8125], "texture": "#0"},
				"up": {"uv": [6.34375, 8.6875, 6.25, 8.25], "texture": "#0"},
				"down": {"uv": [6.59375, 8.25, 6.5, 8.6875], "texture": "#0"}
			}
		},
		{
			"name": "hexadecagon",
			"from": [7.82595, -14, 7.125],
			"to": [8.17405, -12.75, 8.875],
			"rotation": {"angle": 0, "axis": "x", "origin": [8, -13.25, 8]},
			"faces": {
				"north": {"uv": [9.25, 0, 9.34375, 0.3125], "texture": "#0"},
				"east": {"uv": [3, 5.75, 3.4375, 6.0625], "texture": "#0"},
				"south": {"uv": [0.25, 9.25, 0.34375, 9.5625], "texture": "#0"},
				"west": {"uv": [5.75, 3, 6.1875, 3.3125], "texture": "#0"},
				"up": {"uv": [8.34375, 6.9375, 8.25, 6.5], "texture": "#0"},
				"down": {"uv": [8.34375, 7, 8.25, 7.4375], "texture": "#0"}
			}
		},
		{
			"name": "hexadecagon",
			"from": [7.82595, -14, 7.125],
			"to": [8.17405, -12.75, 8.875],
			"rotation": {"angle": 22.5, "axis": "y", "origin": [8, -13.25, 8]},
			"faces": {
				"north": {"uv": [0.5, 9.25, 0.59375, 9.5625], "texture": "#0"},
				"east": {"uv": [3.5, 5.75, 3.9375, 6.0625], "texture": "#0"},
				"south": {"uv": [9.25, 0.5, 9.34375, 0.8125], "texture": "#0"},
				"west": {"uv": [5.75, 3.5, 6.1875, 3.8125], "texture": "#0"},
				"up": {"uv": [8.34375, 7.9375, 8.25, 7.5], "texture": "#0"},
				"down": {"uv": [8.34375, 8, 8.25, 8.4375], "texture": "#0"}
			}
		},
		{
			"name": "hexadecagon",
			"from": [7.82595, -14, 7.125],
			"to": [8.17405, -12.75, 8.875],
			"rotation": {"angle": 45, "axis": "y", "origin": [8, -13.25, 8]},
			"faces": {
				"north": {"uv": [0.75, 9.25, 0.84375, 9.5625], "texture": "#0"},
				"east": {"uv": [4, 5.75, 4.4375, 6.0625], "texture": "#0"},
				"south": {"uv": [1, 9.25, 1.09375, 9.5625], "texture": "#0"},
				"west": {"uv": [5.75, 4.25, 6.1875, 4.5625], "texture": "#0"},
				"up": {"uv": [8.59375, 0.4375, 8.5, 0], "texture": "#0"},
				"down": {"uv": [8.59375, 0.5, 8.5, 0.9375], "texture": "#0"}
			}
		},
		{
			"name": "hexadecagon",
			"from": [7.125, -14, 7.82595],
			"to": [8.875, -12.75, 8.17405],
			"rotation": {"angle": -22.5, "axis": "y", "origin": [8, -13.25, 8]},
			"faces": {
				"north": {"uv": [4.5, 5.75, 4.9375, 6.0625], "texture": "#0"},
				"east": {"uv": [9.25, 1, 9.34375, 1.3125], "texture": "#0"},
				"south": {"uv": [5.5, 5.75, 5.9375, 6.0625], "texture": "#0"},
				"west": {"uv": [1.25, 9.25, 1.34375, 9.5625], "texture": "#0"},
				"up": {"uv": [8.6875, 1.59375, 8.25, 1.5], "texture": "#0"},
				"down": {"uv": [8.6875, 5, 8.25, 5.09375], "texture": "#0"}
			}
		},
		{
			"name": "hexadecagon",
			"from": [7.125, -14, 7.82595],
			"to": [8.875, -12.75, 8.17405],
			"rotation": {"angle": 0, "axis": "x", "origin": [8, -13.25, 8]},
			"faces": {
				"north": {"uv": [6, 0.5, 6.4375, 0.8125], "texture": "#0"},
				"east": {"uv": [1.5, 9.25, 1.59375, 9.5625], "texture": "#0"},
				"south": {"uv": [6, 1, 6.4375, 1.3125], "texture": "#0"},
				"west": {"uv": [9.25, 1.5, 9.34375, 1.8125], "texture": "#0"},
				"up": {"uv": [8.9375, 2.59375, 8.5, 2.5], "texture": "#0"},
				"down": {"uv": [8.9375, 2.75, 8.5, 2.84375], "texture": "#0"}
			}
		},
		{
			"name": "hexadecagon",
			"from": [7.125, -14, 7.82595],
			"to": [8.875, -12.75, 8.17405],
			"rotation": {"angle": 22.5, "axis": "y", "origin": [8, -13.25, 8]},
			"faces": {
				"north": {"uv": [6, 1.5, 6.4375, 1.8125], "texture": "#0"},
				"east": {"uv": [1.75, 9.25, 1.84375, 9.5625], "texture": "#0"},
				"south": {"uv": [6, 2, 6.4375, 2.3125], "texture": "#0"},
				"west": {"uv": [2, 9.25, 2.09375, 9.5625], "texture": "#0"},
				"up": {"uv": [8.9375, 3.09375, 8.5, 3], "texture": "#0"},
				"down": {"uv": [8.9375, 3.25, 8.5, 3.34375], "texture": "#0"}
			}
		},
		{
			"name": "hexadecagon",
			"from": [7.85082, -15, 7.25],
			"to": [8.14918, -14, 8.75],
			"rotation": {"angle": -45, "axis": "y", "origin": [8, -14.5, 8]},
			"faces": {
				"north": {"uv": [3.5, 9.75, 3.5625, 10], "texture": "#0"},
				"east": {"uv": [4.25, 6.25, 4.625, 6.5], "texture": "#0"},
				"south": {"uv": [7.75, 9.75, 7.8125, 10], "texture": "#0"},
				"west": {"uv": [6.25, 4.25, 6.625, 4.5], "texture": "#0"},
				"up": {"uv": [4.3125, 9.625, 4.25, 9.25], "texture": "#0"},
				"down": {"uv": [9.3125, 4.25, 9.25, 4.625], "texture": "#0"}
			}
		},
		{
			"name": "hexadecagon",
			"from": [7.85082, -15, 7.25],
			"to": [8.14918, -14, 8.75],
			"rotation": {"angle": -22.5, "axis": "y", "origin": [8, -14.5, 8]},
			"faces": {
				"north": {"uv": [0.75, 10.25, 0.8125, 10.5], "texture": "#0"},
				"east": {"uv": [6.25, 4.5, 6.625, 4.75], "texture": "#0"},
				"south": {"uv": [1, 10.25, 1.0625, 10.5], "texture": "#0"},
				"west": {"uv": [6.25, 4.75, 6.625, 5], "texture": "#0"},
				"up": {"uv": [4.5625, 9.625, 4.5, 9.25], "texture": "#0"},
				"down": {"uv": [4.8125, 9.25, 4.75, 9.625], "texture": "#0"}
			}
		},
		{
			"name": "hexadecagon",
			"from": [7.85082, -15, 7.25],
			"to": [8.14918, -14, 8.75],
			"rotation": {"angle": 0, "axis": "x", "origin": [8, -14.5, 8]},
			"faces": {
				"north": {"uv": [1.25, 10.25, 1.3125, 10.5], "texture": "#0"},
				"east": {"uv": [6.25, 5, 6.625, 5.25], "texture": "#0"},
				"south": {"uv": [1.5, 10.25, 1.5625, 10.5], "texture": "#0"},
				"west": {"uv": [5.25, 6.25, 5.625, 6.5], "texture": "#0"},
				"up": {"uv": [9.3125, 5.125, 9.25, 4.75], "texture": "#0"},
				"down": {"uv": [5.0625, 9.25, 5, 9.625], "texture": "#0"}
			}
		},
		{
			"name": "hexadecagon",
			"from": [7.85082, -15, 7.25],
			"to": [8.14918, -14, 8.75],
			"rotation": {"angle": 22.5, "axis": "y", "origin": [8, -14.5, 8]},
			"faces": {
				"north": {"uv": [1.75, 10.25, 1.8125, 10.5], "texture": "#0"},
				"east": {"uv": [6.25, 5.25, 6.625, 5.5], "texture": "#0"},
				"south": {"uv": [2, 10.25, 2.0625, 10.5], "texture": "#0"},
				"west": {"uv": [6.25, 5.5, 6.625, 5.75], "texture": "#0"},
				"up": {"uv": [5.3125, 9.625, 5.25, 9.25], "texture": "#0"},
				"down": {"uv": [9.3125, 5.25, 9.25, 5.625], "texture": "#0"}
			}
		},
		{
			"name": "hexadecagon",
			"from": [7.85082, -15, 7.25],
			"to": [8.14918, -14, 8.75],
			"rotation": {"angle": 45, "axis": "y", "origin": [8, -14.5, 8]},
			"faces": {
				"north": {"uv": [10.25, 2, 10.3125, 2.25], "texture": "#0"},
				"east": {"uv": [5.75, 6.25, 6.125, 6.5], "texture": "#0"},
				"south": {"uv": [2.25, 10.25, 2.3125, 10.5], "texture": "#0"},
				"west": {"uv": [6.25, 6.25, 6.625, 6.5], "texture": "#0"},
				"up": {"uv": [5.5625, 9.625, 5.5, 9.25], "texture": "#0"},
				"down": {"uv": [5.8125, 9.25, 5.75, 9.625], "texture": "#0"}
			}
		},
		{
			"name": "hexadecagon",
			"from": [7.25, -15, 7.85082],
			"to": [8.75, -14, 8.14918],
			"rotation": {"angle": -22.5, "axis": "y", "origin": [8, -14.5, 8]},
			"faces": {
				"north": {"uv": [6.5, 0.5, 6.875, 0.75], "texture": "#0"},
				"east": {"uv": [10.25, 2.25, 10.3125, 2.5], "texture": "#0"},
				"south": {"uv": [6.5, 0.75, 6.875, 1], "texture": "#0"},
				"west": {"uv": [2.5, 10.25, 2.5625, 10.5], "texture": "#0"},
				"up": {"uv": [9.625, 5.8125, 9.25, 5.75], "texture": "#0"},
				"down": {"uv": [6.375, 9.25, 6, 9.3125], "texture": "#0"}
			}
		},
		{
			"name": "hexadecagon",
			"from": [7.25, -15, 7.85082],
			"to": [8.75, -14, 8.14918],
			"rotation": {"angle": 0, "axis": "x", "origin": [8, -14.5, 8]},
			"faces": {
				"north": {"uv": [1, 6.5, 1.375, 6.75], "texture": "#0"},
				"east": {"uv": [10.25, 2.5, 10.3125, 2.75], "texture": "#0"},
				"south": {"uv": [6.5, 1, 6.875, 1.25], "texture": "#0"},
				"west": {"uv": [2.75, 10.25, 2.8125, 10.5], "texture": "#0"},
				"up": {"uv": [9.625, 6.0625, 9.25, 6], "texture": "#0"},
				"down": {"uv": [9.625, 6.25, 9.25, 6.3125], "texture": "#0"}
			}
		},
		{
			"name": "hexadecagon",
			"from": [7.25, -15, 7.85082],
			"to": [8.75, -14, 8.14918],
			"rotation": {"angle": 22.5, "axis": "y", "origin": [8, -14.5, 8]},
			"faces": {
				"north": {"uv": [6.5, 1.25, 6.875, 1.5], "texture": "#0"},
				"east": {"uv": [10.25, 2.75, 10.3125, 3], "texture": "#0"},
				"south": {"uv": [1.5, 6.5, 1.875, 6.75], "texture": "#0"},
				"west": {"uv": [3, 10.25, 3.0625, 10.5], "texture": "#0"},
				"up": {"uv": [6.875, 9.3125, 6.5, 9.25], "texture": "#0"},
				"down": {"uv": [9.625, 6.5, 9.25, 6.5625], "texture": "#0"}
			}
		},
		{
			"name": "hexadecagon",
			"from": [7.80109, -12.25, 7.1],
			"to": [8.19891, -7.75, 8.9],
			"rotation": {"angle": -45, "axis": "y", "origin": [8, -12.25, 8]},
			"faces": {
				"north": {"uv": [2, 5.75, 2.09375, 6.875], "texture": "#0"},
				"east": {"uv": [2, 0, 2.4375, 1.125], "texture": "#0"},
				"south": {"uv": [5, 5.75, 5.09375, 6.875], "texture": "#0"},
				"west": {"uv": [2, 1.25, 2.4375, 2.375], "texture": "#0"},
				"up": {"uv": [0.84375, 8.9375, 0.75, 8.5], "texture": "#0"},
				"down": {"uv": [8.59375, 3.5, 8.5, 3.9375], "texture": "#0"}
			}
		},
		{
			"name": "hexadecagon",
			"from": [7.80109, -12.75, 7],
			"to": [8.19891, -12.25, 9],
			"rotation": {"angle": -45, "axis": "y", "origin": [8, -12.25, 8]},
			"faces": {
				"north": {"uv": [10.25, 6.25, 10.34375, 6.375], "texture": "#0"},
				"east": {"uv": [6.75, 5.75, 7.25, 5.875], "texture": "#0"},
				"south": {"uv": [10.25, 6.5, 10.34375, 6.625], "texture": "#0"},
				"west": {"uv": [7, 1.25, 7.5, 1.375], "texture": "#0"},
				"up": {"uv": [6.09375, 8, 6, 7.5], "texture": "#0"},
				"down": {"uv": [6.34375, 7.5, 6.25, 8], "texture": "#0"}
			}
		},
		{
			"name": "hexadecagon",
			"from": [7.80109, -12.75, 7],
			"to": [8.19891, -6.75, 9],
			"rotation": {"angle": -22.5, "axis": "y", "origin": [8, -12.25, 8]},
			"faces": {
				"north": {"uv": [2.5, 5.5, 2.59375, 7], "texture": "#0"},
				"east": {"uv": [1, 0, 1.5, 1.5], "texture": "#0"},
				"south": {"uv": [2.75, 5.5, 2.84375, 7], "texture": "#0"},
				"west": {"uv": [0, 1.5, 0.5, 3], "texture": "#0"},
				"up": {"uv": [6.59375, 8, 6.5, 7.5], "texture": "#0"},
				"down": {"uv": [7.59375, 6.5, 7.5, 7], "texture": "#0"}
			}
		},
		{
			"name": "hexadecagon",
			"from": [7.80109, -12.75, 7],
			"to": [8.19891, -12.25, 9],
			"rotation": {"angle": 0, "axis": "x", "origin": [8, -12.25, 8]},
			"faces": {
				"north": {"uv": [6.75, 10.25, 6.84375, 10.375], "texture": "#0"},
				"east": {"uv": [7, 2.25, 7.5, 2.375], "texture": "#0"},
				"south": {"uv": [7, 10.25, 7.09375, 10.375], "texture": "#0"},
				"west": {"uv": [7.25, 2.5, 7.75, 2.625], "texture": "#0"},
				"up": {"uv": [7.59375, 7.5, 7.5, 7], "texture": "#0"},
				"down": {"uv": [7.59375, 7.5, 7.5, 8], "texture": "#0"}
			}
		},
		{
			"name": "hexadecagon",
			"from": [7.80109, -12.25, 7.1],
			"to": [8.19891, -7.75, 8.9],
			"rotation": {"angle": 0, "axis": "x", "origin": [8, -12.25, 8]},
			"faces": {
				"north": {"uv": [6.25, 2.75, 6.34375, 3.875], "texture": "#0"},
				"east": {"uv": [2.5, 0, 2.9375, 1.125], "texture": "#0"},
				"south": {"uv": [3, 6.25, 3.09375, 7.375], "texture": "#0"},
				"west": {"uv": [2.5, 1.25, 2.9375, 2.375], "texture": "#0"},
				"up": {"uv": [8.59375, 4.4375, 8.5, 4], "texture": "#0"},
				"down": {"uv": [8.59375, 4.5, 8.5, 4.9375], "texture": "#0"}
			}
		},
		{
			"name": "hexadecagon",
			"from": [7.80109, -7.75, 6.9],
			"to": [8.19891, -6.75, 9.1],
			"rotation": {"angle": 0, "axis": "x", "origin": [8, -12.25, 8]},
			"faces": {
				"north": {"uv": [9.25, 6.75, 9.34375, 7], "texture": "#0"},
				"east": {"uv": [5.25, 4, 5.8125, 4.25], "texture": "#0"},
				"south": {"uv": [7, 9.25, 7.09375, 9.5], "texture": "#0"},
				"west": {"uv": [3, 5.5, 3.5625, 5.75], "texture": "#0"},
				"up": {"uv": [7.34375, 7.0625, 7.25, 6.5], "texture": "#0"},
				"down": {"uv": [7.34375, 7.25, 7.25, 7.8125], "texture": "#0"}
			}
		},
		{
			"name": "hexadecagon",
			"from": [6.9, -7.75, 7.80109],
			"to": [9.1, -6.75, 8.19891],
			"rotation": {"angle": 0, "axis": "x", "origin": [8, -12.25, 8]},
			"faces": {
				"north": {"uv": [3.75, 5.5, 4.3125, 5.75], "texture": "#0"},
				"east": {"uv": [7.25, 9.25, 7.34375, 9.5], "texture": "#0"},
				"south": {"uv": [4.5, 5.5, 5.0625, 5.75], "texture": "#0"},
				"west": {"uv": [7.5, 9.25, 7.59375, 9.5], "texture": "#0"},
				"up": {"uv": [8.0625, 0.09375, 7.5, 0], "texture": "#0"},
				"down": {"uv": [8.0625, 0.25, 7.5, 0.34375], "texture": "#0"}
			}
		},
		{
			"name": "hexadecagon",
			"from": [6.9, -7.75, 7.80109],
			"to": [9.1, -6.75, 8.19891],
			"rotation": {"angle": -45, "axis": "y", "origin": [8, -12.25, 8]},
			"faces": {
				"north": {"uv": [5.5, 4.75, 6.0625, 5], "texture": "#0"},
				"east": {"uv": [7.75, 9.25, 7.84375, 9.5], "texture": "#0"},
				"south": {"uv": [5.5, 5, 6.0625, 5.25], "texture": "#0"},
				"west": {"uv": [8, 9.25, 8.09375, 9.5], "texture": "#0"},
				"up": {"uv": [8.0625, 0.59375, 7.5, 0.5], "texture": "#0"},
				"down": {"uv": [8.0625, 0.75, 7.5, 0.84375], "texture": "#0"}
			}
		},
		{
			"name": "hexadecagon",
			"from": [7.80109, -7.75, 6.9],
			"to": [8.19891, -6.75, 9.1],
			"rotation": {"angle": -45, "axis": "y", "origin": [8, -12.25, 8]},
			"faces": {
				"north": {"uv": [8.25, 9.25, 8.34375, 9.5], "texture": "#0"},
				"east": {"uv": [5.5, 5.25, 6.0625, 5.5], "texture": "#0"},
				"south": {"uv": [8.5, 9.25, 8.59375, 9.5], "texture": "#0"},
				"west": {"uv": [5.5, 5.5, 6.0625, 5.75], "texture": "#0"},
				"up": {"uv": [1.09375, 8.0625, 1, 7.5], "texture": "#0"},
				"down": {"uv": [7.59375, 1, 7.5, 1.5625], "texture": "#0"}
			}
		},
		{
			"name": "hexadecagon",
			"from": [7.80109, -12.75, 7],
			"to": [8.19891, -6.75, 9],
			"rotation": {"angle": 22.5, "axis": "y", "origin": [8, -12.25, 8]},
			"faces": {
				"north": {"uv": [0, 5.75, 0.09375, 7.25], "texture": "#0"},
				"east": {"uv": [1.5, 0, 2, 1.5], "texture": "#0"},
				"south": {"uv": [0.25, 5.75, 0.34375, 7.25], "texture": "#0"},
				"west": {"uv": [0.5, 1.5, 1, 3], "texture": "#0"},
				"up": {"uv": [7.84375, 1.5, 7.75, 1], "texture": "#0"},
				"down": {"uv": [1.59375, 7.75, 1.5, 8.25], "texture": "#0"}
			}
		},
		{
			"name": "hexadecagon",
			"from": [7.80109, -12.25, 7.1],
			"to": [8.19891, -7.75, 8.9],
			"rotation": {"angle": 45, "axis": "y", "origin": [8, -12.25, 8]},
			"faces": {
				"north": {"uv": [3.25, 6.25, 3.34375, 7.375], "texture": "#0"},
				"east": {"uv": [2, 2.5, 2.4375, 3.625], "texture": "#0"},
				"south": {"uv": [3.5, 6.25, 3.59375, 7.375], "texture": "#0"},
				"west": {"uv": [2.5, 2.5, 2.9375, 3.625], "texture": "#0"},
				"up": {"uv": [8.59375, 6.9375, 8.5, 6.5], "texture": "#0"},
				"down": {"uv": [6.84375, 8.5, 6.75, 8.9375], "texture": "#0"}
			}
		},
		{
			"name": "hexadecagon",
			"from": [7.80109, -12.75, 7],
			"to": [8.19891, -12.25, 9],
			"rotation": {"angle": 45, "axis": "y", "origin": [8, -12.25, 8]},
			"faces": {
				"north": {"uv": [7.25, 10.25, 7.34375, 10.375], "texture": "#0"},
				"east": {"uv": [7.25, 2.75, 7.75, 2.875], "texture": "#0"},
				"south": {"uv": [7.5, 10.25, 7.59375, 10.375], "texture": "#0"},
				"west": {"uv": [7.25, 3, 7.75, 3.125], "texture": "#0"},
				"up": {"uv": [1.84375, 8.25, 1.75, 7.75], "texture": "#0"},
				"down": {"uv": [2.09375, 7.75, 2, 8.25], "texture": "#0"}
			}
		},
		{
			"name": "hexadecagon",
			"from": [7, -12.75, 7.80109],
			"to": [9, -6.75, 8.19891],
			"rotation": {"angle": -22.5, "axis": "y", "origin": [8, -12.25, 8]},
			"faces": {
				"north": {"uv": [0, 0, 0.5, 1.5], "texture": "#0"},
				"east": {"uv": [5.25, 4.75, 5.34375, 6.25], "texture": "#0"},
				"south": {"uv": [0.5, 0, 1, 1.5], "texture": "#0"},
				"west": {"uv": [2.25, 5.5, 2.34375, 7], "texture": "#0"},
				"up": {"uv": [8, 1.84375, 7.5, 1.75], "texture": "#0"},
				"down": {"uv": [8, 2, 7.5, 2.09375], "texture": "#0"}
			}
		},
		{
			"name": "hexadecagon",
			"from": [7.1, -12.25, 7.80109],
			"to": [8.9, -7.75, 8.19891],
			"rotation": {"angle": 0, "axis": "x", "origin": [8, -12.25, 8]},
			"faces": {
				"north": {"uv": [0, 3, 0.4375, 4.125], "texture": "#0"},
				"east": {"uv": [3.75, 6.25, 3.84375, 7.375], "texture": "#0"},
				"south": {"uv": [3, 0, 3.4375, 1.125], "texture": "#0"},
				"west": {"uv": [4, 6.25, 4.09375, 7.375], "texture": "#0"},
				"up": {"uv": [7.4375, 8.59375, 7, 8.5], "texture": "#0"},
				"down": {"uv": [8.9375, 7, 8.5, 7.09375], "texture": "#0"}
			}
		},
		{
			"name": "hexadecagon",
			"from": [7, -12.75, 7.80109],
			"to": [9, -12.25, 8.19891],
			"rotation": {"angle": 0, "axis": "x", "origin": [8, -12.25, 8]},
			"faces": {
				"north": {"uv": [7.25, 3.25, 7.75, 3.375], "texture": "#0"},
				"east": {"uv": [7.75, 10.25, 7.84375, 10.375], "texture": "#0"},
				"south": {"uv": [7.25, 3.5, 7.75, 3.625], "texture": "#0"},
				"west": {"uv": [8, 10.25, 8.09375, 10.375], "texture": "#0"},
				"up": {"uv": [8, 6.09375, 7.5, 6], "texture": "#0"},
				"down": {"uv": [8.25, 1.5, 7.75, 1.59375], "texture": "#0"}
			}
		},
		{
			"name": "hexadecagon",
			"from": [7, -12.75, 7.80109],
			"to": [9, -6.75, 8.19891],
			"rotation": {"angle": 22.5, "axis": "y", "origin": [8, -12.25, 8]},
			"faces": {
				"north": {"uv": [1, 1.5, 1.5, 3], "texture": "#0"},
				"east": {"uv": [0.5, 5.75, 0.59375, 7.25], "texture": "#0"},
				"south": {"uv": [1.5, 1.5, 2, 3], "texture": "#0"},
				"west": {"uv": [0.75, 5.75, 0.84375, 7.25], "texture": "#0"},
				"up": {"uv": [2.75, 7.84375, 2.25, 7.75], "texture": "#0"},
				"down": {"uv": [8.25, 2.5, 7.75, 2.59375], "texture": "#0"}
			}
		},
		{
			"name": "hexadecagon",
			"from": [7.75136, -6.75, 6.75],
			"to": [8.24864, -4.5, 9.25],
			"rotation": {"angle": -45, "axis": "y", "origin": [8, -6.25, 8]},
			"faces": {
				"north": {"uv": [6.75, 4, 6.875, 4.5625], "texture": "#0"},
				"east": {"uv": [3.75, 0.75, 4.375, 1.3125], "texture": "#0"},
				"south": {"uv": [6.75, 4.75, 6.875, 5.3125], "texture": "#0"},
				"west": {"uv": [1.25, 3.75, 1.875, 4.3125], "texture": "#0"},
				"up": {"uv": [4.375, 7.125, 4.25, 6.5], "texture": "#0"},
				"down": {"uv": [4.625, 6.5, 4.5, 7.125], "texture": "#0"}
			}
		},
		{
			"name": "hexadecagon",
			"from": [7.75136, -6.75, 6.75],
			"to": [8.24864, -4.5, 9.25],
			"rotation": {"angle": -22.5, "axis": "y", "origin": [8, -6.25, 8]},
			"faces": {
				"north": {"uv": [6.75, 6.25, 6.875, 6.8125], "texture": "#0"},
				"east": {"uv": [3.75, 1.5, 4.375, 2.0625], "texture": "#0"},
				"south": {"uv": [7, 0.5, 7.125, 1.0625], "texture": "#0"},
				"west": {"uv": [2, 3.75, 2.625, 4.3125], "texture": "#0"},
				"up": {"uv": [5.375, 7.125, 5.25, 6.5], "texture": "#0"},
				"down": {"uv": [5.625, 6.5, 5.5, 7.125], "texture": "#0"}
			}
		},
		{
			"name": "hexadecagon",
			"from": [7.75136, -6.75, 6.75],
			"to": [8.24864, -4.5, 9.25],
			"rotation": {"angle": 0, "axis": "x", "origin": [8, -6.25, 8]},
			"faces": {
				"north": {"uv": [1.5, 7, 1.625, 7.5625], "texture": "#0"},
				"east": {"uv": [3.75, 2.25, 4.375, 2.8125], "texture": "#0"},
				"south": {"uv": [1.75, 7, 1.875, 7.5625], "texture": "#0"},
				"west": {"uv": [3.75, 3, 4.375, 3.5625], "texture": "#0"},
				"up": {"uv": [5.875, 7.125, 5.75, 6.5], "texture": "#0"},
				"down": {"uv": [6.125, 6.5, 6, 7.125], "texture": "#0"}
			}
		},
		{
			"name": "hexadecagon",
			"from": [7.50136, -4.5, 7],
			"to": [8.49864, -4, 9],
			"rotation": {"angle": 0, "axis": "x", "origin": [8, -6.25, 8]},
			"faces": {
				"north": {"uv": [3.5, 4.25, 3.75, 4.375], "texture": "#0"},
				"east": {"uv": [7.25, 3.75, 7.75, 3.875], "texture": "#0"},
				"south": {"uv": [5, 0.5, 5.25, 0.625], "texture": "#0"},
				"west": {"uv": [7.25, 4, 7.75, 4.125], "texture": "#0"},
				"up": {"uv": [3.75, 1.25, 3.5, 0.75], "texture": "#0"},
				"down": {"uv": [3, 3.75, 2.75, 4.25], "texture": "#0"}
			}
		},
		{
			"name": "hexadecagon",
			"from": [7.75136, -4.95, 6.65],
			"to": [8.24864, -4.25, 9.35],
			"rotation": {"angle": 0, "axis": "x", "origin": [8, -6.25, 8]},
			"faces": {
				"north": {"uv": [9.25, 8.75, 9.375, 8.9375], "texture": "#0"},
				"east": {"uv": [6, 4, 6.6875, 4.1875], "texture": "#0"},
				"south": {"uv": [9, 9.25, 9.125, 9.4375], "texture": "#0"},
				"west": {"uv": [6, 5.75, 6.6875, 5.9375], "texture": "#0"},
				"up": {"uv": [4.875, 6.9375, 4.75, 6.25], "texture": "#0"},
				"down": {"uv": [6.625, 1.5, 6.5, 2.1875], "texture": "#0"}
			}
		},
		{
			"name": "hexadecagon",
			"from": [7.25136, -5.85, 6.65],
			"to": [8.74864, -5.75, 8.35],
			"rotation": {"angle": 0, "axis": "x", "origin": [8, -6.25, 8]},
			"faces": {
				"north": {"uv": [10.25, 8, 10.625, 8.03125], "texture": "#0"},
				"east": {"uv": [10.25, 3, 10.6875, 3.03125], "texture": "#0"},
				"south": {"uv": [8.25, 10.25, 8.625, 10.28125], "texture": "#0"},
				"west": {"uv": [3.25, 10.25, 3.6875, 10.28125], "texture": "#0"},
				"up": {"uv": [2.625, 4.9375, 2.25, 4.5], "texture": "#0"},
				"down": {"uv": [5.625, 2.5, 5.25, 2.9375], "texture": "#0"}
			}
		},
		{
			"name": "hexadecagon",
			"from": [7.25136, -5.05, 6.65],
			"to": [8.74864, -4.95, 8.35],
			"rotation": {"angle": 0, "axis": "x", "origin": [8, -6.25, 8]},
			"faces": {
				"north": {"uv": [10.25, 8.25, 10.625, 8.28125], "texture": "#0"},
				"east": {"uv": [10.25, 3.25, 10.6875, 3.28125], "texture": "#0"},
				"south": {"uv": [10.25, 8.5, 10.625, 8.53125], "texture": "#0"},
				"west": {"uv": [10.25, 3.5, 10.6875, 3.53125], "texture": "#0"},
				"up": {"uv": [5.625, 3.4375, 5.25, 3], "texture": "#0"},
				"down": {"uv": [5.625, 3.5, 5.25, 3.9375], "texture": "#0"}
			}
		},
		{
			"name": "hexadecagon",
			"from": [8.65136, -5.75, 6.65],
			"to": [8.74864, -5.05, 8.35],
			"rotation": {"angle": 0, "axis": "x", "origin": [8, -6.25, 8]},
			"faces": {
				"north": {"uv": [8.25, 10.5, 8.28125, 10.6875], "texture": "#0"},
				"east": {"uv": [6.5, 2.25, 6.9375, 2.4375], "texture": "#0"},
				"south": {"uv": [8.5, 10.5, 8.53125, 10.6875], "texture": "#0"},
				"west": {"uv": [6.5, 2.75, 6.9375, 2.9375], "texture": "#0"},
				"up": {"uv": [3.78125, 10.6875, 3.75, 10.25], "texture": "#0"},
				"down": {"uv": [4.03125, 10.25, 4, 10.6875], "texture": "#0"}
			}
		},
		{
			"name": "hexadecagon",
			"from": [7.25136, -5.75, 6.65],
			"to": [7.34864, -5.05, 8.35],
			"rotation": {"angle": 0, "axis": "x", "origin": [8, -6.25, 8]},
			"faces": {
				"north": {"uv": [8.75, 10.5, 8.78125, 10.6875], "texture": "#0"},
				"east": {"uv": [6.5, 3, 6.9375, 3.1875], "texture": "#0"},
				"south": {"uv": [10.5, 8.75, 10.53125, 8.9375], "texture": "#0"},
				"west": {"uv": [6.5, 3.25, 6.9375, 3.4375], "texture": "#0"},
				"up": {"uv": [4.28125, 10.6875, 4.25, 10.25], "texture": "#0"},
				"down": {"uv": [4.53125, 10.25, 4.5, 10.6875], "texture": "#0"}
			}
		},
		{
			"name": "hexadecagon",
			"from": [7.55136, -5.75, 6.65],
			"to": [7.64864, -5.05, 8.35],
			"rotation": {"angle": 0, "axis": "x", "origin": [8, -6.25, 8]},
			"faces": {
				"north": {"uv": [9, 10.5, 9.03125, 10.6875], "texture": "#0"},
				"east": {"uv": [6.5, 3.5, 6.9375, 3.6875], "texture": "#0"},
				"south": {"uv": [10.5, 9, 10.53125, 9.1875], "texture": "#0"},
				"west": {"uv": [6.5, 3.75, 6.9375, 3.9375], "texture": "#0"},
				"up": {"uv": [4.78125, 10.6875, 4.75, 10.25], "texture": "#0"},
				"down": {"uv": [5.03125, 10.25, 5, 10.6875], "texture": "#0"}
			}
		},
		{
			"name": "hexadecagon",
			"from": [8.25136, -5.75, 6.75],
			"to": [8.44864, -5.05, 8.35],
			"rotation": {"angle": 0, "axis": "x", "origin": [8, -6.25, 8]},
			"faces": {
				"north": {"uv": [8.75, 10.25, 8.8125, 10.4375], "texture": "#0"},
				"east": {"uv": [1.5, 6.75, 1.90625, 6.9375], "texture": "#0"},
				"south": {"uv": [10.25, 8.75, 10.3125, 8.9375], "texture": "#0"},
				"west": {"uv": [6.75, 2.5, 7.15625, 2.6875], "texture": "#0"},
				"up": {"uv": [3.5625, 9.65625, 3.5, 9.25], "texture": "#0"},
				"down": {"uv": [9.3125, 3.5, 9.25, 3.90625], "texture": "#0"}
			}
		},
		{
			"name": "hexadecagon",
			"from": [8.25136, -5.45, 6.65],
			"to": [8.44864, -5.25, 6.75],
			"rotation": {"angle": 0, "axis": "x", "origin": [8, -6.25, 8]},
			"faces": {
				"north": {"uv": [10.25, 10.5, 10.3125, 10.5625], "texture": "#0"},
				"east": {"uv": [10.75, 8.75, 10.78125, 8.8125], "texture": "#0"},
				"south": {"uv": [10.5, 10.25, 10.5625, 10.3125], "texture": "#0"},
				"west": {"uv": [9, 10.75, 9.03125, 10.8125], "texture": "#0"},
				"up": {"uv": [10.8125, 9.03125, 10.75, 9], "texture": "#0"},
				"down": {"uv": [9.3125, 10.75, 9.25, 10.78125], "texture": "#0"}
			}
		},
		{
			"name": "hexadecagon",
			"from": [7.35136, -5.65, 6.65],
			"to": [7.54864, -5.55, 8.35],
			"rotation": {"angle": 0, "axis": "x", "origin": [8, -6.25, 8]},
			"faces": {
				"north": {"uv": [10.75, 9.25, 10.8125, 9.28125], "texture": "#0"},
				"east": {"uv": [10.25, 3.75, 10.6875, 3.78125], "texture": "#0"},
				"south": {"uv": [9.5, 10.75, 9.5625, 10.78125], "texture": "#0"},
				"west": {"uv": [5.25, 10.25, 5.6875, 10.28125], "texture": "#0"},
				"up": {"uv": [9.3125, 2.4375, 9.25, 2], "texture": "#0"},
				"down": {"uv": [2.3125, 9.25, 2.25, 9.6875], "texture": "#0"}
			}
		},
		{
			"name": "hexadecagon",
			"from": [7.35136, -5.25, 6.65],
			"to": [7.54864, -5.15, 8.35],
			"rotation": {"angle": 0, "axis": "x", "origin": [8, -6.25, 8]},
			"faces": {
				"north": {"uv": [10.75, 9.5, 10.8125, 9.53125], "texture": "#0"},
				"east": {"uv": [5.75, 10.25, 6.1875, 10.28125], "texture": "#0"},
				"south": {"uv": [9.75, 10.75, 9.8125, 10.78125], "texture": "#0"},
				"west": {"uv": [10.25, 5.75, 10.6875, 5.78125], "texture": "#0"},
				"up": {"uv": [2.5625, 9.6875, 2.5, 9.25], "texture": "#0"},
				"down": {"uv": [2.8125, 9.25, 2.75, 9.6875], "texture": "#0"}
			}
		},
		{
			"name": "hexadecagon",
			"from": [7.35136, -5.45, 6.65],
			"to": [7.54864, -5.35, 8.35],
			"rotation": {"angle": 0, "axis": "x", "origin": [8, -6.25, 8]},
			"faces": {
				"north": {"uv": [10.75, 9.75, 10.8125, 9.78125], "texture": "#0"},
				"east": {"uv": [10.25, 6, 10.6875, 6.03125], "texture": "#0"},
				"south": {"uv": [10, 10.75, 10.0625, 10.78125], "texture": "#0"},
				"west": {"uv": [6.25, 10.25, 6.6875, 10.28125], "texture": "#0"},
				"up": {"uv": [3.0625, 9.6875, 3, 9.25], "texture": "#0"},
				"down": {"uv": [3.3125, 9.25, 3.25, 9.6875], "texture": "#0"}
			}
		},
		{
			"name": "hexadecagon",
			"from": [7.75136, -4, 7],
			"to": [8.24864, -3.6, 9],
			"rotation": {"angle": 0, "axis": "x", "origin": [8, -6.25, 8]},
			"faces": {
				"north": {"uv": [9, 10.25, 9.125, 10.34375], "texture": "#0"},
				"east": {"uv": [7.75, 2.75, 8.25, 2.84375], "texture": "#0"},
				"south": {"uv": [9.25, 10.25, 9.375, 10.34375], "texture": "#0"},
				"west": {"uv": [7.75, 3, 8.25, 3.09375], "texture": "#0"},
				"up": {"uv": [4.375, 7.75, 4.25, 7.25], "texture": "#0"},
				"down": {"uv": [7.375, 4.25, 7.25, 4.75], "texture": "#0"}
			}
		},
		{
			"name": "hexadecagon",
			"from": [7.75136, -6.75, 6.75],
			"to": [8.24864, -4.5, 9.25],
			"rotation": {"angle": 22.5, "axis": "y", "origin": [8, -6.25, 8]},
			"faces": {
				"north": {"uv": [2, 7, 2.125, 7.5625], "texture": "#0"},
				"east": {"uv": [3.75, 3.75, 4.375, 4.3125], "texture": "#0"},
				"south": {"uv": [2.25, 7, 2.375, 7.5625], "texture": "#0"},
				"west": {"uv": [4.25, 0, 4.875, 0.5625], "texture": "#0"},
				"up": {"uv": [6.375, 7.125, 6.25, 6.5], "texture": "#0"},
				"down": {"uv": [6.625, 6.5, 6.5, 7.125], "texture": "#0"}
			}
		},
		{
			"name": "hexadecagon",
			"from": [7.75136, -6.75, 6.75],
			"to": [8.24864, -4.5, 9.25],
			"rotation": {"angle": 45, "axis": "y", "origin": [8, -6.25, 8]},
			"faces": {
				"north": {"uv": [2.5, 7, 2.625, 7.5625], "texture": "#0"},
				"east": {"uv": [2.75, 4.25, 3.375, 4.8125], "texture": "#0"},
				"south": {"uv": [2.75, 7, 2.875, 7.5625], "texture": "#0"},
				"west": {"uv": [0, 4.5, 0.625, 5.0625], "texture": "#0"},
				"up": {"uv": [1.125, 7.375, 1, 6.75], "texture": "#0"},
				"down": {"uv": [1.375, 6.75, 1.25, 7.375], "texture": "#0"}
			}
		},
		{
			"name": "hexadecagon",
			"from": [6.75, -6.75, 7.75136],
			"to": [9.25, -4.5, 8.24864],
			"rotation": {"angle": -22.5, "axis": "y", "origin": [8, -6.25, 8]},
			"faces": {
				"north": {"uv": [0.75, 4.5, 1.375, 5.0625], "texture": "#0"},
				"east": {"uv": [7, 2.75, 7.125, 3.3125], "texture": "#0"},
				"south": {"uv": [4.5, 0.75, 5.125, 1.3125], "texture": "#0"},
				"west": {"uv": [7, 3.5, 7.125, 4.0625], "texture": "#0"},
				"up": {"uv": [7.125, 6.125, 6.5, 6], "texture": "#0"},
				"down": {"uv": [7.375, 0, 6.75, 0.125], "texture": "#0"}
			}
		},
		{
			"name": "hexadecagon",
			"from": [6.75, -6.75, 7.75136],
			"to": [9.25, -4.5, 8.24864],
			"rotation": {"angle": 0, "axis": "x", "origin": [8, -6.25, 8]},
			"faces": {
				"north": {"uv": [1.5, 4.5, 2.125, 5.0625], "texture": "#0"},
				"east": {"uv": [7, 4.25, 7.125, 4.8125], "texture": "#0"},
				"south": {"uv": [4.5, 1.5, 5.125, 2.0625], "texture": "#0"},
				"west": {"uv": [4.75, 7, 4.875, 7.5625], "texture": "#0"},
				"up": {"uv": [7.375, 0.375, 6.75, 0.25], "texture": "#0"},
				"down": {"uv": [7.375, 1.5, 6.75, 1.625], "texture": "#0"}
			}
		},
		{
			"name": "hexadecagon",
			"from": [6.75, -6.75, 7.75136],
			"to": [9.25, -4.5, 8.24864],
			"rotation": {"angle": 22.5, "axis": "y", "origin": [8, -6.25, 8]},
			"faces": {
				"north": {"uv": [4.5, 2.25, 5.125, 2.8125], "texture": "#0"},
				"east": {"uv": [5, 7, 5.125, 7.5625], "texture": "#0"},
				"south": {"uv": [4.5, 3, 5.125, 3.5625], "texture": "#0"},
				"west": {"uv": [7, 5, 7.125, 5.5625], "texture": "#0"},
				"up": {"uv": [7.375, 1.875, 6.75, 1.75], "texture": "#0"},
				"down": {"uv": [7.375, 2, 6.75, 2.125], "texture": "#0"}
			}
		},
		{
			"name": "hexadecagon",
			"from": [8.15762, -6.85, 6.80626],
			"to": [8.2549, -6.05, 6.95626],
			"rotation": {"angle": -45, "axis": "y", "origin": [8.10626, -6, 8.10626]},
			"faces": {
				"north": {"uv": [9.25, 10.5, 9.28125, 10.6875], "texture": "#0"},
				"east": {"uv": [10.5, 9.25, 10.53125, 9.4375], "texture": "#0"},
				"south": {"uv": [9.5, 10.5, 9.53125, 10.6875], "texture": "#0"},
				"west": {"uv": [10.5, 9.5, 10.53125, 9.6875], "texture": "#0"},
				"up": {"uv": [10.78125, 10.03125, 10.75, 10], "texture": "#0"},
				"down": {"uv": [10.28125, 10.75, 10.25, 10.78125], "texture": "#0"}
			}
		},
		{
			"name": "hexadecagon",
			"from": [7.15762, -6.15, 6.80626],
			"to": [8.1549, -6.05, 6.95626],
			"rotation": {"angle": -45, "axis": "y", "origin": [8.10626, -6, 8.10626]},
			"faces": {
				"north": {"uv": [9.5, 10.25, 9.75, 10.28125], "texture": "#0"},
				"east": {"uv": [10.75, 10.25, 10.78125, 10.28125], "texture": "#0"},
				"south": {"uv": [10.25, 9.5, 10.5, 9.53125], "texture": "#0"},
				"west": {"uv": [10.5, 10.75, 10.53125, 10.78125], "texture": "#0"},
				"up": {"uv": [10, 10.28125, 9.75, 10.25], "texture": "#0"},
				"down": {"uv": [10.5, 9.75, 10.25, 9.78125], "texture": "#0"}
			}
		},
		{
			"name": "hexadecagon",
			"from": [7.05762, -6.15, 6.80626],
			"to": [7.1549, -5.65, 6.95626],
			"rotation": {"angle": -45, "axis": "y", "origin": [8.10626, -6, 8.10626]},
			"faces": {
				"north": {"uv": [10.5, 10.5, 10.53125, 10.625], "texture": "#0"},
				"east": {"uv": [0, 10.75, 0.03125, 10.875], "texture": "#0"},
				"south": {"uv": [10.75, 0, 10.78125, 0.125], "texture": "#0"},
				"west": {"uv": [0.25, 10.75, 0.28125, 10.875], "texture": "#0"},
				"up": {"uv": [10.78125, 10.53125, 10.75, 10.5], "texture": "#0"},
				"down": {"uv": [10.78125, 10.75, 10.75, 10.78125], "texture": "#0"}
			}
		},
		{
			"name": "hexadecagon",
			"from": [6.85762, -5.75, 7.30626],
			"to": [6.9549, -5.05, 7.45626],
			"rotation": {"angle": -45, "axis": "y", "origin": [8.10626, -6, 8.10626]},
			"faces": {
				"north": {"uv": [9.75, 10.5, 9.78125, 10.6875], "texture": "#0"},
				"east": {"uv": [10.5, 9.75, 10.53125, 9.9375], "texture": "#0"},
				"south": {"uv": [10, 10.5, 10.03125, 10.6875], "texture": "#0"},
				"west": {"uv": [10.5, 10, 10.53125, 10.1875], "texture": "#0"},
				"up": {"uv": [0.03125, 11.03125, 0, 11], "texture": "#0"},
				"down": {"uv": [11.03125, 0, 11, 0.03125], "texture": "#0"}
			}
		},
		{
			"name": "hexadecagon",
			"from": [7.09297, -5.75, 6.9709],
			"to": [7.19025, -5.65, 7.3209],
			"rotation": {"angle": -45, "axis": "y", "origin": [8.14161, -6, 8.0709]},
			"faces": {
				"north": {"uv": [0.25, 11, 0.28125, 11.03125], "texture": "#0"},
				"east": {"uv": [10.75, 8.25, 10.84375, 8.28125], "texture": "#0"},
				"south": {"uv": [11, 0.25, 11.03125, 0.28125], "texture": "#0"},
				"west": {"uv": [8.5, 10.75, 8.59375, 10.78125], "texture": "#0"},
				"up": {"uv": [10.78125, 8.59375, 10.75, 8.5], "texture": "#0"},
				"down": {"uv": [8.78125, 10.75, 8.75, 10.84375], "texture": "#0"}
			}
		},
		{
			"name": "hexadecagon",
			"from": [8.15762, -12.95, 6.95626],
			"to": [8.2549, -6.75, 7.10626],
			"rotation": {"angle": -45, "axis": "y", "origin": [8.10626, -6.25, 8.10626]},
			"faces": {
				"north": {"uv": [1.25, 7.5, 1.28125, 9.0625], "texture": "#0"},
				"east": {"uv": [3, 7.5, 3.03125, 9.0625], "texture": "#0"},
				"south": {"uv": [3.25, 7.5, 3.28125, 9.0625], "texture": "#0"},
				"west": {"uv": [3.5, 7.5, 3.53125, 9.0625], "texture": "#0"},
				"up": {"uv": [0.53125, 11.03125, 0.5, 11], "texture": "#0"},
				"down": {"uv": [11.03125, 0.5, 11, 0.53125], "texture": "#0"}
			}
		},
		{
			"name": "hexadecagon",
			"from": [8.19297, -13.75, 7.1209],
			"to": [8.29025, -12.75, 7.2709],
			"rotation": {"angle": -45, "axis": "y", "origin": [8.14161, -6.1, 8.0709]},
			"faces": {
				"north": {"uv": [10.25, 10, 10.28125, 10.25], "texture": "#0"},
				"east": {"uv": [10.25, 10.25, 10.28125, 10.5], "texture": "#0"},
				"south": {"uv": [10.5, 0, 10.53125, 0.25], "texture": "#0"},
				"west": {"uv": [10.5, 0.25, 10.53125, 0.5], "texture": "#0"},
				"up": {"uv": [0.78125, 11.03125, 0.75, 11], "texture": "#0"},
				"down": {"uv": [11.03125, 0.75, 11, 0.78125], "texture": "#0"}
			}
		},
		{
			"name": "hexadecagon",
			"from": [7.85082, -3.75, 7.25],
			"to": [8.14918, -3.25, 8.75],
			"rotation": {"angle": -45, "axis": "y", "origin": [8, -3.25, 8]},
			"faces": {
				"north": {"uv": [10.5, 0.5, 10.5625, 0.625], "texture": "#0"},
				"east": {"uv": [7.75, 3.25, 8.125, 3.375], "texture": "#0"},
				"south": {"uv": [0.75, 10.5, 0.8125, 10.625], "texture": "#0"},
				"west": {"uv": [7.75, 3.5, 8.125, 3.625], "texture": "#0"},
				"up": {"uv": [9.3125, 9.375, 9.25, 9], "texture": "#0"},
				"down": {"uv": [9.5625, 0, 9.5, 0.375], "texture": "#0"}
			}
		},
		{
			"name": "hexadecagon",
			"from": [7.85082, -3.75, 7.25],
			"to": [8.14918, -3.25, 8.75],
			"rotation": {"angle": -22.5, "axis": "y", "origin": [8, -3.25, 8]},
			"faces": {
				"north": {"uv": [10.5, 0.75, 10.5625, 0.875], "texture": "#0"},
				"east": {"uv": [7.75, 3.75, 8.125, 3.875], "texture": "#0"},
				"south": {"uv": [1, 10.5, 1.0625, 10.625], "texture": "#0"},
				"west": {"uv": [7.75, 4, 8.125, 4.125], "texture": "#0"},
				"up": {"uv": [9.5625, 0.875, 9.5, 0.5], "texture": "#0"},
				"down": {"uv": [9.5625, 1, 9.5, 1.375], "texture": "#0"}
			}
		},
		{
			"name": "hexadecagon",
			"from": [7.85082, -3.75, 7.25],
			"to": [8.14918, -3.25, 8.75],
			"rotation": {"angle": 0, "axis": "x", "origin": [8, -3.25, 8]},
			"faces": {
				"north": {"uv": [10.5, 1, 10.5625, 1.125], "texture": "#0"},
				"east": {"uv": [7.75, 4.25, 8.125, 4.375], "texture": "#0"},
				"south": {"uv": [1.25, 10.5, 1.3125, 10.625], "texture": "#0"},
				"west": {"uv": [7.75, 4.5, 8.125, 4.625], "texture": "#0"},
				"up": {"uv": [9.5625, 1.875, 9.5, 1.5], "texture": "#0"},
				"down": {"uv": [9.5625, 2, 9.5, 2.375], "texture": "#0"}
			}
		},
		{
			"name": "hexadecagon",
			"from": [7.85082, -3.75, 7.25],
			"to": [8.14918, -3.25, 8.75],
			"rotation": {"angle": 22.5, "axis": "y", "origin": [8, -3.25, 8]},
			"faces": {
				"north": {"uv": [10.5, 1.25, 10.5625, 1.375], "texture": "#0"},
				"east": {"uv": [4.75, 7.75, 5.125, 7.875], "texture": "#0"},
				"south": {"uv": [1.5, 10.5, 1.5625, 10.625], "texture": "#0"},
				"west": {"uv": [7.75, 4.75, 8.125, 4.875], "texture": "#0"},
				"up": {"uv": [9.5625, 2.875, 9.5, 2.5], "texture": "#0"},
				"down": {"uv": [9.5625, 3, 9.5, 3.375], "texture": "#0"}
			}
		},
		{
			"name": "hexadecagon",
			"from": [7.85082, -3.75, 7.25],
			"to": [8.14918, -3.25, 8.75],
			"rotation": {"angle": 45, "axis": "y", "origin": [8, -3.25, 8]},
			"faces": {
				"north": {"uv": [10.5, 1.5, 10.5625, 1.625], "texture": "#0"},
				"east": {"uv": [7.75, 5, 8.125, 5.125], "texture": "#0"},
				"south": {"uv": [1.75, 10.5, 1.8125, 10.625], "texture": "#0"},
				"west": {"uv": [7.75, 6.5, 8.125, 6.625], "texture": "#0"},
				"up": {"uv": [9.5625, 3.875, 9.5, 3.5], "texture": "#0"},
				"down": {"uv": [3.8125, 9.5, 3.75, 9.875], "texture": "#0"}
			}
		},
		{
			"name": "hexadecagon",
			"from": [7.25, -3.75, 7.85082],
			"to": [8.75, -3.25, 8.14918],
			"rotation": {"angle": -22.5, "axis": "y", "origin": [8, -3.25, 8]},
			"faces": {
				"north": {"uv": [6.75, 7.75, 7.125, 7.875], "texture": "#0"},
				"east": {"uv": [10.5, 1.75, 10.5625, 1.875], "texture": "#0"},
				"south": {"uv": [7.75, 6.75, 8.125, 6.875], "texture": "#0"},
				"west": {"uv": [2, 10.5, 2.0625, 10.625], "texture": "#0"},
				"up": {"uv": [9.875, 4.0625, 9.5, 4], "texture": "#0"},
				"down": {"uv": [9.875, 4.25, 9.5, 4.3125], "texture": "#0"}
			}
		},
		{
			"name": "hexadecagon",
			"from": [7.25, -3.75, 7.85082],
			"to": [8.75, -3.25, 8.14918],
			"rotation": {"angle": 0, "axis": "x", "origin": [8, -3.25, 8]},
			"faces": {
				"north": {"uv": [7.75, 7, 8.125, 7.125], "texture": "#0"},
				"east": {"uv": [10.5, 2, 10.5625, 2.125], "texture": "#0"},
				"south": {"uv": [7.75, 7.25, 8.125, 7.375], "texture": "#0"},
				"west": {"uv": [2.25, 10.5, 2.3125, 10.625], "texture": "#0"},
				"up": {"uv": [9.875, 4.5625, 9.5, 4.5], "texture": "#0"},
				"down": {"uv": [9.875, 4.75, 9.5, 4.8125], "texture": "#0"}
			}
		},
		{
			"name": "hexadecagon",
			"from": [7.25, -3.75, 7.85082],
			"to": [8.75, -3.25, 8.14918],
			"rotation": {"angle": 22.5, "axis": "y", "origin": [8, -3.25, 8]},
			"faces": {
				"north": {"uv": [7.75, 7.5, 8.125, 7.625], "texture": "#0"},
				"east": {"uv": [10.5, 2.25, 10.5625, 2.375], "texture": "#0"},
				"south": {"uv": [7.75, 7.75, 8.125, 7.875], "texture": "#0"},
				"west": {"uv": [2.5, 10.5, 2.5625, 10.625], "texture": "#0"},
				"up": {"uv": [9.875, 5.0625, 9.5, 5], "texture": "#0"},
				"down": {"uv": [9.875, 5.25, 9.5, 5.3125], "texture": "#0"}
			}
		},
		{
			"name": "hexadecagon",
			"from": [6.5, -4.37432, 7.375],
			"to": [9.5, -4.12568, 8.625],
			"rotation": {"angle": -45, "axis": "x", "origin": [8, -4.25, 8]},
			"faces": {
				"north": {"uv": [0, 8, 0.75, 8.0625], "texture": "#0"},
				"east": {"uv": [10, 7.25, 10.3125, 7.3125], "texture": "#0"},
				"south": {"uv": [8, 1, 8.75, 1.0625], "texture": "#0"},
				"west": {"uv": [7.5, 10, 7.8125, 10.0625], "texture": "#0"},
				"up": {"uv": [4.25, 4.8125, 3.5, 4.5], "texture": "#0"},
				"down": {"uv": [5.25, 3.75, 4.5, 4.0625], "texture": "#0"}
			}
		},
		{
			"name": "hexadecagon",
			"from": [6.5, -4.37432, 7.375],
			"to": [9.5, -4.12568, 8.625],
			"rotation": {"angle": -22.5, "axis": "x", "origin": [8, -4.25, 8]},
			"faces": {
				"north": {"uv": [8, 1.25, 8.75, 1.3125], "texture": "#0"},
				"east": {"uv": [10, 7.5, 10.3125, 7.5625], "texture": "#0"},
				"south": {"uv": [8, 1.75, 8.75, 1.8125], "texture": "#0"},
				"west": {"uv": [10, 7.75, 10.3125, 7.8125], "texture": "#0"},
				"up": {"uv": [5, 4.8125, 4.25, 4.5], "texture": "#0"},
				"down": {"uv": [5.75, 0, 5, 0.3125], "texture": "#0"}
			}
		},
		{
			"name": "hexadecagon",
			"from": [6.5, -4.37432, 7.375],
			"to": [9.5, -4.12568, 8.625],
			"rotation": {"angle": 0, "axis": "x", "origin": [8, -4.25, 8]},
			"faces": {
				"north": {"uv": [8, 2, 8.75, 2.0625], "texture": "#0"},
				"east": {"uv": [8, 10, 8.3125, 10.0625], "texture": "#0"},
				"south": {"uv": [2.25, 8, 3, 8.0625], "texture": "#0"},
				"west": {"uv": [8.5, 10, 8.8125, 10.0625], "texture": "#0"},
				"up": {"uv": [3, 5.3125, 2.25, 5], "texture": "#0"},
				"down": {"uv": [3.75, 5, 3, 5.3125], "texture": "#0"}
			}
		},
		{
			"name": "hexadecagon",
			"from": [6.5, -4.37432, 7.375],
			"to": [9.5, -4.12568, 8.625],
			"rotation": {"angle": 22.5, "axis": "x", "origin": [8, -4.25, 8]},
			"faces": {
				"north": {"uv": [8, 2.25, 8.75, 2.3125], "texture": "#0"},
				"east": {"uv": [9, 10, 9.3125, 10.0625], "texture": "#0"},
				"south": {"uv": [3.75, 8, 4.5, 8.0625], "texture": "#0"},
				"west": {"uv": [10, 9, 10.3125, 9.0625], "texture": "#0"},
				"up": {"uv": [4.5, 5.3125, 3.75, 5], "texture": "#0"},
				"down": {"uv": [5.75, 4.25, 5, 4.5625], "texture": "#0"}
			}
		},
		{
			"name": "hexadecagon",
			"from": [6.5, -4.37432, 7.375],
			"to": [9.5, -4.12568, 8.625],
			"rotation": {"angle": 45, "axis": "x", "origin": [8, -4.25, 8]},
			"faces": {
				"north": {"uv": [4.5, 8, 5.25, 8.0625], "texture": "#0"},
				"east": {"uv": [10, 9.25, 10.3125, 9.3125], "texture": "#0"},
				"south": {"uv": [5.25, 8, 6, 8.0625], "texture": "#0"},
				"west": {"uv": [9.5, 10, 9.8125, 10.0625], "texture": "#0"},
				"up": {"uv": [5.25, 5.3125, 4.5, 5], "texture": "#0"},
				"down": {"uv": [0.75, 5.25, 0, 5.5625], "texture": "#0"}
			}
		},
		{
			"name": "hexadecagon",
			"from": [6.5, -4.875, 7.87568],
			"to": [9.5, -3.625, 8.12432],
			"rotation": {"angle": -22.5, "axis": "x", "origin": [8, -4.25, 8]},
			"faces": {
				"north": {"uv": [5.25, 0.5, 6, 0.8125], "texture": "#0"},
				"east": {"uv": [10, 10, 10.0625, 10.3125], "texture": "#0"},
				"south": {"uv": [0.75, 5.25, 1.5, 5.5625], "texture": "#0"},
				"west": {"uv": [0, 10.25, 0.0625, 10.5625], "texture": "#0"},
				"up": {"uv": [8.75, 5.3125, 8, 5.25], "texture": "#0"},
				"down": {"uv": [8.75, 5.5, 8, 5.5625], "texture": "#0"}
			}
		},
		{
			"name": "hexadecagon",
			"from": [6.5, -4.875, 7.87568],
			"to": [9.5, -3.625, 8.12432],
			"rotation": {"angle": 0, "axis": "x", "origin": [8, -4.25, 8]},
			"faces": {
				"north": {"uv": [5.25, 1, 6, 1.3125], "texture": "#0"},
				"east": {"uv": [10.25, 0, 10.3125, 0.3125], "texture": "#0"},
				"south": {"uv": [1.5, 5.25, 2.25, 5.5625], "texture": "#0"},
				"west": {"uv": [0.25, 10.25, 0.3125, 10.5625], "texture": "#0"},
				"up": {"uv": [8.75, 5.8125, 8, 5.75], "texture": "#0"},
				"down": {"uv": [6.75, 8, 6, 8.0625], "texture": "#0"}
			}
		},
		{
			"name": "hexadecagon",
			"from": [6.5, -4.875, 7.87568],
			"to": [9.5, -3.625, 8.12432],
			"rotation": {"angle": 22.5, "axis": "x", "origin": [8, -4.25, 8]},
			"faces": {
				"north": {"uv": [5.25, 1.5, 6, 1.8125], "texture": "#0"},
				"east": {"uv": [0.5, 10.25, 0.5625, 10.5625], "texture": "#0"},
				"south": {"uv": [5.25, 2, 6, 2.3125], "texture": "#0"},
				"west": {"uv": [10.25, 0.5, 10.3125, 0.8125], "texture": "#0"},
				"up": {"uv": [8.75, 6.0625, 8, 6], "texture": "#0"},
				"down": {"uv": [8.75, 6.25, 8, 6.3125], "texture": "#0"}
			}
		},
		{
			"name": "hexadecagon",
			"from": [6.75, -4.39918, 7.25],
			"to": [7.25, -4.10082, 8.75],
			"rotation": {"angle": -45, "axis": "x", "origin": [7.25, -4.25, 8]},
			"faces": {
				"north": {"uv": [10.5, 2.5, 10.625, 2.5625], "texture": "#0"},
				"east": {"uv": [9.5, 5.5, 9.875, 5.5625], "texture": "#0"},
				"south": {"uv": [2.75, 10.5, 2.875, 10.5625], "texture": "#0"},
				"west": {"uv": [6, 9.5, 6.375, 9.5625], "texture": "#0"},
				"up": {"uv": [0.875, 8.375, 0.75, 8], "texture": "#0"},
				"down": {"uv": [6.875, 8, 6.75, 8.375], "texture": "#0"}
			}
		},
		{
			"name": "hexadecagon",
			"from": [6.75, -4.39918, 7.25],
			"to": [7.25, -4.10082, 8.75],
			"rotation": {"angle": -22.5, "axis": "x", "origin": [7.25, -4.25, 8]},
			"faces": {
				"north": {"uv": [10.5, 2.75, 10.625, 2.8125], "texture": "#0"},
				"east": {"uv": [6.5, 9.5, 6.875, 9.5625], "texture": "#0"},
				"south": {"uv": [3, 10.5, 3.125, 10.5625], "texture": "#0"},
				"west": {"uv": [9.5, 6.75, 9.875, 6.8125], "texture": "#0"},
				"up": {"uv": [7.125, 8.375, 7, 8], "texture": "#0"},
				"down": {"uv": [7.375, 8, 7.25, 8.375], "texture": "#0"}
			}
		},
		{
			"name": "hexadecagon",
			"from": [6.75, -4.39918, 7.25],
			"to": [7.25, -4.10082, 8.75],
			"rotation": {"angle": 0, "axis": "x", "origin": [7.25, -4.25, 8]},
			"faces": {
				"north": {"uv": [3.25, 10.5, 3.375, 10.5625], "texture": "#0"},
				"east": {"uv": [7, 9.5, 7.375, 9.5625], "texture": "#0"},
				"south": {"uv": [3.5, 10.5, 3.625, 10.5625], "texture": "#0"},
				"west": {"uv": [9.5, 7, 9.875, 7.0625], "texture": "#0"},
				"up": {"uv": [7.625, 8.375, 7.5, 8], "texture": "#0"},
				"down": {"uv": [7.875, 8, 7.75, 8.375], "texture": "#0"}
			}
		},
		{
			"name": "hexadecagon",
			"from": [6.75, -4.39918, 7.25],
			"to": [7.25, -4.10082, 8.75],
			"rotation": {"angle": 22.5, "axis": "x", "origin": [7.25, -4.25, 8]},
			"faces": {
				"north": {"uv": [10.5, 4, 10.625, 4.0625], "texture": "#0"},
				"east": {"uv": [9.5, 7.25, 9.875, 7.3125], "texture": "#0"},
				"south": {"uv": [10.5, 4.25, 10.625, 4.3125], "texture": "#0"},
				"west": {"uv": [7.5, 9.5, 7.875, 9.5625], "texture": "#0"},
				"up": {"uv": [8.125, 8.375, 8, 8], "texture": "#0"},
				"down": {"uv": [0.125, 8.25, 0, 8.625], "texture": "#0"}
			}
		},
		{
			"name": "hexadecagon",
			"from": [6.75, -4.39918, 7.25],
			"to": [7.25, -4.10082, 8.75],
			"rotation": {"angle": 45, "axis": "x", "origin": [7.25, -4.25, 8]},
			"faces": {
				"north": {"uv": [10.5, 4.5, 10.625, 4.5625], "texture": "#0"},
				"east": {"uv": [9.5, 7.5, 9.875, 7.5625], "texture": "#0"},
				"south": {"uv": [10.5, 4.75, 10.625, 4.8125], "texture": "#0"},
				"west": {"uv": [9.5, 7.75, 9.875, 7.8125], "texture": "#0"},
				"up": {"uv": [8.375, 0.375, 8.25, 0], "texture": "#0"},
				"down": {"uv": [0.375, 8.25, 0.25, 8.625], "texture": "#0"}
			}
		},
		{
			"name": "hexadecagon",
			"from": [6.75, -5, 7.85082],
			"to": [7.25, -3.5, 8.14918],
			"rotation": {"angle": -22.5, "axis": "x", "origin": [7.25, -4.25, 8]},
			"faces": {
				"north": {"uv": [0.5, 8.25, 0.625, 8.625], "texture": "#0"},
				"east": {"uv": [4, 9.5, 4.0625, 9.875], "texture": "#0"},
				"south": {"uv": [8.25, 0.5, 8.375, 0.875], "texture": "#0"},
				"west": {"uv": [8, 9.5, 8.0625, 9.875], "texture": "#0"},
				"up": {"uv": [10.625, 5.0625, 10.5, 5], "texture": "#0"},
				"down": {"uv": [5.375, 10.5, 5.25, 10.5625], "texture": "#0"}
			}
		},
		{
			"name": "hexadecagon",
			"from": [6.75, -5, 7.85082],
			"to": [7.25, -3.5, 8.14918],
			"rotation": {"angle": 0, "axis": "x", "origin": [7.25, -4.25, 8]},
			"faces": {
				"north": {"uv": [1, 8.25, 1.125, 8.625], "texture": "#0"},
				"east": {"uv": [9.5, 8, 9.5625, 8.375], "texture": "#0"},
				"south": {"uv": [1.5, 8.25, 1.625, 8.625], "texture": "#0"},
				"west": {"uv": [8.25, 9.5, 8.3125, 9.875], "texture": "#0"},
				"up": {"uv": [10.625, 5.3125, 10.5, 5.25], "texture": "#0"},
				"down": {"uv": [5.625, 10.5, 5.5, 10.5625], "texture": "#0"}
			}
		},
		{
			"name": "hexadecagon",
			"from": [6.75, -5, 7.85082],
			"to": [7.25, -3.5, 8.14918],
			"rotation": {"angle": 22.5, "axis": "x", "origin": [7.25, -4.25, 8]},
			"faces": {
				"north": {"uv": [1.75, 8.25, 1.875, 8.625], "texture": "#0"},
				"east": {"uv": [8.5, 9.5, 8.5625, 9.875], "texture": "#0"},
				"south": {"uv": [2, 8.25, 2.125, 8.625], "texture": "#0"},
				"west": {"uv": [9.5, 8.5, 9.5625, 8.875], "texture": "#0"},
				"up": {"uv": [10.625, 5.5625, 10.5, 5.5], "texture": "#0"},
				"down": {"uv": [5.875, 10.5, 5.75, 10.5625], "texture": "#0"}
			}
		},
		{
			"name": "hexadecagon",
			"from": [8.75, -4.39918, 7.25],
			"to": [9.25, -4.10082, 8.75],
			"rotation": {"angle": -45, "axis": "x", "origin": [9.25, -4.25, 8]},
			"faces": {
				"north": {"uv": [6, 10.5, 6.125, 10.5625], "texture": "#0"},
				"east": {"uv": [8.75, 9.5, 9.125, 9.5625], "texture": "#0"},
				"south": {"uv": [6.25, 10.5, 6.375, 10.5625], "texture": "#0"},
				"west": {"uv": [9.5, 9, 9.875, 9.0625], "texture": "#0"},
				"up": {"uv": [2.375, 8.625, 2.25, 8.25], "texture": "#0"},
				"down": {"uv": [2.625, 8.25, 2.5, 8.625], "texture": "#0"}
			}
		},
		{
			"name": "hexadecagon",
			"from": [8.75, -4.39918, 7.25],
			"to": [9.25, -4.10082, 8.75],
			"rotation": {"angle": -22.5, "axis": "x", "origin": [9.25, -4.25, 8]},
			"faces": {
				"north": {"uv": [10.5, 6.25, 10.625, 6.3125], "texture": "#0"},
				"east": {"uv": [9.25, 9.5, 9.625, 9.5625], "texture": "#0"},
				"south": {"uv": [6.5, 10.5, 6.625, 10.5625], "texture": "#0"},
				"west": {"uv": [9.5, 9.25, 9.875, 9.3125], "texture": "#0"},
				"up": {"uv": [8.375, 2.875, 8.25, 2.5], "texture": "#0"},
				"down": {"uv": [2.875, 8.25, 2.75, 8.625], "texture": "#0"}
			}
		},
		{
			"name": "hexadecagon",
			"from": [8.75, -4.39918, 7.25],
			"to": [9.25, -4.10082, 8.75],
			"rotation": {"angle": 0, "axis": "x", "origin": [9.25, -4.25, 8]},
			"faces": {
				"north": {"uv": [10.5, 6.5, 10.625, 6.5625], "texture": "#0"},
				"east": {"uv": [0, 9.75, 0.375, 9.8125], "texture": "#0"},
				"south": {"uv": [6.75, 10.5, 6.875, 10.5625], "texture": "#0"},
				"west": {"uv": [9.75, 0, 10.125, 0.0625], "texture": "#0"},
				"up": {"uv": [8.375, 3.375, 8.25, 3], "texture": "#0"},
				"down": {"uv": [8.375, 3.5, 8.25, 3.875], "texture": "#0"}
			}
		},
		{
			"name": "hexadecagon",
			"from": [8.75, -4.39918, 7.25],
			"to": [9.25, -4.10082, 8.75],
			"rotation": {"angle": 22.5, "axis": "x", "origin": [9.25, -4.25, 8]},
			"faces": {
				"north": {"uv": [10.5, 6.75, 10.625, 6.8125], "texture": "#0"},
				"east": {"uv": [9.75, 0.25, 10.125, 0.3125], "texture": "#0"},
				"south": {"uv": [7, 10.5, 7.125, 10.5625], "texture": "#0"},
				"west": {"uv": [0.5, 9.75, 0.875, 9.8125], "texture": "#0"},
				"up": {"uv": [3.875, 8.625, 3.75, 8.25], "texture": "#0"},
				"down": {"uv": [4.125, 8.25, 4, 8.625], "texture": "#0"}
			}
		},
		{
			"name": "hexadecagon",
			"from": [8.75, -4.39918, 7.25],
			"to": [9.25, -4.10082, 8.75],
			"rotation": {"angle": 45, "axis": "x", "origin": [9.25, -4.25, 8]},
			"faces": {
				"north": {"uv": [10.5, 7, 10.625, 7.0625], "texture": "#0"},
				"east": {"uv": [9.75, 0.5, 10.125, 0.5625], "texture": "#0"},
				"south": {"uv": [7.25, 10.5, 7.375, 10.5625], "texture": "#0"},
				"west": {"uv": [9.75, 0.75, 10.125, 0.8125], "texture": "#0"},
				"up": {"uv": [8.375, 4.375, 8.25, 4], "texture": "#0"},
				"down": {"uv": [4.375, 8.25, 4.25, 8.625], "texture": "#0"}
			}
		},
		{
			"name": "hexadecagon",
			"from": [8.75, -5, 7.85082],
			"to": [9.25, -3.5, 8.14918],
			"rotation": {"angle": -22.5, "axis": "x", "origin": [9.25, -4.25, 8]},
			"faces": {
				"north": {"uv": [4.5, 8.25, 4.625, 8.625], "texture": "#0"},
				"east": {"uv": [1, 9.75, 1.0625, 10.125], "texture": "#0"},
				"south": {"uv": [8.25, 4.5, 8.375, 4.875], "texture": "#0"},
				"west": {"uv": [9.75, 1, 9.8125, 1.375], "texture": "#0"},
				"up": {"uv": [10.625, 7.3125, 10.5, 7.25], "texture": "#0"},
				"down": {"uv": [7.625, 10.5, 7.5, 10.5625], "texture": "#0"}
			}
		},
		{
			"name": "hexadecagon",
			"from": [8.75, -5, 7.85082],
			"to": [9.25, -3.5, 8.14918],
			"rotation": {"angle": 0, "axis": "x", "origin": [9.25, -4.25, 8]},
			"faces": {
				"north": {"uv": [4.75, 8.25, 4.875, 8.625], "texture": "#0"},
				"east": {"uv": [1.25, 9.75, 1.3125, 10.125], "texture": "#0"},
				"south": {"uv": [5, 8.25, 5.125, 8.625], "texture": "#0"},
				"west": {"uv": [1.5, 9.75, 1.5625, 10.125], "texture": "#0"},
				"up": {"uv": [10.625, 7.5625, 10.5, 7.5], "texture": "#0"},
				"down": {"uv": [7.875, 10.5, 7.75, 10.5625], "texture": "#0"}
			}
		},
		{
			"name": "hexadecagon",
			"from": [8.75, -5, 7.85082],
			"to": [9.25, -3.5, 8.14918],
			"rotation": {"angle": 22.5, "axis": "x", "origin": [9.25, -4.25, 8]},
			"faces": {
				"north": {"uv": [5.25, 8.25, 5.375, 8.625], "texture": "#0"},
				"east": {"uv": [9.75, 1.5, 9.8125, 1.875], "texture": "#0"},
				"south": {"uv": [5.5, 8.25, 5.625, 8.625], "texture": "#0"},
				"west": {"uv": [1.75, 9.75, 1.8125, 10.125], "texture": "#0"},
				"up": {"uv": [10.625, 7.8125, 10.5, 7.75], "texture": "#0"},
				"down": {"uv": [8.125, 10.5, 8, 10.5625], "texture": "#0"}
			}
		},
		{
			"name": "hexadecagon",
			"from": [4.5, -4.37432, 7.375],
			"to": [6.5, -4.12568, 7.575],
			"rotation": {"angle": -45, "axis": "x", "origin": [6, -4.25, 8]},
			"faces": {
				"north": {"uv": [8.5, 7.25, 9, 7.3125], "texture": "#0"},
				"east": {"uv": [10.75, 0.25, 10.8125, 0.3125], "texture": "#0"},
				"south": {"uv": [7.5, 8.5, 8, 8.5625], "texture": "#0"},
				"west": {"uv": [0.5, 10.75, 0.5625, 10.8125], "texture": "#0"},
				"up": {"uv": [9, 7.5625, 8.5, 7.5], "texture": "#0"},
				"down": {"uv": [9, 7.75, 8.5, 7.8125], "texture": "#0"}
			}
		},
		{
			"name": "hexadecagon",
			"from": [4.5, -4.37432, 7.375],
			"to": [6.5, -4.12568, 7.575],
			"rotation": {"angle": -22.5, "axis": "x", "origin": [6, -4.25, 8]},
			"faces": {
				"north": {"uv": [8, 8.5, 8.5, 8.5625], "texture": "#0"},
				"east": {"uv": [10.75, 0.5, 10.8125, 0.5625], "texture": "#0"},
				"south": {"uv": [8.5, 8, 9, 8.0625], "texture": "#0"},
				"west": {"uv": [0.75, 10.75, 0.8125, 10.8125], "texture": "#0"},
				"up": {"uv": [9, 8.3125, 8.5, 8.25], "texture": "#0"},
				"down": {"uv": [9, 8.5, 8.5, 8.5625], "texture": "#0"}
			}
		},
		{
			"name": "hexadecagon",
			"from": [4.5, -4.37432, 7.375],
			"to": [6.5, -4.12568, 7.575],
			"rotation": {"angle": 0, "axis": "x", "origin": [6, -4.25, 8]},
			"faces": {
				"north": {"uv": [0, 8.75, 0.5, 8.8125], "texture": "#0"},
				"east": {"uv": [10.75, 0.75, 10.8125, 0.8125], "texture": "#0"},
				"south": {"uv": [8.75, 0, 9.25, 0.0625], "texture": "#0"},
				"west": {"uv": [1, 10.75, 1.0625, 10.8125], "texture": "#0"},
				"up": {"uv": [9.25, 0.3125, 8.75, 0.25], "texture": "#0"},
				"down": {"uv": [9.25, 0.5, 8.75, 0.5625], "texture": "#0"}
			}
		},
		{
			"name": "hexadecagon",
			"from": [5, -4.37432, 7.375],
			"to": [6.5, -4.12568, 7.575],
			"rotation": {"angle": 22.5, "axis": "x", "origin": [6, -4.25, 8]},
			"faces": {
				"north": {"uv": [2, 9.75, 2.375, 9.8125], "texture": "#0"},
				"east": {"uv": [10.75, 1, 10.8125, 1.0625], "texture": "#0"},
				"south": {"uv": [9.75, 2, 10.125, 2.0625], "texture": "#0"},
				"west": {"uv": [1.25, 10.75, 1.3125, 10.8125], "texture": "#0"},
				"up": {"uv": [10.125, 2.3125, 9.75, 2.25], "texture": "#0"},
				"down": {"uv": [2.875, 9.75, 2.5, 9.8125], "texture": "#0"}
			}
		},
		{
			"name": "hexadecagon",
			"from": [5, -4.37432, 7.375],
			"to": [6.5, -4.12568, 7.575],
			"rotation": {"angle": 45, "axis": "x", "origin": [6, -4.25, 8]},
			"faces": {
				"north": {"uv": [9.75, 2.5, 10.125, 2.5625], "texture": "#0"},
				"east": {"uv": [10.75, 1.25, 10.8125, 1.3125], "texture": "#0"},
				"south": {"uv": [9.75, 2.75, 10.125, 2.8125], "texture": "#0"},
				"west": {"uv": [1.5, 10.75, 1.5625, 10.8125], "texture": "#0"},
				"up": {"uv": [3.375, 9.8125, 3, 9.75], "texture": "#0"},
				"down": {"uv": [10.125, 3, 9.75, 3.0625], "texture": "#0"}
			}
		},
		{
			"name": "hexadecagon",
			"from": [5, -4.37432, 8.425],
			"to": [6.5, -4.12568, 8.625],
			"rotation": {"angle": -45, "axis": "x", "origin": [6, -4.25, 8]},
			"faces": {
				"north": {"uv": [9.75, 3.25, 10.125, 3.3125], "texture": "#0"},
				"east": {"uv": [10.75, 1.5, 10.8125, 1.5625], "texture": "#0"},
				"south": {"uv": [9.75, 3.5, 10.125, 3.5625], "texture": "#0"},
				"west": {"uv": [1.75, 10.75, 1.8125, 10.8125], "texture": "#0"},
				"up": {"uv": [10.125, 3.8125, 9.75, 3.75], "texture": "#0"},
				"down": {"uv": [4.625, 9.75, 4.25, 9.8125], "texture": "#0"}
			}
		},
		{
			"name": "hexadecagon",
			"from": [5, -4.37432, 8.425],
			"to": [6.5, -4.12568, 8.625],
			"rotation": {"angle": -22.5, "axis": "x", "origin": [6, -4.25, 8]},
			"faces": {
				"north": {"uv": [4.75, 9.75, 5.125, 9.8125], "texture": "#0"},
				"east": {"uv": [10.75, 1.75, 10.8125, 1.8125], "texture": "#0"},
				"south": {"uv": [5.25, 9.75, 5.625, 9.8125], "texture": "#0"},
				"west": {"uv": [2, 10.75, 2.0625, 10.8125], "texture": "#0"},
				"up": {"uv": [6.125, 9.8125, 5.75, 9.75], "texture": "#0"},
				"down": {"uv": [10.125, 5.75, 9.75, 5.8125], "texture": "#0"}
			}
		},
		{
			"name": "hexadecagon",
			"from": [4.5, -4.37432, 8.425],
			"to": [6.5, -4.12568, 8.625],
			"rotation": {"angle": 0, "axis": "x", "origin": [6, -4.25, 8]},
			"faces": {
				"north": {"uv": [8.75, 0.75, 9.25, 0.8125], "texture": "#0"},
				"east": {"uv": [10.75, 2, 10.8125, 2.0625], "texture": "#0"},
				"south": {"uv": [8.75, 1, 9.25, 1.0625], "texture": "#0"},
				"west": {"uv": [2.25, 10.75, 2.3125, 10.8125], "texture": "#0"},
				"up": {"uv": [9.25, 1.3125, 8.75, 1.25], "texture": "#0"},
				"down": {"uv": [2, 8.75, 1.5, 8.8125], "texture": "#0"}
			}
		},
		{
			"name": "hexadecagon",
			"from": [4.5, -4.37432, 8.425],
			"to": [6.5, -4.12568, 8.625],
			"rotation": {"angle": 22.5, "axis": "x", "origin": [6, -4.25, 8]},
			"faces": {
				"north": {"uv": [8.75, 1.5, 9.25, 1.5625], "texture": "#0"},
				"east": {"uv": [10.75, 2.25, 10.8125, 2.3125], "texture": "#0"},
				"south": {"uv": [8.75, 1.75, 9.25, 1.8125], "texture": "#0"},
				"west": {"uv": [2.5, 10.75, 2.5625, 10.8125], "texture": "#0"},
				"up": {"uv": [2.5, 8.8125, 2, 8.75], "texture": "#0"},
				"down": {"uv": [9.25, 2, 8.75, 2.0625], "texture": "#0"}
			}
		},
		{
			"name": "hexadecagon",
			"from": [4.5, -4.37432, 8.425],
			"to": [6.5, -4.12568, 8.625],
			"rotation": {"angle": 45, "axis": "x", "origin": [6, -4.25, 8]},
			"faces": {
				"north": {"uv": [8.75, 2.25, 9.25, 2.3125], "texture": "#0"},
				"east": {"uv": [10.75, 2.5, 10.8125, 2.5625], "texture": "#0"},
				"south": {"uv": [2.5, 8.75, 3, 8.8125], "texture": "#0"},
				"west": {"uv": [2.75, 10.75, 2.8125, 10.8125], "texture": "#0"},
				"up": {"uv": [9.25, 3.5625, 8.75, 3.5], "texture": "#0"},
				"down": {"uv": [4.25, 8.75, 3.75, 8.8125], "texture": "#0"}
			}
		},
		{
			"name": "hexadecagon",
			"from": [4.5, -4.875, 7.87568],
			"to": [6.5, -4.675, 8.12432],
			"rotation": {"angle": -22.5, "axis": "x", "origin": [6, -4.25, 8]},
			"faces": {
				"north": {"uv": [8.75, 3.75, 9.25, 3.8125], "texture": "#0"},
				"east": {"uv": [10.75, 2.75, 10.8125, 2.8125], "texture": "#0"},
				"south": {"uv": [8.75, 4, 9.25, 4.0625], "texture": "#0"},
				"west": {"uv": [3, 10.75, 3.0625, 10.8125], "texture": "#0"},
				"up": {"uv": [4.75, 8.8125, 4.25, 8.75], "texture": "#0"},
				"down": {"uv": [9.25, 4.25, 8.75, 4.3125], "texture": "#0"}
			}
		},
		{
			"name": "hexadecagon",
			"from": [4.5, -4.875, 7.87568],
			"to": [6.5, -4.675, 8.12432],
			"rotation": {"angle": 0, "axis": "x", "origin": [6, -4.25, 8]},
			"faces": {
				"north": {"uv": [8.75, 4.5, 9.25, 4.5625], "texture": "#0"},
				"east": {"uv": [10.75, 3, 10.8125, 3.0625], "texture": "#0"},
				"south": {"uv": [4.75, 8.75, 5.25, 8.8125], "texture": "#0"},
				"west": {"uv": [3.25, 10.75, 3.3125, 10.8125], "texture": "#0"},
				"up": {"uv": [9.25, 4.8125, 8.75, 4.75], "texture": "#0"},
				"down": {"uv": [9.25, 5, 8.75, 5.0625], "texture": "#0"}
			}
		},
		{
			"name": "hexadecagon",
			"from": [4.5, -4.875, 7.87568],
			"to": [6.5, -4.675, 8.12432],
			"rotation": {"angle": 22.5, "axis": "x", "origin": [6, -4.25, 8]},
			"faces": {
				"north": {"uv": [5.25, 8.75, 5.75, 8.8125], "texture": "#0"},
				"east": {"uv": [10.75, 3.25, 10.8125, 3.3125], "texture": "#0"},
				"south": {"uv": [8.75, 5.25, 9.25, 5.3125], "texture": "#0"},
				"west": {"uv": [3.5, 10.75, 3.5625, 10.8125], "texture": "#0"},
				"up": {"uv": [9.25, 5.5625, 8.75, 5.5], "texture": "#0"},
				"down": {"uv": [6.25, 8.75, 5.75, 8.8125], "texture": "#0"}
			}
		},
		{
			"name": "hexadecagon",
			"from": [5, -3.825, 7.87568],
			"to": [6.5, -3.625, 8.12432],
			"rotation": {"angle": -22.5, "axis": "x", "origin": [6, -4.25, 8]},
			"faces": {
				"north": {"uv": [9.75, 6, 10.125, 6.0625], "texture": "#0"},
				"east": {"uv": [10.75, 3.5, 10.8125, 3.5625], "texture": "#0"},
				"south": {"uv": [6.25, 9.75, 6.625, 9.8125], "texture": "#0"},
				"west": {"uv": [3.75, 10.75, 3.8125, 10.8125], "texture": "#0"},
				"up": {"uv": [10.125, 6.3125, 9.75, 6.25], "texture": "#0"},
				"down": {"uv": [10.125, 6.5, 9.75, 6.5625], "texture": "#0"}
			}
		},
		{
			"name": "hexadecagon",
			"from": [5, -3.825, 7.87568],
			"to": [6.5, -3.625, 8.12432],
			"rotation": {"angle": 0, "axis": "x", "origin": [6, -4.25, 8]},
			"faces": {
				"north": {"uv": [6.75, 9.75, 7.125, 9.8125], "texture": "#0"},
				"east": {"uv": [10.75, 3.75, 10.8125, 3.8125], "texture": "#0"},
				"south": {"uv": [7.25, 9.75, 7.625, 9.8125], "texture": "#0"},
				"west": {"uv": [4, 10.75, 4.0625, 10.8125], "texture": "#0"},
				"up": {"uv": [10.125, 8.0625, 9.75, 8], "texture": "#0"},
				"down": {"uv": [10.125, 8.25, 9.75, 8.3125], "texture": "#0"}
			}
		},
		{
			"name": "hexadecagon",
			"from": [5, -3.825, 7.87568],
			"to": [6.5, -3.625, 8.12432],
			"rotation": {"angle": 22.5, "axis": "x", "origin": [6, -4.25, 8]},
			"faces": {
				"north": {"uv": [9.75, 8.5, 10.125, 8.5625], "texture": "#0"},
				"east": {"uv": [10.75, 4, 10.8125, 4.0625], "texture": "#0"},
				"south": {"uv": [8.75, 9.75, 9.125, 9.8125], "texture": "#0"},
				"west": {"uv": [4.25, 10.75, 4.3125, 10.8125], "texture": "#0"},
				"up": {"uv": [10.125, 8.8125, 9.75, 8.75], "texture": "#0"},
				"down": {"uv": [9.625, 9.75, 9.25, 9.8125], "texture": "#0"}
			}
		},
		{
			"name": "hexadecagon",
			"from": [9.5, -4.37432, 7.375],
			"to": [11.5, -4.12568, 7.575],
			"rotation": {"angle": -45, "axis": "x", "origin": [10, -4.25, 8]},
			"faces": {
				"north": {"uv": [8.75, 5.75, 9.25, 5.8125], "texture": "#0"},
				"east": {"uv": [10.75, 4.25, 10.8125, 4.3125], "texture": "#0"},
				"south": {"uv": [8.75, 6, 9.25, 6.0625], "texture": "#0"},
				"west": {"uv": [4.5, 10.75, 4.5625, 10.8125], "texture": "#0"},
				"up": {"uv": [6.75, 8.8125, 6.25, 8.75], "texture": "#0"},
				"down": {"uv": [9.25, 6.25, 8.75, 6.3125], "texture": "#0"}
			}
		},
		{
			"name": "hexadecagon",
			"from": [9.5, -4.37432, 7.375],
			"to": [11.5, -4.12568, 7.575],
			"rotation": {"angle": -22.5, "axis": "x", "origin": [10, -4.25, 8]},
			"faces": {
				"north": {"uv": [8.75, 6.5, 9.25, 6.5625], "texture": "#0"},
				"east": {"uv": [10.75, 4.5, 10.8125, 4.5625], "texture": "#0"},
				"south": {"uv": [8.75, 6.75, 9.25, 6.8125], "texture": "#0"},
				"west": {"uv": [4.75, 10.75, 4.8125, 10.8125], "texture": "#0"},
				"up": {"uv": [7.5, 8.8125, 7, 8.75], "texture": "#0"},
				"down": {"uv": [8, 8.75, 7.5, 8.8125], "texture": "#0"}
			}
		},
		{
			"name": "hexadecagon",
			"from": [9.5, -4.37432, 7.375],
			"to": [11.5, -4.12568, 7.575],
			"rotation": {"angle": 0, "axis": "x", "origin": [10, -4.25, 8]},
			"faces": {
				"north": {"uv": [8, 8.75, 8.5, 8.8125], "texture": "#0"},
				"east": {"uv": [10.75, 4.75, 10.8125, 4.8125], "texture": "#0"},
				"south": {"uv": [8.5, 8.75, 9, 8.8125], "texture": "#0"},
				"west": {"uv": [5, 10.75, 5.0625, 10.8125], "texture": "#0"},
				"up": {"uv": [0.5, 9.0625, 0, 9], "texture": "#0"},
				"down": {"uv": [1, 9, 0.5, 9.0625], "texture": "#0"}
			}
		},
		{
			"name": "hexadecagon",
			"from": [9.5, -4.37432, 7.375],
			"to": [11, -4.12568, 7.575],
			"rotation": {"angle": 22.5, "axis": "x", "origin": [10, -4.25, 8]},
			"faces": {
				"north": {"uv": [9.75, 9.5, 10.125, 9.5625], "texture": "#0"},
				"east": {"uv": [10.75, 5, 10.8125, 5.0625], "texture": "#0"},
				"south": {"uv": [9.75, 9.75, 10.125, 9.8125], "texture": "#0"},
				"west": {"uv": [5.25, 10.75, 5.3125, 10.8125], "texture": "#0"},
				"up": {"uv": [0.375, 10.0625, 0, 10], "texture": "#0"},
				"down": {"uv": [0.875, 10, 0.5, 10.0625], "texture": "#0"}
			}
		},
		{
			"name": "hexadecagon",
			"from": [9.5, -4.37432, 7.375],
			"to": [11, -4.12568, 7.575],
			"rotation": {"angle": 45, "axis": "x", "origin": [10, -4.25, 8]},
			"faces": {
				"north": {"uv": [10, 1, 10.375, 1.0625], "texture": "#0"},
				"east": {"uv": [10.75, 5.25, 10.8125, 5.3125], "texture": "#0"},
				"south": {"uv": [10, 1.25, 10.375, 1.3125], "texture": "#0"},
				"west": {"uv": [5.5, 10.75, 5.5625, 10.8125], "texture": "#0"},
				"up": {"uv": [10.375, 1.5625, 10, 1.5], "texture": "#0"},
				"down": {"uv": [10.375, 1.75, 10, 1.8125], "texture": "#0"}
			}
		},
		{
			"name": "hexadecagon",
			"from": [9.5, -4.37432, 8.425],
			"to": [11, -4.12568, 8.625],
			"rotation": {"angle": -45, "axis": "x", "origin": [10, -4.25, 8]},
			"faces": {
				"north": {"uv": [2, 10, 2.375, 10.0625], "texture": "#0"},
				"east": {"uv": [10.75, 5.5, 10.8125, 5.5625], "texture": "#0"},
				"south": {"uv": [2.5, 10, 2.875, 10.0625], "texture": "#0"},
				"west": {"uv": [5.75, 10.75, 5.8125, 10.8125], "texture": "#0"},
				"up": {"uv": [3.375, 10.0625, 3, 10], "texture": "#0"},
				"down": {"uv": [3.875, 10, 3.5, 10.0625], "texture": "#0"}
			}
		},
		{
			"name": "hexadecagon",
			"from": [9.5, -4.37432, 8.425],
			"to": [11, -4.12568, 8.625],
			"rotation": {"angle": -22.5, "axis": "x", "origin": [10, -4.25, 8]},
			"faces": {
				"north": {"uv": [4, 10, 4.375, 10.0625], "texture": "#0"},
				"east": {"uv": [10.75, 5.75, 10.8125, 5.8125], "texture": "#0"},
				"south": {"uv": [10, 4, 10.375, 4.0625], "texture": "#0"},
				"west": {"uv": [6, 10.75, 6.0625, 10.8125], "texture": "#0"},
				"up": {"uv": [10.375, 4.3125, 10, 4.25], "texture": "#0"},
				"down": {"uv": [4.875, 10, 4.5, 10.0625], "texture": "#0"}
			}
		},
		{
			"name": "hexadecagon",
			"from": [9.5, -4.37432, 8.425],
			"to": [11.5, -4.12568, 8.625],
			"rotation": {"angle": 0, "axis": "x", "origin": [10, -4.25, 8]},
			"faces": {
				"north": {"uv": [1.5, 9, 2, 9.0625], "texture": "#0"},
				"east": {"uv": [10.75, 6, 10.8125, 6.0625], "texture": "#0"},
				"south": {"uv": [2, 9, 2.5, 9.0625], "texture": "#0"},
				"west": {"uv": [6.25, 10.75, 6.3125, 10.8125], "texture": "#0"},
				"up": {"uv": [3, 9.0625, 2.5, 9], "texture": "#0"},
				"down": {"uv": [9.5, 2.5, 9, 2.5625], "texture": "#0"}
			}
		},
		{
			"name": "hexadecagon",
			"from": [9.5, -4.37432, 8.425],
			"to": [11.5, -4.12568, 8.625],
			"rotation": {"angle": 22.5, "axis": "x", "origin": [10, -4.25, 8]},
			"faces": {
				"north": {"uv": [9, 2.75, 9.5, 2.8125], "texture": "#0"},
				"east": {"uv": [10.75, 6.25, 10.8125, 6.3125], "texture": "#0"},
				"south": {"uv": [9, 3, 9.5, 3.0625], "texture": "#0"},
				"west": {"uv": [6.5, 10.75, 6.5625, 10.8125], "texture": "#0"},
				"up": {"uv": [9.5, 3.3125, 9, 3.25], "texture": "#0"},
				"down": {"uv": [4.25, 9, 3.75, 9.0625], "texture": "#0"}
			}
		},
		{
			"name": "hexadecagon",
			"from": [9.5, -4.37432, 8.425],
			"to": [11.5, -4.12568, 8.625],
			"rotation": {"angle": 45, "axis": "x", "origin": [10, -4.25, 8]},
			"faces": {
				"north": {"uv": [4.25, 9, 4.75, 9.0625], "texture": "#0"},
				"east": {"uv": [10.75, 6.5, 10.8125, 6.5625], "texture": "#0"},
				"south": {"uv": [4.75, 9, 5.25, 9.0625], "texture": "#0"},
				"west": {"uv": [6.75, 10.75, 6.8125, 10.8125], "texture": "#0"},
				"up": {"uv": [5.75, 9.0625, 5.25, 9], "texture": "#0"},
				"down": {"uv": [6.25, 9, 5.75, 9.0625], "texture": "#0"}
			}
		},
		{
			"name": "hexadecagon",
			"from": [9.5, -4.875, 7.87568],
			"to": [11.5, -4.675, 8.12432],
			"rotation": {"angle": -22.5, "axis": "x", "origin": [10, -4.25, 8]},
			"faces": {
				"north": {"uv": [6.25, 9, 6.75, 9.0625], "texture": "#0"},
				"east": {"uv": [10.75, 6.75, 10.8125, 6.8125], "texture": "#0"},
				"south": {"uv": [6.75, 9, 7.25, 9.0625], "texture": "#0"},
				"west": {"uv": [7, 10.75, 7.0625, 10.8125], "texture": "#0"},
				"up": {"uv": [9.5, 7.0625, 9, 7], "texture": "#0"},
				"down": {"uv": [7.75, 9, 7.25, 9.0625], "texture": "#0"}
			}
		},
		{
			"name": "hexadecagon",
			"from": [9.5, -4.875, 7.87568],
			"to": [11.5, -4.675, 8.12432],
			"rotation": {"angle": 0, "axis": "x", "origin": [10, -4.25, 8]},
			"faces": {
				"north": {"uv": [9, 7.25, 9.5, 7.3125], "texture": "#0"},
				"east": {"uv": [10.75, 7, 10.8125, 7.0625], "texture": "#0"},
				"south": {"uv": [9, 7.5, 9.5, 7.5625], "texture": "#0"},
				"west": {"uv": [7.25, 10.75, 7.3125, 10.8125], "texture": "#0"},
				"up": {"uv": [8.25, 9.0625, 7.75, 9], "texture": "#0"},
				"down": {"uv": [9.5, 7.75, 9, 7.8125], "texture": "#0"}
			}
		},
		{
			"name": "hexadecagon",
			"from": [9.5, -4.875, 7.87568],
			"to": [11.5, -4.675, 8.12432],
			"rotation": {"angle": 22.5, "axis": "x", "origin": [10, -4.25, 8]},
			"faces": {
				"north": {"uv": [9, 8, 9.5, 8.0625], "texture": "#0"},
				"east": {"uv": [10.75, 7.25, 10.8125, 7.3125], "texture": "#0"},
				"south": {"uv": [8.25, 9, 8.75, 9.0625], "texture": "#0"},
				"west": {"uv": [7.5, 10.75, 7.5625, 10.8125], "texture": "#0"},
				"up": {"uv": [9.5, 8.3125, 9, 8.25], "texture": "#0"},
				"down": {"uv": [9.5, 8.5, 9, 8.5625], "texture": "#0"}
			}
		},
		{
			"name": "hexadecagon",
			"from": [9.5, -3.825, 7.87568],
			"to": [11, -3.625, 8.12432],
			"rotation": {"angle": -22.5, "axis": "x", "origin": [10, -4.25, 8]},
			"faces": {
				"north": {"uv": [10, 4.5, 10.375, 4.5625], "texture": "#0"},
				"east": {"uv": [10.75, 7.5, 10.8125, 7.5625], "texture": "#0"},
				"south": {"uv": [10, 4.75, 10.375, 4.8125], "texture": "#0"},
				"west": {"uv": [7.75, 10.75, 7.8125, 10.8125], "texture": "#0"},
				"up": {"uv": [5.375, 10.0625, 5, 10], "texture": "#0"},
				"down": {"uv": [10.375, 5, 10, 5.0625], "texture": "#0"}
			}
		},
		{
			"name": "hexadecagon",
			"from": [9.5, -3.825, 7.87568],
			"to": [11, -3.625, 8.12432],
			"rotation": {"angle": 0, "axis": "x", "origin": [10, -4.25, 8]},
			"faces": {
				"north": {"uv": [10, 5.25, 10.375, 5.3125], "texture": "#0"},
				"east": {"uv": [10.75, 7.75, 10.8125, 7.8125], "texture": "#0"},
				"south": {"uv": [5.5, 10, 5.875, 10.0625], "texture": "#0"},
				"west": {"uv": [8, 10.75, 8.0625, 10.8125], "texture": "#0"},
				"up": {"uv": [10.375, 5.5625, 10, 5.5], "texture": "#0"},
				"down": {"uv": [6.375, 10, 6, 10.0625], "texture": "#0"}
			}
		},
		{
			"name": "hexadecagon",
			"from": [9.5, -3.825, 7.87568],
			"to": [11, -3.625, 8.12432],
			"rotation": {"angle": 22.5, "axis": "x", "origin": [10, -4.25, 8]},
			"faces": {
				"north": {"uv": [6.5, 10, 6.875, 10.0625], "texture": "#0"},
				"east": {"uv": [10.75, 8, 10.8125, 8.0625], "texture": "#0"},
				"south": {"uv": [10, 6.75, 10.375, 6.8125], "texture": "#0"},
				"west": {"uv": [8.25, 10.75, 8.3125, 10.8125], "texture": "#0"},
				"up": {"uv": [7.375, 10.0625, 7, 10], "texture": "#0"},
				"down": {"uv": [10.375, 7, 10, 7.0625], "texture": "#0"}
			}
		},
		{
			"name": "hexadecagon",
			"from": [8, -3.25, 7],
			"to": [8, 32, 9],
			"rotation": {"angle": -45, "axis": "y", "origin": [8, -3.25, 8]},
			"faces": {
				"north": {"uv": [0, 0, 0, 9.625], "texture": "#1"},
				"east": {"uv": [2, 0, 3, 9.625], "texture": "#1"},
				"south": {"uv": [0, 0, 0, 9.625], "texture": "#1"},
				"west": {"uv": [3, 0, 4, 9.625], "texture": "#1"},
				"up": {"uv": [1, 0, 0, 0], "rotation": 90, "texture": "#1"},
				"down": {"uv": [1, 0, 0, 0], "rotation": 270, "texture": "#1"}
			}
		},
		{
			"name": "hexadecagon",
			"from": [7, -3.25, 8],
			"to": [9, 32, 8],
			"rotation": {"angle": -45, "axis": "y", "origin": [8, -3.25, 8]},
			"faces": {
				"north": {"uv": [3, 0, 4, 9.625], "texture": "#1"},
				"east": {"uv": [0, 0, 0, 9.625], "texture": "#1"},
				"south": {"uv": [2, 0, 3, 9.625], "texture": "#1"},
				"west": {"uv": [0, 0, 0, 9.625], "texture": "#1"},
				"up": {"uv": [1, 0, 0, 0], "rotation": 180, "texture": "#1"},
				"down": {"uv": [1, 0, 0, 0], "rotation": 180, "texture": "#1"}
			}
		},
		{
			"name": "hexadecagon",
			"from": [9.5, -4.775, 8],
			"to": [16, -3.725, 8],
			"rotation": {"angle": -45, "axis": "x", "origin": [10, -4.25, 8]},
			"faces": {
				"north": {"uv": [4, 3.4375, 6.25, 3], "rotation": 180, "texture": "#1"},
				"east": {"uv": [0, 0, 0.4375, 0], "rotation": 270, "texture": "#1"},
				"south": {"uv": [4, 3.5, 6.25, 3.9375], "texture": "#1"},
				"west": {"uv": [0, 0, 0.4375, 0], "rotation": 90, "texture": "#1"},
				"up": {"uv": [2.25, 0, 0, 0], "texture": "#1"},
				"down": {"uv": [2.25, 0, 0, 0], "rotation": 180, "texture": "#1"}
			}
		},
		{
			"name": "hexadecagon",
			"from": [9.5, -4.25, 7.475],
			"to": [16, -4.25, 8.525],
			"rotation": {"angle": -45, "axis": "x", "origin": [10, -4.25, 8]},
			"faces": {
				"north": {"uv": [2.25, 0, 0, 0], "texture": "#1"},
				"east": {"uv": [0, 0, 0.4375, 0], "rotation": 180, "texture": "#1"},
				"south": {"uv": [2.25, 0, 0, 0], "texture": "#1"},
				"west": {"uv": [0, 0, 0.4375, 0], "rotation": 180, "texture": "#1"},
				"up": {"uv": [4, 3.4375, 6.25, 3], "texture": "#1"},
				"down": {"uv": [4, 3.5, 6.25, 3.9375], "texture": "#1"}
			}
		},
		{
			"name": "hexadecagon",
			"from": [0, -4.775, 8],
			"to": [6.5, -3.725, 8],
			"rotation": {"angle": -45, "axis": "x", "origin": [6, -4.25, 8]},
			"faces": {
				"north": {"uv": [6.25, 3.4375, 4, 3], "rotation": 180, "texture": "#1"},
				"east": {"uv": [0, 0, 0.4375, 0], "rotation": 90, "texture": "#1"},
				"south": {"uv": [6.25, 3.5, 4, 3.9375], "texture": "#1"},
				"west": {"uv": [0, 0, 0.4375, 0], "rotation": 270, "texture": "#1"},
				"up": {"uv": [0, 0, 2.25, 0], "texture": "#1"},
				"down": {"uv": [0, 0, 2.25, 0], "rotation": 180, "texture": "#1"}
			}
		},
		{
			"name": "hexadecagon",
			"from": [0, -4.25, 7.475],
			"to": [6.5, -4.25, 8.525],
			"rotation": {"angle": -45, "axis": "x", "origin": [6, -4.25, 8]},
			"faces": {
				"north": {"uv": [0, 0, 2.25, 0], "texture": "#1"},
				"east": {"uv": [0.4375, 0, 0, 0], "rotation": 180, "texture": "#1"},
				"south": {"uv": [0, 0, 2.25, 0], "texture": "#1"},
				"west": {"uv": [0.4375, 0, 0, 0], "rotation": 180, "texture": "#1"},
				"up": {"uv": [6.25, 3.4375, 4, 3], "texture": "#1"},
				"down": {"uv": [6.25, 3.5, 4, 3.9375], "texture": "#1"}
			}
		}
	],
	"display": {
		"thirdperson_righthand": {
			"rotation": [0, -90, 0],
			"translation": [0, 11.5, 1],
			"scale": [0.75, 0.75, 0.75]
		},
		"thirdperson_lefthand": {
			"rotation": [0, -90, 0],
			"translation": [0, 11.5, 1],
			"scale": [0.75, 0.75, 0.75]
		},
		"firstperson_righthand": {
			"rotation": [0, 101, -10],
			"translation": [1.75, 12.75, -0.5],
			"scale": [0.75, 0.75, 0.75]
		},
		"firstperson_lefthand": {
			"rotation": [0, 101, -10],
			"translation": [1.75, 12.75, -0.5],
			"scale": [0.75, 0.75, 0.75]
		},
		"ground": {
			"translation": [0, 5.5, 0],
			"scale": [0.4, 0.4, 0.4]
		},
		"gui": {
			"rotation": [-25, 0, -40],
			"scale": [0.5, 0.5, 0.5]
		}
	},
	"groups": [
		{
			"name": "Kylo Ren Saber",
			"origin": [8, 8, 8],
			"children": [
				{
					"name": "Hilt",
					"origin": [8, 8, 8],
					"children": [
						{
							"name": "Bottom",
							"origin": [8, 8, 8],
							"children": [
								{
									"name": "hexadecagon",
									"origin": [8, 8, 8],
									"children": [0, 1, 2, 3, 4, 5, 6, 7]
								},
								{
									"name": "hexadecagon",
									"origin": [8, 8, 8],
									"children": [8, 9, 10, 11, 12, 13, 14, 15]
								},
								{
									"name": "hexadecagon",
									"origin": [8, 8, 8],
									"children": [16, 17, 18, 19, 20, 21, 22, 23]
								}
							]
						},
						{
							"name": "Middle",
							"origin": [8, 8, 8],
							"children": [
								{
									"name": "hexadecagon",
									"origin": [8, 8, 8],
									"children": [24, 25, 26, 27, 28, 29, 30, 31, 32, 33, 34, 35, 36, 37, 38, 39]
								}
							]
						},
						{
							"name": "Top",
							"origin": [8, 8, 8],
							"children": [
								{
									"name": "hexadecagon",
									"origin": [8, 8, 8],
									"children": [40, 41, 42, 43, 44, 45, 46, 47, 48, 49, 50, 51, 52, 53, 54, 55, 56, 57, 58, 59, 60]
								}
							]
						},
						{
							"name": "Details",
							"origin": [8, 8, 8],
							"children": [
								{
									"name": "Wire",
									"origin": [8, 8, 8],
									"children": [61, 62, 63, 64, 65, 66, 67]
								}
							]
						},
						{
							"name": "Tips",
							"origin": [8, 8, 8],
							"children": [
								{
									"name": "hexadecagon",
									"origin": [8, 8, 8],
									"children": [68, 69, 70, 71, 72, 73, 74, 75]
								},
								{
									"name": "hexadecagon",
									"origin": [8, 8, 8],
									"children": [76, 77, 78, 79, 80, 81, 82, 83]
								},
								{
									"name": "hexadecagon",
									"origin": [8, 8, 8],
									"children": [84, 85, 86, 87, 88, 89, 90, 91]
								},
								{
									"name": "hexadecagon",
									"origin": [8, 8, 8],
									"children": [92, 93, 94, 95, 96, 97, 98, 99]
								},
								{
									"name": "hexadecagon",
									"origin": [8, 8, 8],
									"children": [100, 101, 102, 103, 104, 105, 106, 107, 108, 109, 110, 111, 112, 113, 114, 115]
								},
								{
									"name": "hexadecagon",
									"origin": [8, 8, 8],
									"children": [116, 117, 118, 119, 120, 121, 122, 123, 124, 125, 126, 127, 128, 129, 130, 131]
								}
							]
						}
					]
				},
				{
					"name": "Sabers",
					"origin": [8, 8, 8],
					"children": [
						{
							"name": "Saber",
							"origin": [8, 8, 8],
							"children": [132, 133]
						},
						{
							"name": "Saber",
							"origin": [8, 8, 8],
							"children": [134, 135]
						},
						{
							"name": "Saber",
							"origin": [8, 8, 8],
							"children": [136, 137]
						}
					]
				}
			]
		}
	]
}