{
	"parent": "item/handheld",
	"textures": {
		"layer0": "item/blaze_rod"
	},
	"overrides": [
		{ "predicate": { "custom_model_data": 10}, "model": "item/pets/shark" },
		{ "predicate": { "custom_model_data": 20}, "model": "item/pets/unicorn" },
		{ "predicate": { "custom_model_data": 30}, "model": "item/pets/otter" },
		{ "predicate": { "custom_model_data": 40}, "model": "item/pets/mole" },
		{ "predicate": { "custom_model_data": 50}, "model": "item/pets/moobloom" },
		{ "predicate": { "custom_model_data": 60}, "model": "item/pets/dragon" },
		{ "predicate": { "custom_model_data": 70}, "model": "item/pets/pug" },
		{ "predicate": { "custom_model_data": 80}, "model": "item/pets/robot" },
		{ "predicate": { "custom_model_data": 90}, "model": "item/pets/teddybear" },
		{ "predicate": { "custom_model_data": 100}, "model": "item/pets/chameleon" },
		{ "predicate": { "custom_model_data": 110}, "model": "item/pets/fox" },
		{ "predicate": { "custom_model_data": 120}, "model": "item/pets/squirrel" }
	]
}