{
	"parent": "item/handheld",
	"textures": {
		"layer0": "item/carrot_on_a_stick"
	},
	"overrides": [
		{ "predicate": { "custom_model_data": 1}, "model": "item/ahsoka/head_tails" },
		{ "predicate": { "custom_model_data": 2}, "model": "item/mandolorian/mandolorian_helmet" },
		{ "predicate": { "custom_model_data": 3}, "model": "item/previszla/pre_viszlas_helmet" },
		{ "predicate": { "custom_model_data": 4}, "model": "item/obiwan/obi_wan_beard" },
		{ "predicate": { "custom_model_data": 5}, "model": "item/darthvader/darth_vader_helmet" },
		{ "predicate": { "custom_model_data": 6}, "model": "item/r2r2/r2d2_hat" }
	]
}
