{
	"parent": "item/handheld",
	"textures": {
		"layer0": "item/diamond_sword"
	},
	"overrides": [
		{ "predicate": { "custom_model_data": 1}, "model": "item/anakin/anakin_hilt" },
		{ "predicate": { "custom_model_data": 2}, "model": "item/anakin/anakin_saber" },
		{ "predicate": { "custom_model_data": 3}, "model": "item/anakin/anakin_saber_blue" },
		{ "predicate": { "custom_model_data": 4}, "model": "item/anakin/anakin_saber_green" },
		{ "predicate": { "custom_model_data": 5}, "model": "item/anakin/anakin_saber_purple" },
		{ "predicate": { "custom_model_data": 6}, "model": "item/anakin/anakin_saber_white" },
		{ "predicate": { "custom_model_data": 7}, "model": "item/anakin/anakin_saber_yellow" },
		{ "predicate": { "custom_model_data": 8}, "model": "item/kyloren/kylo_ren_hilt" },
		{ "predicate": { "custom_model_data": 9}, "model": "item/kyloren/kylo_ren_lightsaber" },
		{ "predicate": { "custom_model_data": 10}, "model": "item/darthmaul/darth_maul_hilt" },
		{ "predicate": { "custom_model_data": 11}, "model": "item/darthmaul/darth_maul_saber" },
		{ "predicate": { "custom_model_data": 12}, "model": "item/other/dark_saber" },
		{ "predicate": { "custom_model_data": 13}, "model": "item/other/dark_saber_hilt" },
		{ "predicate": { "custom_model_data": 31}, "model": "item/carrot_on_a_stick/31"},
        { "predicate": {"custom_model_data": 2201}, "model": "item/solar_sword"}
	]
}
