{
  "overrides": [
    {
      "model": "item/cosmetics/angel_wings",
      "predicate": {
        "custom_model_data": 10000
      }
    },
    {
      "model": "item/cosmetics/butterfly_wings",
      "predicate": {
        "custom_model_data": 10001
      }
    },
    {
      "model": "item/cosmetics/demon_wings",
      "predicate": {
        "custom_model_data": 10002
      }
    },
    {
      "model": "item/cosmetics/enderdragon_wings",
      "predicate": {
        "custom_model_data": 10003
      }
    },
    {
      "model": "item/cosmetics/phoenix_wings",
      "predicate": {
        "custom_model_data": 10004
      }
    },
    {
      "model": "item/paper",
      "predicate": {
        "custom_model_data": 12000
      }
    }
  ],
  "parent": "item/handheld_rod",
  "textures": {
    "layer0": "item/diamond_horse_armor"
  }
}