{
	"parent": "item/handheld",
	"textures": {
		"layer0": "item/glowstone_dust"
	},
	"overrides": [
		{ "predicate": { "custom_model_data": 100}, "model": "item/cosmetics/wumpus" },
		{ "predicate": { "custom_model_data": 110}, "model": "item/cosmetics/pup1" },
		{ "predicate": { "custom_model_data": 120}, "model": "item/cosmetics/flamingofloaty" },
		{ "predicate": { "custom_model_data": 130}, "model": "item/cosmetics/angel_on_shoulder" },
		{ "predicate": { "custom_model_data": 140}, "model": "item/cosmetics/devil_on_shoulder" },
		{ "predicate": { "custom_model_data": 150}, "model": "item/cosmetics/succubus_tail" },
		{ "predicate": { "custom_model_data": 160}, "model": "item/cosmetics/halo1" },
		{ "predicate": { "custom_model_data": 170}, "model": "item/cosmetics/horns1" },
		{ "predicate": { "custom_model_data": 180}, "model": "item/cosmetics/succubus_wings" },
		{ "predicate": { "custom_model_data": 190}, "model": "item/cosmetics/angel_devil_plushie" },
		{ "predicate": { "custom_model_data": 200}, "model": "item/cosmetics/halo2" },
		{ "predicate": { "custom_model_data": 210}, "model": "item/cosmetics/foxhat" },
		{ "predicate": { "custom_model_data": 1000}, "model": "item/cosmetics/angel_wing" },
		{ "predicate": { "custom_model_data": 1010}, "model": "item/cosmetics/butterfly_wing" },
		{ "predicate": { "custom_model_data": 1020}, "model": "item/cosmetics/demon_wing" },
		{ "predicate": { "custom_model_data": 1030}, "model": "item/cosmetics/enderdragon_wing" },
		{ "predicate": { "custom_model_data": 1040}, "model": "item/cosmetics/phoenix_wing" }
	]
}