{
	"parent": "item/handheld",
	"textures": {
		"layer0": "item/golden_horse_armor"
	},
	"overrides": [
		{ "predicate": { "custom_model_data": 1}, "model": "item/guns/m9" },
		{ "predicate": { "custom_model_data": 2}, "model": "item/guns/m9_red" },
		{ "predicate": { "custom_model_data": 3}, "model": "item/guns/m9_darkred" },
		{ "predicate": { "custom_model_data": 4}, "model": "item/guns/m9_blue" },
		{ "predicate": { "custom_model_data": 5}, "model": "item/guns/m9_white" },
		{ "predicate": { "custom_model_data": 6}, "model": "item/guns/m9_desert" },
		{ "predicate": { "custom_model_data": 7}, "model": "item/guns/m9_orange" },
		{ "predicate": { "custom_model_data": 8}, "model": "item/guns/ak47" },
		{ "predicate": { "custom_model_data": 9}, "model": "item/guns/ak47_black" },
		{ "predicate": { "custom_model_data": 10}, "model": "item/guns/ak47_blue" },
		{ "predicate": { "custom_model_data": 11}, "model": "item/guns/ak47_gray" },
		{ "predicate": { "custom_model_data": 12}, "model": "item/guns/ak47_green" },
		{ "predicate": { "custom_model_data": 13}, "model": "item/guns/ak47_purple" },
		{ "predicate": { "custom_model_data": 14}, "model": "item/guns/ak47_red" },
		{ "predicate": { "custom_model_data": 15}, "model": "item/guns/ak47_xmas" },
		{ "predicate": { "custom_model_data": 16}, "model": "item/guns/awp" },
		{ "predicate": { "custom_model_data": 17}, "model": "item/guns/awp_blue" },
		{ "predicate": { "custom_model_data": 18}, "model": "item/guns/awp_desert" },
		{ "predicate": { "custom_model_data": 19}, "model": "item/guns/awp_orange" },
		{ "predicate": { "custom_model_data": 20}, "model": "item/guns/awp_red" }
	]
}
