{"data":250,"parent":"item/generated","textures":{"layer0":"item/leather_horse_armor"},"overrides":[{"predicate":{"custom_model_data":1},"model":"modelengine:ggrievous3/cabeza"},{"predicate":{"custom_model_data":2},"model":"modelengine:ggrievous3/anakinslightsaber2"},{"predicate":{"custom_model_data":3},"model":"modelengine:ggrievous3/manodera"},{"predicate":{"custom_model_data":4},"model":"modelengine:ggrievous3/munecadera"},{"predicate":{"custom_model_data":5},"model":"modelengine:ggrievous3/hombrerader"},{"predicate":{"custom_model_data":6},"model":"modelengine:ggrievous3/borazodera"},{"predicate":{"custom_model_data":7},"model":"modelengine:ggrievous3/lightsaber2"},{"predicate":{"custom_model_data":8},"model":"modelengine:ggrievous3/manoderb"},{"predicate":{"custom_model_data":9},"model":"modelengine:ggrievous3/munecaderb"},{"predicate":{"custom_model_data":10},"model":"modelengine:ggrievous3/borazoderb"},{"predicate":{"custom_model_data":11},"model":"modelengine:ggrievous3/hombreraizq"},{"predicate":{"custom_model_data":12},"model":"modelengine:ggrievous3/anakinslightsaber"},{"predicate":{"custom_model_data":13},"model":"modelengine:ggrievous3/manoizqa"},{"predicate":{"custom_model_data":14},"model":"modelengine:ggrievous3/munecaizqa"},{"predicate":{"custom_model_data":15},"model":"modelengine:ggrievous3/borazoizqa"},{"predicate":{"custom_model_data":16},"model":"modelengine:ggrievous3/lightsaber3"},{"predicate":{"custom_model_data":17},"model":"modelengine:ggrievous3/manoizqb"},{"predicate":{"custom_model_data":18},"model":"modelengine:ggrievous3/munecaizqb"},{"predicate":{"custom_model_data":19},"model":"modelengine:ggrievous3/borazoizqb"},{"predicate":{"custom_model_data":20},"model":"modelengine:ggrievous3/pechoder"},{"predicate":{"custom_model_data":21},"model":"modelengine:ggrievous3/pechoidzq"},{"predicate":{"custom_model_data":22},"model":"modelengine:ggrievous3/capa"},{"predicate":{"custom_model_data":23},"model":"modelengine:ggrievous3/torso"},{"predicate":{"custom_model_data":24},"model":"modelengine:ggrievous3/roterdamder"},{"predicate":{"custom_model_data":25},"model":"modelengine:ggrievous3/piernader"},{"predicate":{"custom_model_data":26},"model":"modelengine:ggrievous3/pantoder"},{"predicate":{"custom_model_data":27},"model":"modelengine:ggrievous3/minpantoder"},{"predicate":{"custom_model_data":28},"model":"modelengine:ggrievous3/pieder"},{"predicate":{"custom_model_data":29},"model":"modelengine:ggrievous3/roterdamizq"},{"predicate":{"custom_model_data":30},"model":"modelengine:ggrievous3/piernaizq"},{"predicate":{"custom_model_data":31},"model":"modelengine:ggrievous3/pantoizq2"},{"predicate":{"custom_model_data":32},"model":"modelengine:ggrievous3/minpantoizq"},{"predicate":{"custom_model_data":33},"model":"modelengine:ggrievous3/pieizq"},{"predicate":{"custom_model_data":34},"model":"modelengine:heavenandhellcrate/circle"},{"predicate":{"custom_model_data":35},"model":"modelengine:heavenandhellcrate/roh1"},{"predicate":{"custom_model_data":36},"model":"modelengine:heavenandhellcrate/roh2"},{"predicate":{"custom_model_data":37},"model":"modelengine:heavenandhellcrate/halo2"},{"predicate":{"custom_model_data":38},"model":"modelengine:heavenandhellcrate/horn"},{"predicate":{"custom_model_data":39},"model":"modelengine:heavenandhellcrate/bone24"},{"predicate":{"custom_model_data":40},"model":"modelengine:heavenandhellcrate/bone23"},{"predicate":{"custom_model_data":41},"model":"modelengine:heavenandhellcrate/bone25"},{"predicate":{"custom_model_data":42},"model":"modelengine:heavenandhellcrate/bone20"},{"predicate":{"custom_model_data":43},"model":"modelengine:heavenandhellcrate/bone19"},{"predicate":{"custom_model_data":44},"model":"modelengine:heavenandhellcrate/bone22"},{"predicate":{"custom_model_data":45},"model":"modelengine:heavenandhellcrate/bone21"},{"predicate":{"custom_model_data":46},"model":"modelengine:heavenandhellcrate/bone17"},{"predicate":{"custom_model_data":47},"model":"modelengine:heavenandhellcrate/bone16"},{"predicate":{"custom_model_data":48},"model":"modelengine:heavenandhellcrate/bone14"},{"predicate":{"custom_model_data":49},"model":"modelengine:heavenandhellcrate/bone18"},{"predicate":{"custom_model_data":50},"model":"modelengine:heavenandhellcrate/bone15"},{"predicate":{"custom_model_data":51},"model":"modelengine:heavenandhellcrate/bone13"},{"predicate":{"custom_model_data":52},"model":"modelengine:heavenandhellcrate/base7"},{"predicate":{"custom_model_data":53},"model":"modelengine:heavenandhellcrate/bone10"},{"predicate":{"custom_model_data":54},"model":"modelengine:heavenandhellcrate/bone3"},{"predicate":{"custom_model_data":55},"model":"modelengine:heavenandhellcrate/bone"},{"predicate":{"custom_model_data":56},"model":"modelengine:heavenandhellcrate/base5"},{"predicate":{"custom_model_data":57},"model":"modelengine:heavenandhellcrate/bone12"},{"predicate":{"custom_model_data":58},"model":"modelengine:heavenandhellcrate/bone8"},{"predicate":{"custom_model_data":59},"model":"modelengine:heavenandhellcrate/bone7"},{"predicate":{"custom_model_data":60},"model":"modelengine:heavenandhellcrate/bone6"},{"predicate":{"custom_model_data":61},"model":"modelengine:heavenandhellcrate/bone11"},{"predicate":{"custom_model_data":62},"model":"modelengine:heavenandhellcrate/bone9"},{"predicate":{"custom_model_data":63},"model":"modelengine:heavenandhellcrate/bone4"},{"predicate":{"custom_model_data":64},"model":"modelengine:heavenandhellcrate/bone2"},{"predicate":{"custom_model_data":65},"model":"modelengine:heavenandhellcrate/base6"},{"predicate":{"custom_model_data":66},"model":"modelengine:heavenandhellcrate/base4"},{"predicate":{"custom_model_data":67},"model":"modelengine:heavenandhellcrate/base3"},{"predicate":{"custom_model_data":68},"model":"modelengine:heavenandhellcrate/base2"},{"predicate":{"custom_model_data":69},"model":"modelengine:heavenandhellcrate/base"},{"predicate":{"custom_model_data":70},"model":"modelengine:heavenandhellcrate/bone26"},{"predicate":{"custom_model_data":71},"model":"modelengine:heavenandhellcrate/tail"},{"predicate":{"custom_model_data":72},"model":"modelengine:heavenandhellcrate/crate"},{"predicate":{"custom_model_data":73},"model":"modelengine:darklurker/head"},{"predicate":{"custom_model_data":74},"model":"modelengine:darklurker/bone2"},{"predicate":{"custom_model_data":75},"model":"modelengine:darklurker/bone"},{"predicate":{"custom_model_data":76},"model":"modelengine:darklurker/body"},{"predicate":{"custom_model_data":77},"model":"modelengine:darklurker/antebrazo1"},{"predicate":{"custom_model_data":78},"model":"modelengine:darklurker/brazo1"},{"predicate":{"custom_model_data":79},"model":"modelengine:darklurker/antebrazo2"},{"predicate":{"custom_model_data":80},"model":"modelengine:darklurker/brazo2"},{"predicate":{"custom_model_data":81},"model":"modelengine:darklurker/antebrazo3"},{"predicate":{"custom_model_data":82},"model":"modelengine:darklurker/brazo3"},{"predicate":{"custom_model_data":83},"model":"modelengine:darklurker/antebrazo4"},{"predicate":{"custom_model_data":84},"model":"modelengine:darklurker/brazo4"},{"predicate":{"custom_model_data":85},"model":"modelengine:darklurker/wing1"},{"predicate":{"custom_model_data":86},"model":"modelengine:darklurker/wing2"},{"predicate":{"custom_model_data":87},"model":"modelengine:darklurkerfireballdark/bone"},{"predicate":{"custom_model_data":88},"model":"modelengine:darklurkerfireballeffect/bone"},{"predicate":{"custom_model_data":89},"model":"modelengine:darklurkerfireballteleport/bone"},{"predicate":{"custom_model_data":90},"model":"modelengine:fallenherald/capa"},{"predicate":{"custom_model_data":91},"model":"modelengine:fallenherald/leftarmbot"},{"predicate":{"custom_model_data":92},"model":"modelengine:fallenherald/leftarm"},{"predicate":{"custom_model_data":93},"model":"modelengine:fallenherald/sword"},{"predicate":{"custom_model_data":94},"model":"modelengine:fallenherald/hand"},{"predicate":{"custom_model_data":95},"model":"modelengine:fallenherald/rightarmbot"},{"predicate":{"custom_model_data":96},"model":"modelengine:fallenherald/rightarm"},{"predicate":{"custom_model_data":97},"model":"modelengine:fallenherald/head"},{"predicate":{"custom_model_data":98},"model":"modelengine:fallenherald/body"},{"predicate":{"custom_model_data":99},"model":"modelengine:fallenherald/piedderenn"},{"predicate":{"custom_model_data":100},"model":"modelengine:fallenherald/rightlegbot"},{"predicate":{"custom_model_data":101},"model":"modelengine:fallenherald/rightleg"},{"predicate":{"custom_model_data":102},"model":"modelengine:fallenherald/piedleften"},{"predicate":{"custom_model_data":103},"model":"modelengine:fallenherald/leftlegbot"},{"predicate":{"custom_model_data":104},"model":"modelengine:fallenherald/leftleg"},{"predicate":{"custom_model_data":105},"model":"modelengine:fallenherald2/capa"},{"predicate":{"custom_model_data":106},"model":"modelengine:fallenherald2/leftarmbot"},{"predicate":{"custom_model_data":107},"model":"modelengine:fallenherald2/leftarm"},{"predicate":{"custom_model_data":108},"model":"modelengine:fallenherald2/sword"},{"predicate":{"custom_model_data":109},"model":"modelengine:fallenherald2/hand"},{"predicate":{"custom_model_data":110},"model":"modelengine:fallenherald2/rightarmbot"},{"predicate":{"custom_model_data":111},"model":"modelengine:fallenherald2/rightarm"},{"predicate":{"custom_model_data":112},"model":"modelengine:fallenherald2/head"},{"predicate":{"custom_model_data":113},"model":"modelengine:fallenherald2/body"},{"predicate":{"custom_model_data":114},"model":"modelengine:fallenherald2/piedderenn"},{"predicate":{"custom_model_data":115},"model":"modelengine:fallenherald2/rightlegbot"},{"predicate":{"custom_model_data":116},"model":"modelengine:fallenherald2/rightleg"},{"predicate":{"custom_model_data":117},"model":"modelengine:fallenherald2/piedleften"},{"predicate":{"custom_model_data":118},"model":"modelengine:fallenherald2/leftlegbot"},{"predicate":{"custom_model_data":119},"model":"modelengine:fallenherald2/leftleg"},{"predicate":{"custom_model_data":120},"model":"modelengine:fallenherald3/capa"},{"predicate":{"custom_model_data":121},"model":"modelengine:fallenherald3/body"},{"predicate":{"custom_model_data":122},"model":"modelengine:fallenherald3/head"},{"predicate":{"custom_model_data":123},"model":"modelengine:fallenherald3/leftarm"},{"predicate":{"custom_model_data":124},"model":"modelengine:fallenherald3/leftarmbot"},{"predicate":{"custom_model_data":125},"model":"modelengine:fallenherald3/rightarm"},{"predicate":{"custom_model_data":126},"model":"modelengine:fallenherald3/hand"},{"predicate":{"custom_model_data":127},"model":"modelengine:fallenherald3/rightarmbot"},{"predicate":{"custom_model_data":128},"model":"modelengine:fallenherald3/sword"},{"predicate":{"custom_model_data":129},"model":"modelengine:fallenherald3/rightleg"},{"predicate":{"custom_model_data":130},"model":"modelengine:fallenherald3/rightlegbot"},{"predicate":{"custom_model_data":131},"model":"modelengine:fallenherald3/piedderenn"},{"predicate":{"custom_model_data":132},"model":"modelengine:fallenherald3/leftleg"},{"predicate":{"custom_model_data":133},"model":"modelengine:fallenherald3/leftlegbot"},{"predicate":{"custom_model_data":134},"model":"modelengine:fallenherald3/piedleften"},{"predicate":{"custom_model_data":135},"model":"modelengine:fallenreaper/faldcentral"},{"predicate":{"custom_model_data":136},"model":"modelengine:fallenreaper/faldizq"},{"predicate":{"custom_model_data":137},"model":"modelengine:fallenreaper/faldder"},{"predicate":{"custom_model_data":138},"model":"modelengine:fallenreaper/capa"},{"predicate":{"custom_model_data":139},"model":"modelengine:fallenreaper/leftarmbot"},{"predicate":{"custom_model_data":140},"model":"modelengine:fallenreaper/leftarm"},{"predicate":{"custom_model_data":141},"model":"modelengine:fallenreaper/odesparticles1"},{"predicate":{"custom_model_data":142},"model":"modelengine:fallenreaper/odes"},{"predicate":{"custom_model_data":143},"model":"modelengine:fallenreaper/hand"},{"predicate":{"custom_model_data":144},"model":"modelengine:fallenreaper/rightarmbot"},{"predicate":{"custom_model_data":145},"model":"modelengine:fallenreaper/rightarm"},{"predicate":{"custom_model_data":146},"model":"modelengine:fallenreaper/head"},{"predicate":{"custom_model_data":147},"model":"modelengine:fallenreaper/body"},{"predicate":{"custom_model_data":148},"model":"modelengine:fallenreaper/piedderenn"},{"predicate":{"custom_model_data":149},"model":"modelengine:fallenreaper/rightlegbot"},{"predicate":{"custom_model_data":150},"model":"modelengine:fallenreaper/rightleg"},{"predicate":{"custom_model_data":151},"model":"modelengine:fallenreaper/piedleften"},{"predicate":{"custom_model_data":152},"model":"modelengine:fallenreaper/leftlegbot"},{"predicate":{"custom_model_data":153},"model":"modelengine:fallenreaper/leftleg"},{"predicate":{"custom_model_data":154},"model":"modelengine:fallenreaper2/faldcentral"},{"predicate":{"custom_model_data":155},"model":"modelengine:fallenreaper2/faldizq"},{"predicate":{"custom_model_data":156},"model":"modelengine:fallenreaper2/faldder"},{"predicate":{"custom_model_data":157},"model":"modelengine:fallenreaper2/capa"},{"predicate":{"custom_model_data":158},"model":"modelengine:fallenreaper2/leftarmbot"},{"predicate":{"custom_model_data":159},"model":"modelengine:fallenreaper2/leftarm"},{"predicate":{"custom_model_data":160},"model":"modelengine:fallenreaper2/odes"},{"predicate":{"custom_model_data":161},"model":"modelengine:fallenreaper2/hand"},{"predicate":{"custom_model_data":162},"model":"modelengine:fallenreaper2/rightarmbot"},{"predicate":{"custom_model_data":163},"model":"modelengine:fallenreaper2/rightarm"},{"predicate":{"custom_model_data":164},"model":"modelengine:fallenreaper2/head"},{"predicate":{"custom_model_data":165},"model":"modelengine:fallenreaper2/body"},{"predicate":{"custom_model_data":166},"model":"modelengine:fallenreaper2/piedderenn"},{"predicate":{"custom_model_data":167},"model":"modelengine:fallenreaper2/rightlegbot"},{"predicate":{"custom_model_data":168},"model":"modelengine:fallenreaper2/rightleg"},{"predicate":{"custom_model_data":169},"model":"modelengine:fallenreaper2/piedleften"},{"predicate":{"custom_model_data":170},"model":"modelengine:fallenreaper2/leftlegbot"},{"predicate":{"custom_model_data":171},"model":"modelengine:fallenreaper2/leftleg"},{"predicate":{"custom_model_data":172},"model":"modelengine:fallenreaper3/faldcentral"},{"predicate":{"custom_model_data":173},"model":"modelengine:fallenreaper3/faldizq"},{"predicate":{"custom_model_data":174},"model":"modelengine:fallenreaper3/faldder"},{"predicate":{"custom_model_data":175},"model":"modelengine:fallenreaper3/capa"},{"predicate":{"custom_model_data":176},"model":"modelengine:fallenreaper3/leftarmxd"},{"predicate":{"custom_model_data":177},"model":"modelengine:fallenreaper3/rightarmxd"},{"predicate":{"custom_model_data":178},"model":"modelengine:fallenreaper3/rightleg"},{"predicate":{"custom_model_data":179},"model":"modelengine:fallenreaper3/leftleg"},{"predicate":{"custom_model_data":180},"model":"modelengine:fallenreaper3/body"},{"predicate":{"custom_model_data":181},"model":"modelengine:fallenreaper3/head"},{"predicate":{"custom_model_data":182},"model":"modelengine:fallenreaper3/maske"},{"predicate":{"custom_model_data":183},"model":"modelengine:fallenreaper3/leftarm"},{"predicate":{"custom_model_data":184},"model":"modelengine:fallenreaper3/leftarmbot2"},{"predicate":{"custom_model_data":185},"model":"modelengine:fallenreaper3/rightarm"},{"predicate":{"custom_model_data":186},"model":"modelengine:fallenreaper3/hand2"},{"predicate":{"custom_model_data":187},"model":"modelengine:fallenreaper3/rightarmbot2"},{"predicate":{"custom_model_data":188},"model":"modelengine:fallenreaper3/rightleg2"},{"predicate":{"custom_model_data":189},"model":"modelengine:fallenreaper3/piedderenn"},{"predicate":{"custom_model_data":190},"model":"modelengine:fallenreaper3/rightlegbot"},{"predicate":{"custom_model_data":191},"model":"modelengine:fallenreaper3/piedleften"},{"predicate":{"custom_model_data":192},"model":"modelengine:fallenreaper3/leftlegbot"},{"predicate":{"custom_model_data":193},"model":"modelengine:fallenreaper3/leftleg2"},{"predicate":{"custom_model_data":194},"model":"modelengine:fallenreaper3/odes"},{"predicate":{"custom_model_data":195},"model":"modelengine:fallensoldier/leftarmbot"},{"predicate":{"custom_model_data":196},"model":"modelengine:fallensoldier/leftarm"},{"predicate":{"custom_model_data":197},"model":"modelengine:fallensoldier/sword"},{"predicate":{"custom_model_data":198},"model":"modelengine:fallensoldier/hand"},{"predicate":{"custom_model_data":199},"model":"modelengine:fallensoldier/rightarmbot"},{"predicate":{"custom_model_data":200},"model":"modelengine:fallensoldier/rightarm"},{"predicate":{"custom_model_data":201},"model":"modelengine:fallensoldier/head"},{"predicate":{"custom_model_data":202},"model":"modelengine:fallensoldier/body"},{"predicate":{"custom_model_data":203},"model":"modelengine:fallensoldier/piedderenn"},{"predicate":{"custom_model_data":204},"model":"modelengine:fallensoldier/rightlegbot"},{"predicate":{"custom_model_data":205},"model":"modelengine:fallensoldier/rightleg"},{"predicate":{"custom_model_data":206},"model":"modelengine:fallensoldier/piedleften"},{"predicate":{"custom_model_data":207},"model":"modelengine:fallensoldier/leftlegbot"},{"predicate":{"custom_model_data":208},"model":"modelengine:fallensoldier/leftleg"},{"predicate":{"custom_model_data":209},"model":"modelengine:fallenwarden/leftarmbot"},{"predicate":{"custom_model_data":210},"model":"modelengine:fallenwarden/leftarm"},{"predicate":{"custom_model_data":211},"model":"modelengine:fallenwarden/lanceaxe"},{"predicate":{"custom_model_data":212},"model":"modelengine:fallenwarden/hand"},{"predicate":{"custom_model_data":213},"model":"modelengine:fallenwarden/rightarmbot"},{"predicate":{"custom_model_data":214},"model":"modelengine:fallenwarden/rightarm"},{"predicate":{"custom_model_data":215},"model":"modelengine:fallenwarden/head"},{"predicate":{"custom_model_data":216},"model":"modelengine:fallenwarden/body"},{"predicate":{"custom_model_data":217},"model":"modelengine:fallenwarden/piedderenn"},{"predicate":{"custom_model_data":218},"model":"modelengine:fallenwarden/rightlegbot"},{"predicate":{"custom_model_data":219},"model":"modelengine:fallenwarden/rightleg"},{"predicate":{"custom_model_data":220},"model":"modelengine:fallenwarden/piedleften"},{"predicate":{"custom_model_data":221},"model":"modelengine:fallenwarden/leftlegbot"},{"predicate":{"custom_model_data":222},"model":"modelengine:fallenwarden/leftleg"},{"predicate":{"custom_model_data":223},"model":"modelengine:fallenwarden2/leftarmbot"},{"predicate":{"custom_model_data":224},"model":"modelengine:fallenwarden2/leftarm"},{"predicate":{"custom_model_data":225},"model":"modelengine:fallenwarden2/lanceaxe"},{"predicate":{"custom_model_data":226},"model":"modelengine:fallenwarden2/hand"},{"predicate":{"custom_model_data":227},"model":"modelengine:fallenwarden2/rightarmbot"},{"predicate":{"custom_model_data":228},"model":"modelengine:fallenwarden2/rightarm"},{"predicate":{"custom_model_data":229},"model":"modelengine:fallenwarden2/head"},{"predicate":{"custom_model_data":230},"model":"modelengine:fallenwarden2/body"},{"predicate":{"custom_model_data":231},"model":"modelengine:fallenwarden2/piedderenn"},{"predicate":{"custom_model_data":232},"model":"modelengine:fallenwarden2/rightlegbot"},{"predicate":{"custom_model_data":233},"model":"modelengine:fallenwarden2/rightleg"},{"predicate":{"custom_model_data":234},"model":"modelengine:fallenwarden2/piedleften"},{"predicate":{"custom_model_data":235},"model":"modelengine:fallenwarden2/leftlegbot"},{"predicate":{"custom_model_data":236},"model":"modelengine:fallenwarden2/leftleg"},{"predicate":{"custom_model_data":237},"model":"modelengine:fallenwarden3/leftarmbot"},{"predicate":{"custom_model_data":238},"model":"modelengine:fallenwarden3/leftarm"},{"predicate":{"custom_model_data":239},"model":"modelengine:fallenwarden3/lanceaxe"},{"predicate":{"custom_model_data":240},"model":"modelengine:fallenwarden3/hand"},{"predicate":{"custom_model_data":241},"model":"modelengine:fallenwarden3/rightarmbot"},{"predicate":{"custom_model_data":242},"model":"modelengine:fallenwarden3/rightarm"},{"predicate":{"custom_model_data":243},"model":"modelengine:fallenwarden3/head"},{"predicate":{"custom_model_data":244},"model":"modelengine:fallenwarden3/body"},{"predicate":{"custom_model_data":245},"model":"modelengine:fallenwarden3/piedderenn"},{"predicate":{"custom_model_data":246},"model":"modelengine:fallenwarden3/rightlegbot"},{"predicate":{"custom_model_data":247},"model":"modelengine:fallenwarden3/rightleg"},{"predicate":{"custom_model_data":248},"model":"modelengine:fallenwarden3/piedleften"},{"predicate":{"custom_model_data":249},"model":"modelengine:fallenwarden3/leftlegbot"},{"predicate":{"custom_model_data":250},"model":"modelengine:fallenwarden3/leftleg"}]}