{
	"texture_size": [64, 64],
	"textures": {
		"2": "solar/solar_axe"
	},
	"elements": [
		{
			"from": [6.5, -10.2, 7],
			"to": [9.5, -7.2, 9],
			"rotation": {"angle": -45, "axis": "z", "origin": [8, -8.7, 8.5]},
			"faces": {
				"north": {"uv": [5, 5.5, 5.75, 6.25], "texture": "#2"},
				"east": {"uv": [6.25, 2.75, 6.75, 3.5], "texture": "#2"},
				"south": {"uv": [0, 5.75, 0.75, 6.5], "texture": "#2"},
				"west": {"uv": [3.25, 6.25, 3.75, 7], "texture": "#2"},
				"up": {"uv": [7, 4, 6.25, 3.5], "texture": "#2"},
				"down": {"uv": [4.5, 6.25, 3.75, 6.75], "texture": "#2"}
			}
		},
		{
			"from": [8.75, -10.7, 7.5],
			"to": [9.75, -8.7, 8.5],
			"rotation": {"angle": 45, "axis": "z", "origin": [9.75, -8.7, 8.5]},
			"faces": {
				"north": {"uv": [5.5, 1, 5.75, 1.5], "texture": "#2"},
				"east": {"uv": [0.75, 5.75, 1, 6.25], "texture": "#2"},
				"south": {"uv": [1.5, 6.75, 1.75, 7.25], "texture": "#2"},
				"west": {"uv": [1.75, 6.75, 2, 7.25], "texture": "#2"},
				"up": {"uv": [5.75, 5.5, 5.5, 5.25], "texture": "#2"},
				"down": {"uv": [5, 7.25, 4.75, 7.5], "texture": "#2"}
			}
		},
		{
			"from": [6.25, -10.7, 7.5],
			"to": [7.25, -8.7, 8.5],
			"rotation": {"angle": -45, "axis": "z", "origin": [6.25, -8.7, 8.5]},
			"faces": {
				"north": {"uv": [2, 6.75, 2.25, 7.25], "texture": "#2"},
				"east": {"uv": [2.25, 6.75, 2.5, 7.25], "texture": "#2"},
				"south": {"uv": [6.75, 2.75, 7, 3.25], "texture": "#2"},
				"west": {"uv": [3.75, 6.75, 4, 7.25], "texture": "#2"},
				"up": {"uv": [5.25, 7.5, 5, 7.25], "texture": "#2"},
				"down": {"uv": [5.5, 7.25, 5.25, 7.5], "texture": "#2"}
			}
		},
		{
			"from": [8, -11.7, 7.5],
			"to": [9, -9.7, 8.5],
			"rotation": {"angle": 22.5, "axis": "z", "origin": [9, -9.7, 8.5]},
			"faces": {
				"north": {"uv": [4, 6.75, 4.25, 7.25], "texture": "#2"},
				"east": {"uv": [4.25, 6.75, 4.5, 7.25], "texture": "#2"},
				"south": {"uv": [4.5, 6.75, 4.75, 7.25], "texture": "#2"},
				"west": {"uv": [4.75, 6.75, 5, 7.25], "texture": "#2"},
				"up": {"uv": [5.75, 7.5, 5.5, 7.25], "texture": "#2"},
				"down": {"uv": [6, 7.25, 5.75, 7.5], "texture": "#2"}
			}
		},
		{
			"from": [7, -11.7, 7.5],
			"to": [8, -9.7, 8.5],
			"rotation": {"angle": -22.5, "axis": "z", "origin": [7, -9.7, 8.5]},
			"faces": {
				"north": {"uv": [5, 6.75, 5.25, 7.25], "texture": "#2"},
				"east": {"uv": [6.75, 5.25, 7, 5.75], "texture": "#2"},
				"south": {"uv": [6.75, 5.75, 7, 6.25], "texture": "#2"},
				"west": {"uv": [6.5, 6.75, 6.75, 7.25], "texture": "#2"},
				"up": {"uv": [6.25, 7.5, 6, 7.25], "texture": "#2"},
				"down": {"uv": [6.75, 7.25, 6.5, 7.5], "texture": "#2"}
			}
		},
		{
			"from": [7, -9.7, 6.5],
			"to": [9, -7.7, 9.5],
			"rotation": {"angle": 45, "axis": "z", "origin": [8, -8.7, 8.5]},
			"faces": {
				"north": {"uv": [6.5, 1.25, 7, 1.75], "texture": "#2"},
				"east": {"uv": [6.25, 4, 7, 4.5], "texture": "#2"},
				"south": {"uv": [6.5, 1.75, 7, 2.25], "texture": "#2"},
				"west": {"uv": [4.5, 6.25, 5.25, 6.75], "texture": "#2"},
				"up": {"uv": [5.75, 7, 5.25, 6.25], "texture": "#2"},
				"down": {"uv": [6.25, 6.25, 5.75, 7], "texture": "#2"}
			}
		},
		{
			"from": [7.001, -8.199, 7.001],
			"to": [8.999, 9.799, 8.999],
			"rotation": {"angle": 0, "axis": "y", "origin": [0, 21.8, 0]},
			"faces": {
				"north": {"uv": [0, 0, 0.5, 4.5], "texture": "#2"},
				"east": {"uv": [0.5, 0, 1, 4.5], "texture": "#2"},
				"south": {"uv": [1, 0, 1.5, 4.5], "texture": "#2"},
				"west": {"uv": [1.5, 0, 2, 4.5], "texture": "#2"},
				"up": {"uv": [3, 7, 2.5, 6.5], "texture": "#2"},
				"down": {"uv": [7, 4.5, 6.5, 5], "texture": "#2"}
			}
		},
		{
			"from": [6.501, -6.199, 6.501],
			"to": [9.499, 2.799, 9.499],
			"rotation": {"angle": 0, "axis": "y", "origin": [0, 20.8, 0]},
			"faces": {
				"north": {"uv": [2, 0, 2.75, 2.25], "texture": "#2"},
				"east": {"uv": [2, 2.25, 2.75, 4.5], "texture": "#2"},
				"south": {"uv": [2.75, 0, 3.5, 2.25], "texture": "#2"},
				"west": {"uv": [2.75, 2.25, 3.5, 4.5], "texture": "#2"},
				"up": {"uv": [6.5, 1.75, 5.75, 1], "texture": "#2"},
				"down": {"uv": [6.5, 1.75, 5.75, 2.5], "texture": "#2"}
			}
		},
		{
			"from": [6, 9.75, 6.5],
			"to": [10, 13.75, 9.5],
			"rotation": {"angle": 0, "axis": "y", "origin": [8, 11.75, 8]},
			"faces": {
				"north": {"uv": [4.5, 3.5, 5.5, 4.5], "texture": "#2"},
				"east": {"uv": [5.5, 2.5, 6.25, 3.5], "texture": "#2"},
				"south": {"uv": [4.5, 4.5, 5.5, 5.5], "texture": "#2"},
				"west": {"uv": [5.5, 3.5, 6.25, 4.5], "texture": "#2"},
				"up": {"uv": [5, 6.25, 4, 5.5], "texture": "#2"},
				"down": {"uv": [6.5, 4.5, 5.5, 5.25], "texture": "#2"}
			}
		},
		{
			"from": [5.999, 9.749, 6.499],
			"to": [10.001, 13.751, 9.501],
			"rotation": {"angle": 45, "axis": "z", "origin": [8, 11.75, 8]},
			"faces": {
				"north": {"uv": [2.25, 4.5, 3.25, 5.5], "texture": "#2"},
				"east": {"uv": [3.25, 5.25, 4, 6.25], "texture": "#2"},
				"south": {"uv": [4.5, 2.5, 5.5, 3.5], "texture": "#2"},
				"west": {"uv": [5.5, 0, 6.25, 1], "texture": "#2"},
				"up": {"uv": [2, 6.25, 1, 5.5], "texture": "#2"},
				"down": {"uv": [3, 5.5, 2, 6.25], "texture": "#2"}
			}
		},
		{
			"from": [6.999, 10.749, 5.999],
			"to": [9.001, 12.751, 10.001],
			"rotation": {"angle": 45, "axis": "z", "origin": [8, 11.75, 8]},
			"faces": {
				"north": {"uv": [6.5, 6.25, 7, 6.75], "texture": "#2"},
				"east": {"uv": [5.75, 5.25, 6.75, 5.75], "texture": "#2"},
				"south": {"uv": [6.75, 0, 7.25, 0.5], "texture": "#2"},
				"west": {"uv": [5.75, 5.75, 6.75, 6.25], "texture": "#2"},
				"up": {"uv": [6.75, 1, 6.25, 0], "texture": "#2"},
				"down": {"uv": [1.25, 6.25, 0.75, 7.25], "texture": "#2"}
			}
		},
		{
			"from": [-1.11023, 3.50688, 7.52],
			"to": [2.84977, 8.46688, 8.48],
			"rotation": {"angle": 22.5, "axis": "z", "origin": [-1.13023, 8.48688, 7.47]},
			"faces": {
				"north": {"uv": [3.5, 1.5, 4.5, 2.75], "texture": "#2"},
				"east": {"uv": [6.25, 6.25, 6.5, 7.5], "texture": "#2"},
				"south": {"uv": [3.5, 2.75, 4.5, 4], "texture": "#2"},
				"west": {"uv": [0, 6.5, 0.25, 7.75], "texture": "#2"},
				"up": {"uv": [7.5, 2.5, 6.5, 2.25], "texture": "#2"},
				"down": {"uv": [7.5, 5, 6.5, 5.25], "texture": "#2"}
			}
		},
		{
			"from": [-1.1041, 8.47606, 7.51],
			"to": [2.8759, 13.45606, 8.49],
			"rotation": {"angle": 0, "axis": "y", "origin": [-1.1141, 13.46606, 7.48]},
			"faces": {
				"north": {"uv": [3.5, 4, 4.5, 5.25], "texture": "#2"},
				"east": {"uv": [0.25, 6.5, 0.5, 7.75], "texture": "#2"},
				"south": {"uv": [0, 4.5, 1, 5.75], "texture": "#2"},
				"west": {"uv": [0.5, 6.5, 0.75, 7.75], "texture": "#2"},
				"up": {"uv": [7.75, 0.75, 6.75, 0.5], "texture": "#2"},
				"down": {"uv": [7.75, 0.75, 6.75, 1], "texture": "#2"}
			}
		},
		{
			"from": [2.35, 9.89, 7.53],
			"to": [7.29, 13.83, 8.47],
			"rotation": {"angle": 45, "axis": "z", "origin": [6.32, 9.86, 7]},
			"faces": {
				"north": {"uv": [1, 4.5, 2.25, 5.5], "texture": "#2"},
				"east": {"uv": [3, 6.5, 3.25, 7.5], "texture": "#2"},
				"south": {"uv": [4.5, 1.5, 5.75, 2.5], "texture": "#2"},
				"west": {"uv": [1.25, 6.75, 1.5, 7.75], "texture": "#2"},
				"up": {"uv": [7.75, 1.25, 6.5, 1], "texture": "#2"},
				"down": {"uv": [2.5, 6.5, 1.25, 6.75], "texture": "#2"}
			}
		},
		{
			"from": [-1.71, 10.39, 7.49],
			"to": [6.31, 13.41, 8.51],
			"rotation": {"angle": -22.5, "axis": "z", "origin": [6.3, 10.4, 7.5]},
			"faces": {
				"north": {"uv": [3.5, 0, 5.5, 0.75], "texture": "#2"},
				"east": {"uv": [3.25, 4.5, 3.5, 5.25], "texture": "#2"},
				"south": {"uv": [3.5, 0.75, 5.5, 1.5], "texture": "#2"},
				"west": {"uv": [3, 5.5, 3.25, 6.25], "texture": "#2"},
				"up": {"uv": [3.25, 6.5, 1.25, 6.25], "texture": "#2"},
				"down": {"uv": [8.25, 2.5, 6.25, 2.75], "texture": "#2"}
			}
		},
		{
			"from": [9, 12.6, 9.4],
			"to": [11, 13.6, 9.4],
			"rotation": {"angle": 45, "axis": "z", "origin": [9, 13.6, 9.4]},
			"faces": {
				"north": {"uv": [4, 5.25, 4.5, 5.5], "texture": "#2"},
				"east": {"uv": [0, 0, 0, 0.25], "texture": "#2"},
				"south": {"uv": [6.75, 3.25, 7.25, 3.5], "texture": "#2"},
				"west": {"uv": [0, 0, 0, 0.25], "texture": "#2"},
				"up": {"uv": [0.5, 0, 0, 0], "texture": "#2"},
				"down": {"uv": [0.5, 0, 0, 0], "texture": "#2"}
			}
		},
		{
			"from": [10.41421, 14.01421, 9.41],
			"to": [12.41421, 15.01421, 9.41],
			"rotation": {"angle": 22.5, "axis": "z", "origin": [10.41421, 15.01421, 9.4]},
			"faces": {
				"north": {"uv": [6.75, 6.75, 7.25, 7], "texture": "#2"},
				"east": {"uv": [0, 0, 0, 0.25], "texture": "#2"},
				"south": {"uv": [7, 1.25, 7.5, 1.5], "texture": "#2"},
				"west": {"uv": [0, 0, 0, 0.25], "texture": "#2"},
				"up": {"uv": [0.5, 0, 0, 0], "texture": "#2"},
				"down": {"uv": [0.5, 0, 0, 0], "texture": "#2"}
			}
		},
		{
			"from": [12.64466, 14.8557, 9.42],
			"to": [14.64466, 15.8557, 9.42],
			"rotation": {"angle": 45, "axis": "z", "origin": [12.64466, 14.8557, 9.4]},
			"faces": {
				"north": {"uv": [7, 1.5, 7.5, 1.75], "texture": "#2"},
				"east": {"uv": [0, 0, 0, 0.25], "texture": "#2"},
				"south": {"uv": [7, 1.75, 7.5, 2], "texture": "#2"},
				"west": {"uv": [0, 0, 0, 0.25], "texture": "#2"},
				"up": {"uv": [0.5, 0, 0, 0], "texture": "#2"},
				"down": {"uv": [0.5, 0, 0, 0], "texture": "#2"}
			}
		},
		{
			"from": [9.6, 11.85, 9.4],
			"to": [11.6, 12.85, 9.4],
			"rotation": {"angle": -22.5, "axis": "z", "origin": [9.6, 11.85, 9.4]},
			"faces": {
				"north": {"uv": [7, 2, 7.5, 2.25], "texture": "#2"},
				"east": {"uv": [0, 0, 0, 0.25], "texture": "#2"},
				"south": {"uv": [2.5, 7, 3, 7.25], "texture": "#2"},
				"west": {"uv": [0, 0, 0, 0.25], "texture": "#2"},
				"up": {"uv": [0.5, 0, 0, 0], "texture": "#2"},
				"down": {"uv": [0.5, 0, 0, 0], "texture": "#2"}
			}
		},
		{
			"from": [11.44776, 11.08463, 9.41],
			"to": [13.44776, 12.08463, 9.41],
			"rotation": {"angle": 22.5, "axis": "z", "origin": [11.44776, 11.08463, 9.4]},
			"faces": {
				"north": {"uv": [7, 2.75, 7.5, 3], "texture": "#2"},
				"east": {"uv": [0, 0, 0, 0.25], "texture": "#2"},
				"south": {"uv": [7, 3, 7.5, 3.25], "texture": "#2"},
				"west": {"uv": [0, 0, 0, 0.25], "texture": "#2"},
				"up": {"uv": [0.5, 0, 0, 0], "texture": "#2"},
				"down": {"uv": [0.5, 0, 0, 0], "texture": "#2"}
			}
		},
		{
			"from": [12.91283, 11.77388, 9.42],
			"to": [14.91283, 12.77388, 9.42],
			"rotation": {"angle": 0, "axis": "y", "origin": [12.91283, 12.77388, 9.4]},
			"faces": {
				"north": {"uv": [3.25, 7, 3.75, 7.25], "texture": "#2"},
				"east": {"uv": [0, 0, 0, 0.25], "texture": "#2"},
				"south": {"uv": [7, 3.5, 7.5, 3.75], "texture": "#2"},
				"west": {"uv": [0, 0, 0, 0.25], "texture": "#2"},
				"up": {"uv": [0.5, 0, 0, 0], "texture": "#2"},
				"down": {"uv": [0.5, 0, 0, 0], "texture": "#2"}
			}
		},
		{
			"from": [9, 10.1, 9.4],
			"to": [11, 11.1, 9.4],
			"rotation": {"angle": -45, "axis": "z", "origin": [9, 10.1, 9.4]},
			"faces": {
				"north": {"uv": [7, 3.75, 7.5, 4], "texture": "#2"},
				"east": {"uv": [0, 0, 0, 0.25], "texture": "#2"},
				"south": {"uv": [7, 4, 7.5, 4.25], "texture": "#2"},
				"west": {"uv": [0, 0, 0, 0.25], "texture": "#2"},
				"up": {"uv": [0.5, 0, 0, 0], "texture": "#2"},
				"down": {"uv": [0.5, 0, 0, 0], "texture": "#2"}
			}
		},
		{
			"from": [10.41421, 8.68579, 9.41],
			"to": [12.41421, 9.68579, 9.41],
			"rotation": {"angle": -22.5, "axis": "z", "origin": [10.41421, 8.68579, 9.4]},
			"faces": {
				"north": {"uv": [7, 4.25, 7.5, 4.5], "texture": "#2"},
				"east": {"uv": [0, 0, 0, 0.25], "texture": "#2"},
				"south": {"uv": [7, 4.5, 7.5, 4.75], "texture": "#2"},
				"west": {"uv": [0, 0, 0, 0.25], "texture": "#2"},
				"up": {"uv": [0.5, 0, 0, 0], "texture": "#2"},
				"down": {"uv": [0.5, 0, 0, 0], "texture": "#2"}
			}
		},
		{
			"from": [12.64466, 7.8443, 9.42],
			"to": [14.64466, 8.8443, 9.42],
			"rotation": {"angle": -45, "axis": "z", "origin": [12.64466, 8.8443, 9.4]},
			"faces": {
				"north": {"uv": [7, 4.75, 7.5, 5], "texture": "#2"},
				"east": {"uv": [0, 0, 0, 0.25], "texture": "#2"},
				"south": {"uv": [5.25, 7, 5.75, 7.25], "texture": "#2"},
				"west": {"uv": [0, 0, 0, 0.25], "texture": "#2"},
				"up": {"uv": [0.5, 0, 0, 0], "texture": "#2"},
				"down": {"uv": [0.5, 0, 0, 0], "texture": "#2"}
			}
		},
		{
			"from": [9, 12.6, 6.6],
			"to": [11, 13.6, 6.6],
			"rotation": {"angle": 45, "axis": "z", "origin": [9, 13.6, 6.6]},
			"faces": {
				"north": {"uv": [7, 5.25, 7.5, 5.5], "texture": "#2"},
				"east": {"uv": [0, 0, 0, 0.25], "texture": "#2"},
				"south": {"uv": [7, 5.5, 7.5, 5.75], "texture": "#2"},
				"west": {"uv": [0, 0, 0, 0.25], "texture": "#2"},
				"up": {"uv": [0.5, 0, 0, 0], "texture": "#2"},
				"down": {"uv": [0.5, 0, 0, 0], "texture": "#2"}
			}
		},
		{
			"from": [10.41421, 14.01421, 6.59],
			"to": [12.41421, 15.01421, 6.59],
			"rotation": {"angle": 22.5, "axis": "z", "origin": [10.41421, 15.01421, 6.6]},
			"faces": {
				"north": {"uv": [5.75, 7, 6.25, 7.25], "texture": "#2"},
				"east": {"uv": [0, 0, 0, 0.25], "texture": "#2"},
				"south": {"uv": [7, 5.75, 7.5, 6], "texture": "#2"},
				"west": {"uv": [0, 0, 0, 0.25], "texture": "#2"},
				"up": {"uv": [0.5, 0, 0, 0], "texture": "#2"},
				"down": {"uv": [0.5, 0, 0, 0], "texture": "#2"}
			}
		},
		{
			"from": [12.64466, 14.8557, 6.58],
			"to": [14.64466, 15.8557, 6.58],
			"rotation": {"angle": 45, "axis": "z", "origin": [12.64466, 14.8557, 6.6]},
			"faces": {
				"north": {"uv": [7, 6, 7.5, 6.25], "texture": "#2"},
				"east": {"uv": [0, 0, 0, 0.25], "texture": "#2"},
				"south": {"uv": [7, 6.25, 7.5, 6.5], "texture": "#2"},
				"west": {"uv": [0, 0, 0, 0.25], "texture": "#2"},
				"up": {"uv": [0.5, 0, 0, 0], "texture": "#2"},
				"down": {"uv": [0.5, 0, 0, 0], "texture": "#2"}
			}
		},
		{
			"from": [9.6, 11.85, 6.6],
			"to": [11.6, 12.85, 6.6],
			"rotation": {"angle": -22.5, "axis": "z", "origin": [9.6, 11.85, 6.6]},
			"faces": {
				"north": {"uv": [7, 6.5, 7.5, 6.75], "texture": "#2"},
				"east": {"uv": [0, 0, 0, 0.25], "texture": "#2"},
				"south": {"uv": [6.75, 7, 7.25, 7.25], "texture": "#2"},
				"west": {"uv": [0, 0, 0, 0.25], "texture": "#2"},
				"up": {"uv": [0.5, 0, 0, 0], "texture": "#2"},
				"down": {"uv": [0.5, 0, 0, 0], "texture": "#2"}
			}
		},
		{
			"from": [11.44776, 11.08463, 6.59],
			"to": [13.44776, 12.08463, 6.59],
			"rotation": {"angle": 22.5, "axis": "z", "origin": [11.44776, 11.08463, 6.6]},
			"faces": {
				"north": {"uv": [7.25, 0, 7.75, 0.25], "texture": "#2"},
				"east": {"uv": [0, 0, 0, 0.25], "texture": "#2"},
				"south": {"uv": [7.25, 0.25, 7.75, 0.5], "texture": "#2"},
				"west": {"uv": [0, 0, 0, 0.25], "texture": "#2"},
				"up": {"uv": [0.5, 0, 0, 0], "texture": "#2"},
				"down": {"uv": [0.5, 0, 0, 0], "texture": "#2"}
			}
		},
		{
			"from": [12.91283, 11.77388, 6.58],
			"to": [14.91283, 12.77388, 6.58],
			"rotation": {"angle": 0, "axis": "y", "origin": [12.91283, 12.77388, 6.6]},
			"faces": {
				"north": {"uv": [0.75, 7.25, 1.25, 7.5], "texture": "#2"},
				"east": {"uv": [0, 0, 0, 0.25], "texture": "#2"},
				"south": {"uv": [1.5, 7.25, 2, 7.5], "texture": "#2"},
				"west": {"uv": [0, 0, 0, 0.25], "texture": "#2"},
				"up": {"uv": [0.5, 0, 0, 0], "texture": "#2"},
				"down": {"uv": [0.5, 0, 0, 0], "texture": "#2"}
			}
		},
		{
			"from": [9, 10.4, 6.6],
			"to": [11, 11.4, 6.6],
			"rotation": {"angle": -45, "axis": "z", "origin": [9, 10.4, 6.6]},
			"faces": {
				"north": {"uv": [2, 7.25, 2.5, 7.5], "texture": "#2"},
				"east": {"uv": [0, 0, 0, 0.25], "texture": "#2"},
				"south": {"uv": [2.5, 7.25, 3, 7.5], "texture": "#2"},
				"west": {"uv": [0, 0, 0, 0.25], "texture": "#2"},
				"up": {"uv": [0.5, 0, 0, 0], "texture": "#2"},
				"down": {"uv": [0.5, 0, 0, 0], "texture": "#2"}
			}
		},
		{
			"from": [10.41421, 8.98579, 6.59],
			"to": [12.41421, 9.98579, 6.59],
			"rotation": {"angle": -22.5, "axis": "z", "origin": [10.41421, 8.98579, 6.6]},
			"faces": {
				"north": {"uv": [3.25, 7.25, 3.75, 7.5], "texture": "#2"},
				"east": {"uv": [0, 0, 0, 0.25], "texture": "#2"},
				"south": {"uv": [7.25, 3.25, 7.75, 3.5], "texture": "#2"},
				"west": {"uv": [0, 0, 0, 0.25], "texture": "#2"},
				"up": {"uv": [0.5, 0, 0, 0], "texture": "#2"},
				"down": {"uv": [0.5, 0, 0, 0], "texture": "#2"}
			}
		},
		{
			"from": [12.64466, 8.1443, 6.58],
			"to": [14.64466, 9.1443, 6.58],
			"rotation": {"angle": -45, "axis": "z", "origin": [12.64466, 9.1443, 6.6]},
			"faces": {
				"north": {"uv": [3.75, 7.25, 4.25, 7.5], "texture": "#2"},
				"east": {"uv": [0, 0, 0, 0.25], "texture": "#2"},
				"south": {"uv": [4.25, 7.25, 4.75, 7.5], "texture": "#2"},
				"west": {"uv": [0, 0, 0, 0.25], "texture": "#2"},
				"up": {"uv": [0.5, 0, 0, 0], "texture": "#2"},
				"down": {"uv": [0.5, 0, 0, 0], "texture": "#2"}
			}
		}
	],
	"gui_light": "front",
	"display": {
		"thirdperson_righthand": {
			"rotation": [0, -90, 0],
			"translation": [0, 3.75, 1.25],
			"scale": [0.6, 0.6, 0.6]
		},
		"thirdperson_lefthand": {
			"rotation": [0, 90, 0],
			"translation": [0, 3.75, 1.25],
			"scale": [0.6, 0.6, 0.6]
		},
		"firstperson_righthand": {
			"rotation": [20, -90, 0],
			"translation": [2, 4, 0.5],
			"scale": [0.6, 0.6, 0.6]
		},
		"firstperson_lefthand": {
			"rotation": [20, 90, 0],
			"translation": [2, 4, 0.5],
			"scale": [0.6, 0.6, 0.6]
		},
		"ground": {
			"rotation": [0, 0, -45],
			"translation": [2.5, 7, 0],
			"scale": [0.5, 0.5, 0.5]
		},
		"gui": {
			"rotation": [0, 0, -45],
			"translation": [1.5, 1.25, -0.75],
			"scale": [0.55, 0.55, 0.55]
		},
		"head": {
			"rotation": [0, 0, 45],
			"translation": [9.75, 7.5, 0.75],
			"scale": [0.6, 0.6, 0.6]
		},
		"fixed": {
			"rotation": [0, -180, -45],
			"translation": [-1.75, 1.25, -0.75],
			"scale": [0.7, 0.7, 0.7]
		}
	},
	"groups": [
		{
			"name": "pickaxe",
			"origin": [8, 8, 8],
			"color": 0,
			"children": [
				{
					"name": "pommel",
					"origin": [8, 8, 8],
					"color": 0,
					"children": [0, 1, 2, 3, 4, 5]
				},
				{
					"name": "grip",
					"origin": [8, 8, 8],
					"color": 0,
					"children": [6,
						{
							"name": "handle",
							"origin": [8, 8, 8],
							"color": 0,
							"children": [7]
						}
					]
				},
				{
					"name": "guard",
					"origin": [8, 8, 8],
					"color": 0,
					"children": [
						{
							"name": "cross-guard",
							"origin": [8, 8, 8],
							"color": 0,
							"children": [
								{
									"name": "sun",
									"origin": [8, 8, 8],
									"color": 0,
									"children": [8, 9, 10]
								},
								{
									"name": "blade",
									"origin": [8, 8, 8],
									"color": 0,
									"children": [11, 12, 13, 14]
								},
								{
									"name": "out-south",
									"origin": [8, 8, 8],
									"color": 0,
									"children": [
										{
											"name": "1",
											"origin": [8, 8, 8],
											"color": 0,
											"children": [
												{
													"name": "group",
													"origin": [9, 20, 7],
													"color": 0,
													"children": [15, 16, 17]
												},
												{
													"name": "group",
													"origin": [8, 8, 8],
													"color": 0,
													"children": [18, 19, 20]
												},
												{
													"name": "group",
													"origin": [9, 20, 7],
													"color": 0,
													"children": [21, 22, 23]
												}
											]
										}
									]
								},
								{
									"name": "out-north",
									"origin": [8, 8, 8],
									"color": 0,
									"children": [
										{
											"name": "1",
											"origin": [8, 8, 8],
											"color": 0,
											"children": [
												{
													"name": "group",
													"origin": [9, 20, 7],
													"color": 0,
													"children": [24, 25, 26]
												},
												{
													"name": "group",
													"origin": [8, 8, 8],
													"color": 0,
													"children": [27, 28, 29]
												},
												{
													"name": "group",
													"origin": [9, 20, 7],
													"color": 0,
													"children": [30, 31, 32]
												}
											]
										}
									]
								}
							]
						}
					]
				}
			]
		}
	]
}