{
	"texture_size": [32, 32],
	"textures": {
		"2": "solar/solar_fishing_rod_cast",
		"particle": "solar/solar_fishing_rod_cast"
	},
	"elements": [
		{
			"from": [6.5, -14, 6.5],
			"to": [9.5, -11, 9.5],
			"rotation": {"angle": -45, "axis": "z", "origin": [8, -12.5, 8]},
			"faces": {
				"north": {"uv": [5.5, 9, 7, 10.5], "texture": "#2"},
				"east": {"uv": [8, 10, 9.5, 11.5], "texture": "#2"},
				"south": {"uv": [9.5, 10, 11, 11.5], "texture": "#2"},
				"west": {"uv": [10.5, 0, 12, 1.5], "texture": "#2"},
				"up": {"uv": [12, 6.5, 10.5, 5], "texture": "#2"},
				"down": {"uv": [7, 10.5, 5.5, 12], "texture": "#2"}
			}
		},
		{
			"from": [8.75, -14.5, 7.5],
			"to": [9.75, -12.5, 8.5],
			"rotation": {"angle": 45, "axis": "z", "origin": [9.75, -12.5, 8.5]},
			"faces": {
				"north": {"uv": [9, 7, 9.5, 8], "texture": "#2"},
				"east": {"uv": [5, 12.5, 5.5, 13.5], "texture": "#2"},
				"south": {"uv": [13, 7.5, 13.5, 8.5], "texture": "#2"},
				"west": {"uv": [8, 13, 8.5, 14], "texture": "#2"},
				"up": {"uv": [11, 2, 10.5, 1.5], "texture": "#2"},
				"down": {"uv": [2.5, 15, 2, 15.5], "texture": "#2"}
			}
		},
		{
			"from": [6.25, -14.5, 7.5],
			"to": [7.25, -12.5, 8.5],
			"rotation": {"angle": -45, "axis": "z", "origin": [6.25, -12.5, 8.5]},
			"faces": {
				"north": {"uv": [8.5, 13, 9, 14], "texture": "#2"},
				"east": {"uv": [13, 8.5, 13.5, 9.5], "texture": "#2"},
				"south": {"uv": [9, 13, 9.5, 14], "texture": "#2"},
				"west": {"uv": [9.5, 13, 10, 14], "texture": "#2"},
				"up": {"uv": [15.5, 2.5, 15, 2], "texture": "#2"},
				"down": {"uv": [3, 15, 2.5, 15.5], "texture": "#2"}
			}
		},
		{
			"from": [8, -15.5, 7.5],
			"to": [9, -13.5, 8.5],
			"rotation": {"angle": 22.5, "axis": "z", "origin": [9, -13.5, 8.5]},
			"faces": {
				"north": {"uv": [10, 13, 10.5, 14], "texture": "#2"},
				"east": {"uv": [10.5, 13, 11, 14], "texture": "#2"},
				"south": {"uv": [11, 13, 11.5, 14], "texture": "#2"},
				"west": {"uv": [11.5, 13, 12, 14], "texture": "#2"},
				"up": {"uv": [15.5, 3, 15, 2.5], "texture": "#2"},
				"down": {"uv": [3.5, 15, 3, 15.5], "texture": "#2"}
			}
		},
		{
			"from": [7, -15.5, 7.5],
			"to": [8, -13.5, 8.5],
			"rotation": {"angle": -22.5, "axis": "z", "origin": [7, -13.5, 8.5]},
			"faces": {
				"north": {"uv": [12, 13, 12.5, 14], "texture": "#2"},
				"east": {"uv": [12.5, 13, 13, 14], "texture": "#2"},
				"south": {"uv": [13, 13, 13.5, 14], "texture": "#2"},
				"west": {"uv": [13.5, 0, 14, 1], "texture": "#2"},
				"up": {"uv": [15.5, 3.5, 15, 3], "texture": "#2"},
				"down": {"uv": [4, 15, 3.5, 15.5], "texture": "#2"}
			}
		},
		{
			"from": [7.001, -11.999, 7.001],
			"to": [8.999, 15.999, 8.999],
			"rotation": {"angle": 0, "axis": "y", "origin": [0, 18, 0]},
			"faces": {
				"north": {"uv": [0, 0, 1, 14], "texture": "#2"},
				"east": {"uv": [1, 0, 2, 14], "texture": "#2"},
				"south": {"uv": [2, 0, 3, 14], "texture": "#2"},
				"west": {"uv": [3, 0, 4, 14], "texture": "#2"},
				"up": {"uv": [5, 13.5, 4, 12.5], "texture": "#2"},
				"down": {"uv": [13.5, 9.5, 12.5, 10.5], "texture": "#2"}
			}
		},
		{
			"from": [6.501, -9.999, 6.501],
			"to": [9.499, -1.001, 9.499],
			"rotation": {"angle": 0, "axis": "y", "origin": [0, 18, 0]},
			"faces": {
				"north": {"uv": [4, 0, 5.5, 4.5], "texture": "#2"},
				"east": {"uv": [4, 4.5, 5.5, 9], "texture": "#2"},
				"south": {"uv": [5.5, 0, 7, 4.5], "texture": "#2"},
				"west": {"uv": [5.5, 4.5, 7, 9], "texture": "#2"},
				"up": {"uv": [12.5, 3, 11, 1.5], "texture": "#2"},
				"down": {"uv": [12.5, 3, 11, 4.5], "texture": "#2"}
			}
		},
		{
			"from": [6.501, 7.001, 6.501],
			"to": [9.499, 9.999, 9.499],
			"rotation": {"angle": 0, "axis": "y", "origin": [0, 18, 0]},
			"faces": {
				"north": {"uv": [4, 11, 5.5, 12.5], "texture": "#2"},
				"east": {"uv": [11, 10, 12.5, 11.5], "texture": "#2"},
				"south": {"uv": [11.5, 6.5, 13, 8], "texture": "#2"},
				"west": {"uv": [8, 11.5, 9.5, 13], "texture": "#2"},
				"up": {"uv": [13, 9.5, 11.5, 8], "texture": "#2"},
				"down": {"uv": [11, 11.5, 9.5, 13], "texture": "#2"}
			}
		},
		{
			"from": [6.501, 16.001, 6.501],
			"to": [9.499, 18.999, 9.499],
			"rotation": {"angle": 0, "axis": "y", "origin": [0, 18, 0]},
			"faces": {
				"north": {"uv": [11, 11.5, 12.5, 13], "texture": "#2"},
				"east": {"uv": [12, 0, 13.5, 1.5], "texture": "#2"},
				"south": {"uv": [12, 4.5, 13.5, 6], "texture": "#2"},
				"west": {"uv": [5.5, 12, 7, 13.5], "texture": "#2"},
				"up": {"uv": [14, 3, 12.5, 1.5], "texture": "#2"},
				"down": {"uv": [14, 3, 12.5, 4.5], "texture": "#2"}
			}
		},
		{
			"from": [6.5, 4, 8],
			"to": [7.5, 18, 8],
			"rotation": {"angle": 0, "axis": "y", "origin": [6.5, 25.5, 8]},
			"faces": {
				"north": {"uv": [7, 8, 7.5, 15], "texture": "#2"},
				"east": {"uv": [0, 0, 0, 7], "texture": "#2"},
				"south": {"uv": [7.5, 8, 8, 15], "texture": "#2"},
				"west": {"uv": [0, 0, 0, 7], "texture": "#2"},
				"up": {"uv": [0.5, 0, 0, 0], "texture": "#2"},
				"down": {"uv": [0.5, 0, 0, 0], "texture": "#2"}
			}
		},
		{
			"from": [5.03036, -0.4335, 6.485],
			"to": [9.06036, 3.5965, 9.515],
			"rotation": {"angle": -45, "axis": "z", "origin": [8.04536, 0.6315, 6.995]},
			"faces": {
				"north": {"uv": [7, 0, 9, 2], "texture": "#2"},
				"east": {"uv": [8, 8, 9.5, 10], "texture": "#2"},
				"south": {"uv": [7, 2, 9, 4], "texture": "#2"},
				"west": {"uv": [9, 0, 10.5, 2], "texture": "#2"},
				"up": {"uv": [11, 3.5, 9, 2], "texture": "#2"},
				"down": {"uv": [11, 3.5, 9, 5], "texture": "#2"}
			}
		},
		{
			"from": [5.99, -0.01, 6.49],
			"to": [10.01, 4.01, 9.51],
			"rotation": {"angle": 0, "axis": "y", "origin": [9, 1, 7]},
			"faces": {
				"north": {"uv": [7, 4, 9, 6], "texture": "#2"},
				"east": {"uv": [4, 9, 5.5, 11], "texture": "#2"},
				"south": {"uv": [7, 6, 9, 8], "texture": "#2"},
				"west": {"uv": [9, 5, 10.5, 7], "texture": "#2"},
				"up": {"uv": [11.5, 8.5, 9.5, 7], "texture": "#2"},
				"down": {"uv": [11.5, 8.5, 9.5, 10], "texture": "#2"}
			}
		},
		{
			"from": [10.001, 0.401, 7.501],
			"to": [11.999, 1.399, 8.499],
			"rotation": {"angle": -22.5, "axis": "z", "origin": [10, 1.4, 7.65]},
			"faces": {
				"north": {"uv": [10.5, 6.5, 11.5, 7], "texture": "#2"},
				"east": {"uv": [15, 3.5, 15.5, 4], "texture": "#2"},
				"south": {"uv": [11, 4.5, 12, 5], "texture": "#2"},
				"west": {"uv": [4, 15, 4.5, 15.5], "texture": "#2"},
				"up": {"uv": [12.5, 10, 11.5, 9.5], "texture": "#2"},
				"down": {"uv": [14.5, 1, 13.5, 1.5], "texture": "#2"}
			}
		},
		{
			"from": [8.751, 0.151, 7.501],
			"to": [11.749, 1.149, 8.499],
			"rotation": {"angle": -45, "axis": "z", "origin": [8.75, 1.15, 7.65]},
			"faces": {
				"north": {"uv": [12, 6, 13.5, 6.5], "texture": "#2"},
				"east": {"uv": [15, 4, 15.5, 4.5], "texture": "#2"},
				"south": {"uv": [12.5, 10.5, 14, 11], "texture": "#2"},
				"west": {"uv": [4.5, 15, 5, 15.5], "texture": "#2"},
				"up": {"uv": [14, 11.5, 12.5, 11], "texture": "#2"},
				"down": {"uv": [14, 11.5, 12.5, 12], "texture": "#2"}
			}
		},
		{
			"from": [4.251, 0.151, 7.501],
			"to": [7.249, 1.149, 8.499],
			"rotation": {"angle": 45, "axis": "z", "origin": [7.25, 1.15, 7.65]},
			"faces": {
				"north": {"uv": [12.5, 12, 14, 12.5], "texture": "#2"},
				"east": {"uv": [5, 15, 5.5, 15.5], "texture": "#2"},
				"south": {"uv": [12.5, 12.5, 14, 13], "texture": "#2"},
				"west": {"uv": [5.5, 15, 6, 15.5], "texture": "#2"},
				"up": {"uv": [14.5, 7, 13, 6.5], "texture": "#2"},
				"down": {"uv": [14.5, 7, 13, 7.5], "texture": "#2"}
			}
		},
		{
			"from": [4.001, 0.401, 7.501],
			"to": [5.999, 1.399, 8.499],
			"rotation": {"angle": 22.5, "axis": "z", "origin": [6, 1.4, 7.65]},
			"faces": {
				"north": {"uv": [4, 13.5, 5, 14], "texture": "#2"},
				"east": {"uv": [6, 15, 6.5, 15.5], "texture": "#2"},
				"south": {"uv": [13.5, 4.5, 14.5, 5], "texture": "#2"},
				"west": {"uv": [6.5, 15, 7, 15.5], "texture": "#2"},
				"up": {"uv": [6, 14, 5, 13.5], "texture": "#2"},
				"down": {"uv": [14.5, 5, 13.5, 5.5], "texture": "#2"}
			}
		},
		{
			"from": [9, 2.6, 9.4],
			"to": [11, 3.6, 9.4],
			"rotation": {"angle": 45, "axis": "z", "origin": [9, 3.6, 9.4]},
			"faces": {
				"north": {"uv": [13.5, 5.5, 14.5, 6], "texture": "#2"},
				"east": {"uv": [0, 0, 0, 0.5], "texture": "#2"},
				"south": {"uv": [6, 13.5, 7, 14], "texture": "#2"},
				"west": {"uv": [0, 0, 0, 0.5], "texture": "#2"},
				"up": {"uv": [1, 0, 0, 0], "texture": "#2"},
				"down": {"uv": [1, 0, 0, 0], "texture": "#2"}
			}
		},
		{
			"from": [10.41421, 4.01421, 9.41],
			"to": [12.41421, 5.01421, 9.41],
			"rotation": {"angle": 22.5, "axis": "z", "origin": [10.41421, 5.01421, 9.4]},
			"faces": {
				"north": {"uv": [13.5, 6, 14.5, 6.5], "texture": "#2"},
				"east": {"uv": [0, 0, 0, 0.5], "texture": "#2"},
				"south": {"uv": [13.5, 7.5, 14.5, 8], "texture": "#2"},
				"west": {"uv": [0, 0, 0, 0.5], "texture": "#2"},
				"up": {"uv": [1, 0, 0, 0], "texture": "#2"},
				"down": {"uv": [1, 0, 0, 0], "texture": "#2"}
			}
		},
		{
			"from": [12.64466, 4.8557, 9.42],
			"to": [14.64466, 5.8557, 9.42],
			"rotation": {"angle": 45, "axis": "z", "origin": [12.64466, 4.8557, 9.4]},
			"faces": {
				"north": {"uv": [13.5, 8, 14.5, 8.5], "texture": "#2"},
				"east": {"uv": [0, 0, 0, 0.5], "texture": "#2"},
				"south": {"uv": [13.5, 8.5, 14.5, 9], "texture": "#2"},
				"west": {"uv": [0, 0, 0, 0.5], "texture": "#2"},
				"up": {"uv": [1, 0, 0, 0], "texture": "#2"},
				"down": {"uv": [1, 0, 0, 0], "texture": "#2"}
			}
		},
		{
			"from": [9.7, 1.85, 9.4],
			"to": [11.7, 2.85, 9.4],
			"rotation": {"angle": -22.5, "axis": "z", "origin": [9.7, 1.85, 9.4]},
			"faces": {
				"north": {"uv": [13.5, 9, 14.5, 9.5], "texture": "#2"},
				"east": {"uv": [0, 0, 0, 0.5], "texture": "#2"},
				"south": {"uv": [13.5, 9.5, 14.5, 10], "texture": "#2"},
				"west": {"uv": [0, 0, 0, 0.5], "texture": "#2"},
				"up": {"uv": [1, 0, 0, 0], "texture": "#2"},
				"down": {"uv": [1, 0, 0, 0], "texture": "#2"}
			}
		},
		{
			"from": [11.54776, 1.08463, 9.41],
			"to": [13.54776, 2.08463, 9.41],
			"rotation": {"angle": 22.5, "axis": "z", "origin": [11.54776, 1.08463, 9.4]},
			"faces": {
				"north": {"uv": [13.5, 10, 14.5, 10.5], "texture": "#2"},
				"east": {"uv": [0, 0, 0, 0.5], "texture": "#2"},
				"south": {"uv": [13.5, 13, 14.5, 13.5], "texture": "#2"},
				"west": {"uv": [0, 0, 0, 0.5], "texture": "#2"},
				"up": {"uv": [1, 0, 0, 0], "texture": "#2"},
				"down": {"uv": [1, 0, 0, 0], "texture": "#2"}
			}
		},
		{
			"from": [13.01283, 1.77388, 9.42],
			"to": [15.01283, 2.77388, 9.42],
			"rotation": {"angle": 0, "axis": "y", "origin": [13.01283, 2.77388, 9.4]},
			"faces": {
				"north": {"uv": [13.5, 13.5, 14.5, 14], "texture": "#2"},
				"east": {"uv": [0, 0, 0, 0.5], "texture": "#2"},
				"south": {"uv": [0, 14, 1, 14.5], "texture": "#2"},
				"west": {"uv": [0, 0, 0, 0.5], "texture": "#2"},
				"up": {"uv": [1, 0, 0, 0], "texture": "#2"},
				"down": {"uv": [1, 0, 0, 0], "texture": "#2"}
			}
		},
		{
			"from": [9, 0.4, 9.4],
			"to": [11, 1.4, 9.4],
			"rotation": {"angle": -45, "axis": "z", "origin": [9, 0.4, 9.4]},
			"faces": {
				"north": {"uv": [14, 0, 15, 0.5], "texture": "#2"},
				"east": {"uv": [0, 0, 0, 0.5], "texture": "#2"},
				"south": {"uv": [14, 0.5, 15, 1], "texture": "#2"},
				"west": {"uv": [0, 0, 0, 0.5], "texture": "#2"},
				"up": {"uv": [1, 0, 0, 0], "texture": "#2"},
				"down": {"uv": [1, 0, 0, 0], "texture": "#2"}
			}
		},
		{
			"from": [10.41421, -1.01421, 9.41],
			"to": [12.41421, -0.01421, 9.41],
			"rotation": {"angle": -22.5, "axis": "z", "origin": [10.41421, -1.01421, 9.4]},
			"faces": {
				"north": {"uv": [1, 14, 2, 14.5], "texture": "#2"},
				"east": {"uv": [0, 0, 0, 0.5], "texture": "#2"},
				"south": {"uv": [14, 1.5, 15, 2], "texture": "#2"},
				"west": {"uv": [0, 0, 0, 0.5], "texture": "#2"},
				"up": {"uv": [1, 0, 0, 0], "texture": "#2"},
				"down": {"uv": [1, 0, 0, 0], "texture": "#2"}
			}
		},
		{
			"from": [12.64466, -1.8557, 9.42],
			"to": [14.64466, -0.8557, 9.42],
			"rotation": {"angle": -45, "axis": "z", "origin": [12.64466, -0.8557, 9.4]},
			"faces": {
				"north": {"uv": [2, 14, 3, 14.5], "texture": "#2"},
				"east": {"uv": [0, 0, 0, 0.5], "texture": "#2"},
				"south": {"uv": [14, 2, 15, 2.5], "texture": "#2"},
				"west": {"uv": [0, 0, 0, 0.5], "texture": "#2"},
				"up": {"uv": [1, 0, 0, 0], "texture": "#2"},
				"down": {"uv": [1, 0, 0, 0], "texture": "#2"}
			}
		},
		{
			"from": [5, 2.6, 9.4],
			"to": [7, 3.6, 9.4],
			"rotation": {"angle": -45, "axis": "z", "origin": [7, 3.6, 9.4]},
			"faces": {
				"north": {"uv": [14, 2.5, 15, 3], "texture": "#2"},
				"east": {"uv": [0, 0, 0, 0.5], "texture": "#2"},
				"south": {"uv": [3, 14, 4, 14.5], "texture": "#2"},
				"west": {"uv": [0, 0, 0, 0.5], "texture": "#2"},
				"up": {"uv": [1, 0, 0, 0], "texture": "#2"},
				"down": {"uv": [1, 0, 0, 0], "texture": "#2"}
			}
		},
		{
			"from": [3.58579, 4.01421, 9.41],
			"to": [5.58579, 5.01421, 9.41],
			"rotation": {"angle": -22.5, "axis": "z", "origin": [5.58579, 5.01421, 9.4]},
			"faces": {
				"north": {"uv": [14, 3, 15, 3.5], "texture": "#2"},
				"east": {"uv": [0, 0, 0, 0.5], "texture": "#2"},
				"south": {"uv": [14, 3.5, 15, 4], "texture": "#2"},
				"west": {"uv": [0, 0, 0, 0.5], "texture": "#2"},
				"up": {"uv": [1, 0, 0, 0], "texture": "#2"},
				"down": {"uv": [1, 0, 0, 0], "texture": "#2"}
			}
		},
		{
			"from": [1.35534, 4.8557, 9.42],
			"to": [3.35534, 5.8557, 9.42],
			"rotation": {"angle": -45, "axis": "z", "origin": [3.35534, 4.8557, 9.4]},
			"faces": {
				"north": {"uv": [4, 14, 5, 14.5], "texture": "#2"},
				"east": {"uv": [0, 0, 0, 0.5], "texture": "#2"},
				"south": {"uv": [14, 4, 15, 4.5], "texture": "#2"},
				"west": {"uv": [0, 0, 0, 0.5], "texture": "#2"},
				"up": {"uv": [1, 0, 0, 0], "texture": "#2"},
				"down": {"uv": [1, 0, 0, 0], "texture": "#2"}
			}
		},
		{
			"from": [4.3, 1.85, 9.4],
			"to": [6.3, 2.85, 9.4],
			"rotation": {"angle": 22.5, "axis": "z", "origin": [6.3, 1.85, 9.4]},
			"faces": {
				"north": {"uv": [5, 14, 6, 14.5], "texture": "#2"},
				"east": {"uv": [0, 0, 0, 0.5], "texture": "#2"},
				"south": {"uv": [6, 14, 7, 14.5], "texture": "#2"},
				"west": {"uv": [0, 0, 0, 0.5], "texture": "#2"},
				"up": {"uv": [1, 0, 0, 0], "texture": "#2"},
				"down": {"uv": [1, 0, 0, 0], "texture": "#2"}
			}
		},
		{
			"from": [2.45224, 1.08463, 9.41],
			"to": [4.45224, 2.08463, 9.41],
			"rotation": {"angle": -22.5, "axis": "z", "origin": [4.45224, 1.08463, 9.4]},
			"faces": {
				"north": {"uv": [8, 14, 9, 14.5], "texture": "#2"},
				"east": {"uv": [0, 0, 0, 0.5], "texture": "#2"},
				"south": {"uv": [9, 14, 10, 14.5], "texture": "#2"},
				"west": {"uv": [0, 0, 0, 0.5], "texture": "#2"},
				"up": {"uv": [1, 0, 0, 0], "texture": "#2"},
				"down": {"uv": [1, 0, 0, 0], "texture": "#2"}
			}
		},
		{
			"from": [0.98717, 1.77388, 9.42],
			"to": [2.98717, 2.77388, 9.42],
			"rotation": {"angle": 0, "axis": "y", "origin": [2.98717, 2.77388, 9.4]},
			"faces": {
				"north": {"uv": [10, 14, 11, 14.5], "texture": "#2"},
				"east": {"uv": [0, 0, 0, 0.5], "texture": "#2"},
				"south": {"uv": [14, 10.5, 15, 11], "texture": "#2"},
				"west": {"uv": [0, 0, 0, 0.5], "texture": "#2"},
				"up": {"uv": [1, 0, 0, 0], "texture": "#2"},
				"down": {"uv": [1, 0, 0, 0], "texture": "#2"}
			}
		},
		{
			"from": [5, 0.4, 9.4],
			"to": [7, 1.4, 9.4],
			"rotation": {"angle": 45, "axis": "z", "origin": [7, 0.4, 9.4]},
			"faces": {
				"north": {"uv": [11, 14, 12, 14.5], "texture": "#2"},
				"east": {"uv": [0, 0, 0, 0.5], "texture": "#2"},
				"south": {"uv": [14, 11, 15, 11.5], "texture": "#2"},
				"west": {"uv": [0, 0, 0, 0.5], "texture": "#2"},
				"up": {"uv": [1, 0, 0, 0], "texture": "#2"},
				"down": {"uv": [1, 0, 0, 0], "texture": "#2"}
			}
		},
		{
			"from": [3.58579, -1.01421, 9.41],
			"to": [5.58579, -0.01421, 9.41],
			"rotation": {"angle": 22.5, "axis": "z", "origin": [5.58579, -1.01421, 9.4]},
			"faces": {
				"north": {"uv": [14, 11.5, 15, 12], "texture": "#2"},
				"east": {"uv": [0, 0, 0, 0.5], "texture": "#2"},
				"south": {"uv": [12, 14, 13, 14.5], "texture": "#2"},
				"west": {"uv": [0, 0, 0, 0.5], "texture": "#2"},
				"up": {"uv": [1, 0, 0, 0], "texture": "#2"},
				"down": {"uv": [1, 0, 0, 0], "texture": "#2"}
			}
		},
		{
			"from": [1.35534, -1.8557, 9.42],
			"to": [3.35534, -0.8557, 9.42],
			"rotation": {"angle": 45, "axis": "z", "origin": [3.35534, -0.8557, 9.4]},
			"faces": {
				"north": {"uv": [14, 12, 15, 12.5], "texture": "#2"},
				"east": {"uv": [0, 0, 0, 0.5], "texture": "#2"},
				"south": {"uv": [14, 12.5, 15, 13], "texture": "#2"},
				"west": {"uv": [0, 0, 0, 0.5], "texture": "#2"},
				"up": {"uv": [1, 0, 0, 0], "texture": "#2"},
				"down": {"uv": [1, 0, 0, 0], "texture": "#2"}
			}
		},
		{
			"from": [9, 2.6, 6.6],
			"to": [11, 3.6, 6.6],
			"rotation": {"angle": 45, "axis": "z", "origin": [9, 3.6, 6.6]},
			"faces": {
				"north": {"uv": [13, 14, 14, 14.5], "texture": "#2"},
				"east": {"uv": [0, 0, 0, 0.5], "texture": "#2"},
				"south": {"uv": [14, 14, 15, 14.5], "texture": "#2"},
				"west": {"uv": [0, 0, 0, 0.5], "texture": "#2"},
				"up": {"uv": [1, 0, 0, 0], "texture": "#2"},
				"down": {"uv": [1, 0, 0, 0], "texture": "#2"}
			}
		},
		{
			"from": [10.41421, 4.01421, 6.59],
			"to": [12.41421, 5.01421, 6.59],
			"rotation": {"angle": 22.5, "axis": "z", "origin": [10.41421, 5.01421, 6.6]},
			"faces": {
				"north": {"uv": [0, 14.5, 1, 15], "texture": "#2"},
				"east": {"uv": [0, 0, 0, 0.5], "texture": "#2"},
				"south": {"uv": [1, 14.5, 2, 15], "texture": "#2"},
				"west": {"uv": [0, 0, 0, 0.5], "texture": "#2"},
				"up": {"uv": [1, 0, 0, 0], "texture": "#2"},
				"down": {"uv": [1, 0, 0, 0], "texture": "#2"}
			}
		},
		{
			"from": [12.64466, 4.8557, 6.58],
			"to": [14.64466, 5.8557, 6.58],
			"rotation": {"angle": 45, "axis": "z", "origin": [12.64466, 4.8557, 6.6]},
			"faces": {
				"north": {"uv": [14.5, 1, 15.5, 1.5], "texture": "#2"},
				"east": {"uv": [0, 0, 0, 0.5], "texture": "#2"},
				"south": {"uv": [2, 14.5, 3, 15], "texture": "#2"},
				"west": {"uv": [0, 0, 0, 0.5], "texture": "#2"},
				"up": {"uv": [1, 0, 0, 0], "texture": "#2"},
				"down": {"uv": [1, 0, 0, 0], "texture": "#2"}
			}
		},
		{
			"from": [9.7, 1.85, 6.6],
			"to": [11.7, 2.85, 6.6],
			"rotation": {"angle": -22.5, "axis": "z", "origin": [9.7, 1.85, 6.6]},
			"faces": {
				"north": {"uv": [3, 14.5, 4, 15], "texture": "#2"},
				"east": {"uv": [0, 0, 0, 0.5], "texture": "#2"},
				"south": {"uv": [4, 14.5, 5, 15], "texture": "#2"},
				"west": {"uv": [0, 0, 0, 0.5], "texture": "#2"},
				"up": {"uv": [1, 0, 0, 0], "texture": "#2"},
				"down": {"uv": [1, 0, 0, 0], "texture": "#2"}
			}
		},
		{
			"from": [11.54776, 1.08463, 6.59],
			"to": [13.54776, 2.08463, 6.59],
			"rotation": {"angle": 22.5, "axis": "z", "origin": [11.54776, 1.08463, 6.6]},
			"faces": {
				"north": {"uv": [14.5, 4.5, 15.5, 5], "texture": "#2"},
				"east": {"uv": [0, 0, 0, 0.5], "texture": "#2"},
				"south": {"uv": [5, 14.5, 6, 15], "texture": "#2"},
				"west": {"uv": [0, 0, 0, 0.5], "texture": "#2"},
				"up": {"uv": [1, 0, 0, 0], "texture": "#2"},
				"down": {"uv": [1, 0, 0, 0], "texture": "#2"}
			}
		},
		{
			"from": [13.01283, 1.77388, 6.58],
			"to": [15.01283, 2.77388, 6.58],
			"rotation": {"angle": 0, "axis": "y", "origin": [13.01283, 2.77388, 6.6]},
			"faces": {
				"north": {"uv": [14.5, 5, 15.5, 5.5], "texture": "#2"},
				"east": {"uv": [0, 0, 0, 0.5], "texture": "#2"},
				"south": {"uv": [14.5, 5.5, 15.5, 6], "texture": "#2"},
				"west": {"uv": [0, 0, 0, 0.5], "texture": "#2"},
				"up": {"uv": [1, 0, 0, 0], "texture": "#2"},
				"down": {"uv": [1, 0, 0, 0], "texture": "#2"}
			}
		},
		{
			"from": [9, 0.4, 6.6],
			"to": [11, 1.4, 6.6],
			"rotation": {"angle": -45, "axis": "z", "origin": [9, 0.4, 6.6]},
			"faces": {
				"north": {"uv": [6, 14.5, 7, 15], "texture": "#2"},
				"east": {"uv": [0, 0, 0, 0.5], "texture": "#2"},
				"south": {"uv": [14.5, 6, 15.5, 6.5], "texture": "#2"},
				"west": {"uv": [0, 0, 0, 0.5], "texture": "#2"},
				"up": {"uv": [1, 0, 0, 0], "texture": "#2"},
				"down": {"uv": [1, 0, 0, 0], "texture": "#2"}
			}
		},
		{
			"from": [10.41421, -1.01421, 6.59],
			"to": [12.41421, -0.01421, 6.59],
			"rotation": {"angle": -22.5, "axis": "z", "origin": [10.41421, -1.01421, 6.6]},
			"faces": {
				"north": {"uv": [14.5, 6.5, 15.5, 7], "texture": "#2"},
				"east": {"uv": [0, 0, 0, 0.5], "texture": "#2"},
				"south": {"uv": [14.5, 7, 15.5, 7.5], "texture": "#2"},
				"west": {"uv": [0, 0, 0, 0.5], "texture": "#2"},
				"up": {"uv": [1, 0, 0, 0], "texture": "#2"},
				"down": {"uv": [1, 0, 0, 0], "texture": "#2"}
			}
		},
		{
			"from": [12.64466, -1.8557, 6.58],
			"to": [14.64466, -0.8557, 6.58],
			"rotation": {"angle": -45, "axis": "z", "origin": [12.64466, -0.8557, 6.6]},
			"faces": {
				"north": {"uv": [14.5, 7.5, 15.5, 8], "texture": "#2"},
				"east": {"uv": [0, 0, 0, 0.5], "texture": "#2"},
				"south": {"uv": [8, 14.5, 9, 15], "texture": "#2"},
				"west": {"uv": [0, 0, 0, 0.5], "texture": "#2"},
				"up": {"uv": [1, 0, 0, 0], "texture": "#2"},
				"down": {"uv": [1, 0, 0, 0], "texture": "#2"}
			}
		},
		{
			"from": [5, 2.6, 6.6],
			"to": [7, 3.6, 6.6],
			"rotation": {"angle": -45, "axis": "z", "origin": [7, 3.6, 6.6]},
			"faces": {
				"north": {"uv": [14.5, 8, 15.5, 8.5], "texture": "#2"},
				"east": {"uv": [0, 0, 0, 0.5], "texture": "#2"},
				"south": {"uv": [14.5, 8.5, 15.5, 9], "texture": "#2"},
				"west": {"uv": [0, 0, 0, 0.5], "texture": "#2"},
				"up": {"uv": [1, 0, 0, 0], "texture": "#2"},
				"down": {"uv": [1, 0, 0, 0], "texture": "#2"}
			}
		},
		{
			"from": [3.58579, 4.01421, 6.59],
			"to": [5.58579, 5.01421, 6.59],
			"rotation": {"angle": -22.5, "axis": "z", "origin": [5.58579, 5.01421, 6.6]},
			"faces": {
				"north": {"uv": [9, 14.5, 10, 15], "texture": "#2"},
				"east": {"uv": [0, 0, 0, 0.5], "texture": "#2"},
				"south": {"uv": [14.5, 9, 15.5, 9.5], "texture": "#2"},
				"west": {"uv": [0, 0, 0, 0.5], "texture": "#2"},
				"up": {"uv": [1, 0, 0, 0], "texture": "#2"},
				"down": {"uv": [1, 0, 0, 0], "texture": "#2"}
			}
		},
		{
			"from": [1.35534, 4.8557, 6.58],
			"to": [3.35534, 5.8557, 6.58],
			"rotation": {"angle": -45, "axis": "z", "origin": [3.35534, 4.8557, 6.6]},
			"faces": {
				"north": {"uv": [14.5, 9.5, 15.5, 10], "texture": "#2"},
				"east": {"uv": [0, 0, 0, 0.5], "texture": "#2"},
				"south": {"uv": [10, 14.5, 11, 15], "texture": "#2"},
				"west": {"uv": [0, 0, 0, 0.5], "texture": "#2"},
				"up": {"uv": [1, 0, 0, 0], "texture": "#2"},
				"down": {"uv": [1, 0, 0, 0], "texture": "#2"}
			}
		},
		{
			"from": [4.3, 1.85, 6.6],
			"to": [6.3, 2.85, 6.6],
			"rotation": {"angle": 22.5, "axis": "z", "origin": [6.3, 1.85, 6.6]},
			"faces": {
				"north": {"uv": [14.5, 10, 15.5, 10.5], "texture": "#2"},
				"east": {"uv": [0, 0, 0, 0.5], "texture": "#2"},
				"south": {"uv": [11, 14.5, 12, 15], "texture": "#2"},
				"west": {"uv": [0, 0, 0, 0.5], "texture": "#2"},
				"up": {"uv": [1, 0, 0, 0], "texture": "#2"},
				"down": {"uv": [1, 0, 0, 0], "texture": "#2"}
			}
		},
		{
			"from": [2.45224, 1.08463, 6.59],
			"to": [4.45224, 2.08463, 6.59],
			"rotation": {"angle": -22.5, "axis": "z", "origin": [4.45224, 1.08463, 6.6]},
			"faces": {
				"north": {"uv": [12, 14.5, 13, 15], "texture": "#2"},
				"east": {"uv": [0, 0, 0, 0.5], "texture": "#2"},
				"south": {"uv": [13, 14.5, 14, 15], "texture": "#2"},
				"west": {"uv": [0, 0, 0, 0.5], "texture": "#2"},
				"up": {"uv": [1, 0, 0, 0], "texture": "#2"},
				"down": {"uv": [1, 0, 0, 0], "texture": "#2"}
			}
		},
		{
			"from": [0.98717, 1.77388, 6.58],
			"to": [2.98717, 2.77388, 6.58],
			"rotation": {"angle": 0, "axis": "y", "origin": [2.98717, 2.77388, 6.6]},
			"faces": {
				"north": {"uv": [14.5, 13, 15.5, 13.5], "texture": "#2"},
				"east": {"uv": [0, 0, 0, 0.5], "texture": "#2"},
				"south": {"uv": [14.5, 13.5, 15.5, 14], "texture": "#2"},
				"west": {"uv": [0, 0, 0, 0.5], "texture": "#2"},
				"up": {"uv": [1, 0, 0, 0], "texture": "#2"},
				"down": {"uv": [1, 0, 0, 0], "texture": "#2"}
			}
		},
		{
			"from": [5, 0.4, 6.6],
			"to": [7, 1.4, 6.6],
			"rotation": {"angle": 45, "axis": "z", "origin": [7, 0.4, 6.6]},
			"faces": {
				"north": {"uv": [14, 14.5, 15, 15], "texture": "#2"},
				"east": {"uv": [0, 0, 0, 0.5], "texture": "#2"},
				"south": {"uv": [0, 15, 1, 15.5], "texture": "#2"},
				"west": {"uv": [0, 0, 0, 0.5], "texture": "#2"},
				"up": {"uv": [1, 0, 0, 0], "texture": "#2"},
				"down": {"uv": [1, 0, 0, 0], "texture": "#2"}
			}
		},
		{
			"from": [3.58579, -1.01421, 6.59],
			"to": [5.58579, -0.01421, 6.59],
			"rotation": {"angle": 22.5, "axis": "z", "origin": [5.58579, -1.01421, 6.6]},
			"faces": {
				"north": {"uv": [15, 0, 16, 0.5], "texture": "#2"},
				"east": {"uv": [0, 0, 0, 0.5], "texture": "#2"},
				"south": {"uv": [15, 0.5, 16, 1], "texture": "#2"},
				"west": {"uv": [0, 0, 0, 0.5], "texture": "#2"},
				"up": {"uv": [1, 0, 0, 0], "texture": "#2"},
				"down": {"uv": [1, 0, 0, 0], "texture": "#2"}
			}
		},
		{
			"from": [1.35534, -1.8557, 6.58],
			"to": [3.35534, -0.8557, 6.58],
			"rotation": {"angle": 45, "axis": "z", "origin": [3.35534, -0.8557, 6.6]},
			"faces": {
				"north": {"uv": [1, 15, 2, 15.5], "texture": "#2"},
				"east": {"uv": [0, 0, 0, 0.5], "texture": "#2"},
				"south": {"uv": [15, 1.5, 16, 2], "texture": "#2"},
				"west": {"uv": [0, 0, 0, 0.5], "texture": "#2"},
				"up": {"uv": [1, 0, 0, 0], "texture": "#2"},
				"down": {"uv": [1, 0, 0, 0], "texture": "#2"}
			}
		}
	],
	"gui_light": "front",
	"display": {
		"thirdperson_righthand": {
			"rotation": [10, -90, 0],
			"translation": [0, 6.25, 2.75],
			"scale": [0.6, 0.6, 0.6]
		},
		"thirdperson_lefthand": {
			"rotation": [10, 90, 0],
			"translation": [0, 6.25, 2.75],
			"scale": [0.6, 0.6, 0.6]
		},
		"firstperson_righthand": {
			"rotation": [-60, -90, 0],
			"translation": [2, 4, 0.5],
			"scale": [0.6, 0.6, 0.6]
		},
		"firstperson_lefthand": {
			"rotation": [-60, 90, 0],
			"translation": [2, 4, 0.5],
			"scale": [0.6, 0.6, 0.6]
		},
		"ground": {
			"rotation": [0, 0, -45],
			"translation": [2.5, 7, 0],
			"scale": [0.5, 0.5, 0.5]
		},
		"gui": {
			"rotation": [0, 0, 22],
			"translation": [0.75, 1, -0.75],
			"scale": [0.38, 0.38, 0.38]
		},
		"head": {
			"translation": [0.25, 8.5, 0.75],
			"scale": [0.6, 0.6, 0.6]
		},
		"fixed": {
			"rotation": [0, 0, 45],
			"translation": [-2.5, 2.5, -0.75],
			"scale": [0.6, 0.6, 0.6]
		}
	},
	"groups": [
		{
			"name": "pickaxe",
			"origin": [8, 8, 8],
			"color": 0,
			"children": [
				{
					"name": "pommel",
					"origin": [8, 8, 8],
					"color": 0,
					"children": [0, 1, 2, 3, 4]
				},
				{
					"name": "grip",
					"origin": [8, 8, 8],
					"color": 0,
					"children": [5,
						{
							"name": "handle",
							"origin": [8, 8, 8],
							"color": 0,
							"children": [6, 7, 8, 9]
						},
						{
							"name": "string",
							"origin": [8, 8, 8],
							"color": 0,
							"children": []
						}
					]
				},
				{
					"name": "guard",
					"origin": [8, 8, 8],
					"color": 0,
					"children": [
						{
							"name": "cross-guard",
							"origin": [8, 8, 8],
							"color": 0,
							"children": [10, 11,
								{
									"name": "group",
									"origin": [9, 20, 7],
									"color": 0,
									"children": [12, 13, 14, 15]
								},
								{
									"name": "out-south",
									"origin": [8, 8, 8],
									"color": 0,
									"children": [
										{
											"name": "1",
											"origin": [8, 8, 8],
											"color": 0,
											"children": [
												{
													"name": "group",
													"origin": [9, 20, 7],
													"color": 0,
													"children": [16, 17, 18]
												},
												{
													"name": "group",
													"origin": [8, 8, 8],
													"color": 0,
													"children": [19, 20, 21]
												},
												{
													"name": "group",
													"origin": [9, 20, 7],
													"color": 0,
													"children": [22, 23, 24]
												}
											]
										},
										{
											"name": "2",
											"origin": [8, 8, 8],
											"color": 0,
											"children": [
												{
													"name": "group",
													"origin": [9, 20, 7],
													"color": 0,
													"children": [25, 26, 27]
												},
												{
													"name": "group",
													"origin": [8, 8, 8],
													"color": 0,
													"children": [28, 29, 30]
												},
												{
													"name": "group",
													"origin": [9, 20, 7],
													"color": 0,
													"children": [31, 32, 33]
												}
											]
										}
									]
								},
								{
									"name": "out-north",
									"origin": [8, 8, 8],
									"color": 0,
									"children": [
										{
											"name": "1",
											"origin": [8, 8, 8],
											"color": 0,
											"children": [
												{
													"name": "group",
													"origin": [9, 20, 7],
													"color": 0,
													"children": [34, 35, 36]
												},
												{
													"name": "group",
													"origin": [8, 8, 8],
													"color": 0,
													"children": [37, 38, 39]
												},
												{
													"name": "group",
													"origin": [9, 20, 7],
													"color": 0,
													"children": [40, 41, 42]
												}
											]
										},
										{
											"name": "2",
											"origin": [8, 8, 8],
											"color": 0,
											"children": [
												{
													"name": "group",
													"origin": [9, 20, 7],
													"color": 0,
													"children": [43, 44, 45]
												},
												{
													"name": "group",
													"origin": [8, 8, 8],
													"color": 0,
													"children": [46, 47, 48]
												},
												{
													"name": "group",
													"origin": [9, 20, 7],
													"color": 0,
													"children": [49, 50, 51]
												}
											]
										}
									]
								}
							]
						},
						{
							"name": "rain-guard",
							"origin": [8, 8, 8],
							"color": 0,
							"children": []
						}
					]
				},
				{
					"name": "blade",
					"origin": [8, 8, 8],
					"color": 0,
					"children": []
				}
			]
		}
	]
}