{"file_name":"body","texture_size":[128,128],"textures":{"a6f54b2e-09e4-3daa-c557-2d8115a194b4":"modelengine:entity/reapercloak","cc1302b3-ba58-96b2-703a-6e3a6cb31093":"modelengine:entity/reaperfald","f4e90b98-015c-e3c5-c8ad-a9295f4523d9":"modelengine:entity/boneshadin2reeaperxd","0cd8140a-8c12-20fb-db00-edd21537a8ca":"modelengine:entity/fallenreaper","54e1c98d-cbb5-3f45-2868-f1ee52e55c7f":"modelengine:entity/boneshadingreaper","207c0d20-03fb-b731-ac36-67e40842ac1a":"modelengine:entity/osdeculo"},"elements":[{"name":"scarfen","from":[5.0299997,12.02,6.725],"to":[5.48,15.35,9.875],"rotation":{"angle":0.0,"axis":"x","origin":[8.3,0.19999981,8.15]},"faces":{"down":{"uv":[4.4875,12.6375,4.3875,13.2375],"rotation":0,"texture":"#0cd8140a-8c12-20fb-db00-edd21537a8ca","tintindex":0},"east":{"uv":[5.0125,5.6375,5.6125,6.3625],"rotation":0,"texture":"#0cd8140a-8c12-20fb-db00-edd21537a8ca","tintindex":0},"north":{"uv":[7.8875,11.8875,7.9875,12.6125],"rotation":0,"texture":"#0cd8140a-8c12-20fb-db00-edd21537a8ca","tintindex":0},"south":{"uv":[9.0125,11.8875,9.1125,12.6125],"rotation":0,"texture":"#0cd8140a-8c12-20fb-db00-edd21537a8ca","tintindex":0},"up":{"uv":[4.2375,13.2375,4.1375,12.6375],"rotation":0,"texture":"#0cd8140a-8c12-20fb-db00-edd21537a8ca","tintindex":0},"west":{"uv":[5.7625,5.6375,6.3625,6.3625],"rotation":0,"texture":"#0cd8140a-8c12-20fb-db00-edd21537a8ca","tintindex":0}}},{"name":"scarfen","from":[10.52,12.02,6.725],"to":[10.969999,15.35,9.875],"rotation":{"angle":0.0,"axis":"x","origin":[7.7,0.19999981,8.15]},"faces":{"down":{"uv":[1.9875,12.6375,1.8875,13.2375],"rotation":0,"texture":"#0cd8140a-8c12-20fb-db00-edd21537a8ca","tintindex":0},"east":{"uv":[0.8875,5.5125,1.4875,6.2375],"rotation":0,"texture":"#0cd8140a-8c12-20fb-db00-edd21537a8ca","tintindex":0},"north":{"uv":[1.2625,7.2625,1.3625,7.9875],"rotation":0,"texture":"#0cd8140a-8c12-20fb-db00-edd21537a8ca","tintindex":0},"south":{"uv":[6.6375,11.8875,6.7375,12.6125],"rotation":0,"texture":"#0cd8140a-8c12-20fb-db00-edd21537a8ca","tintindex":0},"up":{"uv":[1.7375,13.2375,1.6375,12.6375],"rotation":0,"texture":"#0cd8140a-8c12-20fb-db00-edd21537a8ca","tintindex":0},"west":{"uv":[0.0125,5.6375,0.6125,6.3625],"rotation":0,"texture":"#0cd8140a-8c12-20fb-db00-edd21537a8ca","tintindex":0}}},{"name":"trinitaria","from":[8.491231,8.4227,6.5320997],"to":[8.787331,8.7188,6.6119003],"rotation":{"angle":-45.0,"axis":"z","origin":[8.623531,8.555,6.4145]},"faces":{"down":{"uv":[14.4875,15.1375,14.3875,15.2375],"rotation":0,"texture":"#0cd8140a-8c12-20fb-db00-edd21537a8ca","tintindex":0},"east":{"uv":[13.0125,15.1375,13.1125,15.2375],"rotation":0,"texture":"#0cd8140a-8c12-20fb-db00-edd21537a8ca","tintindex":0},"north":{"uv":[15.1375,12.8875,15.2375,12.9875],"rotation":0,"texture":"#0cd8140a-8c12-20fb-db00-edd21537a8ca","tintindex":0},"south":{"uv":[15.1375,13.1375,15.2375,13.2375],"rotation":0,"texture":"#0cd8140a-8c12-20fb-db00-edd21537a8ca","tintindex":0},"up":{"uv":[14.2375,15.2375,14.1375,15.1375],"rotation":0,"texture":"#0cd8140a-8c12-20fb-db00-edd21537a8ca","tintindex":0},"west":{"uv":[13.2625,15.1375,13.3625,15.2375],"rotation":0,"texture":"#0cd8140a-8c12-20fb-db00-edd21537a8ca","tintindex":0}}},{"name":"trinitaria","from":[8.491231,7.5827,6.5320997],"to":[8.787331,7.8788004,6.6119003],"rotation":{"angle":-45.0,"axis":"z","origin":[8.623531,7.7149997,6.4145]},"faces":{"down":{"uv":[0.3625,15.2625,0.2625,15.3625],"rotation":0,"texture":"#0cd8140a-8c12-20fb-db00-edd21537a8ca","tintindex":0},"east":{"uv":[15.1375,14.8875,15.2375,14.9875],"rotation":0,"texture":"#0cd8140a-8c12-20fb-db00-edd21537a8ca","tintindex":0},"north":{"uv":[15.1375,14.3875,15.2375,14.4875],"rotation":0,"texture":"#0cd8140a-8c12-20fb-db00-edd21537a8ca","tintindex":0},"south":{"uv":[15.1375,15.1375,15.2375,15.2375],"rotation":0,"texture":"#0cd8140a-8c12-20fb-db00-edd21537a8ca","tintindex":0},"up":{"uv":[15.3625,0.1125,15.2625,0.0125],"rotation":0,"texture":"#0cd8140a-8c12-20fb-db00-edd21537a8ca","tintindex":0},"west":{"uv":[0.0125,15.2625,0.1125,15.3625],"rotation":0,"texture":"#0cd8140a-8c12-20fb-db00-edd21537a8ca","tintindex":0}}},{"name":"trinitaria","from":[8.435179,7.7149997,6.529832],"to":[8.855179,8.555,6.614168],"rotation":{"angle":0.0,"axis":"x","origin":[5.6506457,7.280775,3.841353]},"faces":{"down":{"uv":[12.8625,15.1375,12.7625,15.2375],"rotation":0,"texture":"#0cd8140a-8c12-20fb-db00-edd21537a8ca","tintindex":0},"east":{"uv":[15.1375,11.0125,15.2375,11.1125],"rotation":0,"texture":"#0cd8140a-8c12-20fb-db00-edd21537a8ca","tintindex":0},"north":{"uv":[15.1375,10.7625,15.2375,10.8625],"rotation":0,"texture":"#0cd8140a-8c12-20fb-db00-edd21537a8ca","tintindex":0},"south":{"uv":[12.2625,15.1375,12.3625,15.2375],"rotation":0,"texture":"#0cd8140a-8c12-20fb-db00-edd21537a8ca","tintindex":0},"up":{"uv":[15.2375,12.7375,15.1375,12.6375],"rotation":0,"texture":"#0cd8140a-8c12-20fb-db00-edd21537a8ca","tintindex":0},"west":{"uv":[12.5125,15.1375,12.6125,15.2375],"rotation":0,"texture":"#0cd8140a-8c12-20fb-db00-edd21537a8ca","tintindex":0}}},{"name":"trinitaria","from":[7.8051786,7.5649996,6.529832],"to":[8.225179,8.705,6.614168],"rotation":{"angle":0.0,"axis":"x","origin":[5.020646,7.1307745,3.841353]},"faces":{"down":{"uv":[4.2375,15.2625,4.1375,15.3625],"rotation":0,"texture":"#0cd8140a-8c12-20fb-db00-edd21537a8ca","tintindex":0},"east":{"uv":[7.5125,14.6375,7.6125,14.8625],"rotation":0,"texture":"#0cd8140a-8c12-20fb-db00-edd21537a8ca","tintindex":0},"north":{"uv":[7.2625,14.6375,7.3625,14.8625],"rotation":0,"texture":"#0cd8140a-8c12-20fb-db00-edd21537a8ca","tintindex":0},"south":{"uv":[14.6375,7.5125,14.7375,7.7375],"rotation":0,"texture":"#0cd8140a-8c12-20fb-db00-edd21537a8ca","tintindex":0},"up":{"uv":[3.9875,15.3625,3.8875,15.2625],"rotation":0,"texture":"#0cd8140a-8c12-20fb-db00-edd21537a8ca","tintindex":0},"west":{"uv":[14.6375,8.3875,14.7375,8.6125],"rotation":0,"texture":"#0cd8140a-8c12-20fb-db00-edd21537a8ca","tintindex":0}}},{"name":"trinitaria","from":[7.861231,7.4326997,6.5320997],"to":[8.1573305,7.7288003,6.6119003],"rotation":{"angle":-45.0,"axis":"z","origin":[7.9935308,7.5649996,6.4145]},"faces":{"down":{"uv":[15.3625,3.3875,15.2625,3.4875],"rotation":0,"texture":"#0cd8140a-8c12-20fb-db00-edd21537a8ca","tintindex":0},"east":{"uv":[2.2625,15.2625,2.3625,15.3625],"rotation":0,"texture":"#0cd8140a-8c12-20fb-db00-edd21537a8ca","tintindex":0},"north":{"uv":[2.0125,15.2625,2.1125,15.3625],"rotation":0,"texture":"#0cd8140a-8c12-20fb-db00-edd21537a8ca","tintindex":0},"south":{"uv":[15.2625,2.2625,15.3625,2.3625],"rotation":0,"texture":"#0cd8140a-8c12-20fb-db00-edd21537a8ca","tintindex":0},"up":{"uv":[15.3625,3.2375,15.2625,3.1375],"rotation":0,"texture":"#0cd8140a-8c12-20fb-db00-edd21537a8ca","tintindex":0},"west":{"uv":[15.2625,2.5125,15.3625,2.6125],"rotation":0,"texture":"#0cd8140a-8c12-20fb-db00-edd21537a8ca","tintindex":0}}},{"name":"trinitaria","from":[7.861231,8.5727005,6.5320997],"to":[8.1573305,8.8688,6.6119003],"rotation":{"angle":-45.0,"axis":"z","origin":[7.9935308,8.705,6.4145]},"faces":{"down":{"uv":[1.8625,15.2625,1.7625,15.3625],"rotation":0,"texture":"#0cd8140a-8c12-20fb-db00-edd21537a8ca","tintindex":0},"east":{"uv":[1.0125,15.2625,1.1125,15.3625],"rotation":0,"texture":"#0cd8140a-8c12-20fb-db00-edd21537a8ca","tintindex":0},"north":{"uv":[0.7625,15.2625,0.8625,15.3625],"rotation":0,"texture":"#0cd8140a-8c12-20fb-db00-edd21537a8ca","tintindex":0},"south":{"uv":[1.2625,15.2625,1.3625,15.3625],"rotation":0,"texture":"#0cd8140a-8c12-20fb-db00-edd21537a8ca","tintindex":0},"up":{"uv":[1.6125,15.3625,1.5125,15.2625],"rotation":0,"texture":"#0cd8140a-8c12-20fb-db00-edd21537a8ca","tintindex":0},"west":{"uv":[15.2625,1.2625,15.3625,1.3625],"rotation":0,"texture":"#0cd8140a-8c12-20fb-db00-edd21537a8ca","tintindex":0}}},{"name":"trinitaria","from":[7.1751785,7.7149997,6.529832],"to":[7.5951786,8.555,6.614168],"rotation":{"angle":0.0,"axis":"x","origin":[4.390646,7.280775,3.841353]},"faces":{"down":{"uv":[8.2375,15.2625,8.1375,15.3625],"rotation":0,"texture":"#0cd8140a-8c12-20fb-db00-edd21537a8ca","tintindex":0},"east":{"uv":[7.6375,15.2625,7.7375,15.3625],"rotation":0,"texture":"#0cd8140a-8c12-20fb-db00-edd21537a8ca","tintindex":0},"north":{"uv":[7.3875,15.2625,7.4875,15.3625],"rotation":0,"texture":"#0cd8140a-8c12-20fb-db00-edd21537a8ca","tintindex":0},"south":{"uv":[15.2625,7.6375,15.3625,7.7375],"rotation":0,"texture":"#0cd8140a-8c12-20fb-db00-edd21537a8ca","tintindex":0},"up":{"uv":[15.3625,7.9875,15.2625,7.8875],"rotation":0,"texture":"#0cd8140a-8c12-20fb-db00-edd21537a8ca","tintindex":0},"west":{"uv":[7.8875,15.2625,7.9875,15.3625],"rotation":0,"texture":"#0cd8140a-8c12-20fb-db00-edd21537a8ca","tintindex":0}}},{"name":"trinitaria","from":[7.2312307,7.5827,6.5320997],"to":[7.527331,7.8788004,6.6119003],"rotation":{"angle":-45.0,"axis":"z","origin":[7.3635306,7.7149997,6.4145]},"faces":{"down":{"uv":[7.2375,15.2625,7.1375,15.3625],"rotation":0,"texture":"#0cd8140a-8c12-20fb-db00-edd21537a8ca","tintindex":0},"east":{"uv":[6.3875,15.2625,6.4875,15.3625],"rotation":0,"texture":"#0cd8140a-8c12-20fb-db00-edd21537a8ca","tintindex":0},"north":{"uv":[6.1375,15.2625,6.2375,15.3625],"rotation":0,"texture":"#0cd8140a-8c12-20fb-db00-edd21537a8ca","tintindex":0},"south":{"uv":[15.2625,6.5125,15.3625,6.6125],"rotation":0,"texture":"#0cd8140a-8c12-20fb-db00-edd21537a8ca","tintindex":0},"up":{"uv":[6.9875,15.3625,6.8875,15.2625],"rotation":0,"texture":"#0cd8140a-8c12-20fb-db00-edd21537a8ca","tintindex":0},"west":{"uv":[6.6375,15.2625,6.7375,15.3625],"rotation":0,"texture":"#0cd8140a-8c12-20fb-db00-edd21537a8ca","tintindex":0}}},{"name":"trinitaria","from":[7.2312307,8.4227,6.5320997],"to":[7.527331,8.7188,6.6119003],"rotation":{"angle":-45.0,"axis":"z","origin":[7.3635306,8.555,6.4145]},"faces":{"down":{"uv":[15.3625,6.0125,15.2625,6.1125],"rotation":0,"texture":"#0cd8140a-8c12-20fb-db00-edd21537a8ca","tintindex":0},"east":{"uv":[4.8875,15.2625,4.9875,15.3625],"rotation":0,"texture":"#0cd8140a-8c12-20fb-db00-edd21537a8ca","tintindex":0},"north":{"uv":[4.6375,15.2625,4.7375,15.3625],"rotation":0,"texture":"#0cd8140a-8c12-20fb-db00-edd21537a8ca","tintindex":0},"south":{"uv":[5.1375,15.2625,5.2375,15.3625],"rotation":0,"texture":"#0cd8140a-8c12-20fb-db00-edd21537a8ca","tintindex":0},"up":{"uv":[5.9875,15.3625,5.8875,15.2625],"rotation":0,"texture":"#0cd8140a-8c12-20fb-db00-edd21537a8ca","tintindex":0},"west":{"uv":[5.3875,15.2625,5.4875,15.3625],"rotation":0,"texture":"#0cd8140a-8c12-20fb-db00-edd21537a8ca","tintindex":0}}},{"name":"beltum","from":[7.4,7.55,6.545],"to":[8.6,8.75,6.6949997],"rotation":{"angle":0.0,"axis":"x","origin":[8.0,0.34999967,8.014999]},"faces":{"down":{"uv":[14.8625,6.7625,14.6375,6.8625],"rotation":0,"texture":"#0cd8140a-8c12-20fb-db00-edd21537a8ca","tintindex":0},"east":{"uv":[6.7625,14.6375,6.8625,14.8625],"rotation":0,"texture":"#0cd8140a-8c12-20fb-db00-edd21537a8ca","tintindex":0},"north":{"uv":[8.5125,13.7625,8.7375,13.9875],"rotation":0,"texture":"#0cd8140a-8c12-20fb-db00-edd21537a8ca","tintindex":0},"south":{"uv":[9.7625,13.7625,9.9875,13.9875],"rotation":0,"texture":"#0cd8140a-8c12-20fb-db00-edd21537a8ca","tintindex":0},"up":{"uv":[14.8625,6.1125,14.6375,6.0125],"rotation":0,"texture":"#0cd8140a-8c12-20fb-db00-edd21537a8ca","tintindex":0},"west":{"uv":[7.0125,14.6375,7.1125,14.8625],"rotation":0,"texture":"#0cd8140a-8c12-20fb-db00-edd21537a8ca","tintindex":0}}},{"name":"body","from":[5.0,12.2,6.8],"to":[11.0,15.2,9.2],"rotation":{"angle":0.0,"axis":"x","origin":[8.0,0.7999997,8.0]},"faces":{"down":{"uv":[5.4875,0.0125,4.2625,0.4875],"rotation":0,"texture":"#0cd8140a-8c12-20fb-db00-edd21537a8ca","tintindex":0},"east":{"uv":[7.8875,0.0125,8.3625,0.6125],"rotation":0,"texture":"#0cd8140a-8c12-20fb-db00-edd21537a8ca","tintindex":0},"north":{"uv":[2.7625,0.8875,3.9875,1.4875],"rotation":0,"texture":"#0cd8140a-8c12-20fb-db00-edd21537a8ca","tintindex":0},"south":{"uv":[1.5125,2.7625,2.7375,3.3625],"rotation":0,"texture":"#0cd8140a-8c12-20fb-db00-edd21537a8ca","tintindex":0},"up":{"uv":[5.3625,2.2375,4.1375,1.7625],"rotation":0,"texture":"#0cd8140a-8c12-20fb-db00-edd21537a8ca","tintindex":0},"west":{"uv":[7.8875,0.7625,8.3625,1.3625],"rotation":0,"texture":"#0cd8140a-8c12-20fb-db00-edd21537a8ca","tintindex":0}}},{"name":"layer","from":[4.6699996,11.75,6.6499996],"to":[11.27,15.950001,9.950001],"rotation":{"angle":0.0,"axis":"x","origin":[7.7,0.19999981,8.15]},"faces":{"down":{"uv":[4.1125,0.0125,2.7625,0.7375],"rotation":0,"texture":"#0cd8140a-8c12-20fb-db00-edd21537a8ca","tintindex":0},"east":{"uv":[2.3875,3.6375,3.1125,4.4875],"rotation":0,"texture":"#0cd8140a-8c12-20fb-db00-edd21537a8ca","tintindex":0},"north":{"uv":[0.0125,1.7625,1.3625,2.6125],"rotation":0,"texture":"#0cd8140a-8c12-20fb-db00-edd21537a8ca","tintindex":0},"south":{"uv":[1.5125,1.7625,2.8625,2.6125],"rotation":0,"texture":"#0cd8140a-8c12-20fb-db00-edd21537a8ca","tintindex":0},"up":{"uv":[1.3625,3.4875,0.0125,2.7625],"rotation":0,"texture":"#0cd8140a-8c12-20fb-db00-edd21537a8ca","tintindex":0},"west":{"uv":[3.2625,3.6375,3.9875,4.4875],"rotation":0,"texture":"#0cd8140a-8c12-20fb-db00-edd21537a8ca","tintindex":0}}},{"name":"layer","from":[5.495,10.4,6.6949997],"to":[10.505,12.2,9.305],"rotation":{"angle":0.0,"axis":"x","origin":[8.0,0.7999997,8.0]},"faces":{"down":{"uv":[6.4875,1.5125,5.5125,1.9875],"rotation":0,"texture":"#0cd8140a-8c12-20fb-db00-edd21537a8ca","tintindex":0},"east":{"uv":[10.8875,4.3875,11.3625,4.7375],"rotation":0,"texture":"#0cd8140a-8c12-20fb-db00-edd21537a8ca","tintindex":0},"north":{"uv":[7.0125,2.8875,7.9875,3.2375],"rotation":0,"texture":"#0cd8140a-8c12-20fb-db00-edd21537a8ca","tintindex":0},"south":{"uv":[7.3875,6.5125,8.3625,6.8625],"rotation":0,"texture":"#0cd8140a-8c12-20fb-db00-edd21537a8ca","tintindex":0},"up":{"uv":[4.8625,5.8625,3.8875,5.3875],"rotation":0,"texture":"#0cd8140a-8c12-20fb-db00-edd21537a8ca","tintindex":0},"west":{"uv":[5.6375,10.8875,6.1125,11.2375],"rotation":0,"texture":"#0cd8140a-8c12-20fb-db00-edd21537a8ca","tintindex":0}}},{"name":"layer","from":[5.795,8.0,6.6949997],"to":[10.205,10.4,9.305],"rotation":{"angle":0.0,"axis":"x","origin":[8.0,0.7999997,8.0]},"faces":{"down":{"uv":[7.2375,6.6375,6.3875,7.1125],"rotation":0,"texture":"#0cd8140a-8c12-20fb-db00-edd21537a8ca","tintindex":0},"east":{"uv":[9.2625,9.6375,9.7375,10.1125],"rotation":0,"texture":"#0cd8140a-8c12-20fb-db00-edd21537a8ca","tintindex":0},"north":{"uv":[6.6375,3.6375,7.4875,4.1125],"rotation":0,"texture":"#0cd8140a-8c12-20fb-db00-edd21537a8ca","tintindex":0},"south":{"uv":[6.6375,4.2625,7.4875,4.7375],"rotation":0,"texture":"#0cd8140a-8c12-20fb-db00-edd21537a8ca","tintindex":0},"up":{"uv":[7.4875,5.3625,6.6375,4.8875],"rotation":0,"texture":"#0cd8140a-8c12-20fb-db00-edd21537a8ca","tintindex":0},"west":{"uv":[9.7625,0.0125,10.2375,0.4875],"rotation":0,"texture":"#0cd8140a-8c12-20fb-db00-edd21537a8ca","tintindex":0}}},{"name":"body","from":[5.615,10.4,6.83],"to":[10.385,12.2,9.17],"rotation":{"angle":0.0,"axis":"x","origin":[8.0,0.7999997,8.0]},"faces":{"down":{"uv":[11.5,6.0,11.875,6.25],"rotation":0,"texture":"#f4e90b98-015c-e3c5-c8ad-a9295f4523d9","tintindex":0},"east":{"uv":[11.5,6.0,11.875,6.25],"rotation":0,"texture":"#f4e90b98-015c-e3c5-c8ad-a9295f4523d9","tintindex":0},"north":{"uv":[11.5,6.0,11.875,6.25],"rotation":0,"texture":"#f4e90b98-015c-e3c5-c8ad-a9295f4523d9","tintindex":0},"south":{"uv":[11.5,6.0,11.875,6.25],"rotation":0,"texture":"#f4e90b98-015c-e3c5-c8ad-a9295f4523d9","tintindex":0},"up":{"uv":[11.5,6.0,11.875,6.25],"rotation":0,"texture":"#f4e90b98-015c-e3c5-c8ad-a9295f4523d9","tintindex":0},"west":{"uv":[11.5,6.0,11.875,6.25],"rotation":0,"texture":"#f4e90b98-015c-e3c5-c8ad-a9295f4523d9","tintindex":0}}},{"name":"body","from":[8.3,9.8,6.8],"to":[10.1,10.4,9.2],"rotation":{"angle":0.0,"axis":"x","origin":[8.0,0.7999997,8.0]},"faces":{"down":{"uv":[9.6125,10.2625,9.2625,10.7375],"rotation":0,"texture":"#0cd8140a-8c12-20fb-db00-edd21537a8ca","tintindex":0},"east":{"uv":[12.7625,4.0125,13.2375,4.1125],"rotation":0,"texture":"#0cd8140a-8c12-20fb-db00-edd21537a8ca","tintindex":0},"north":{"uv":[3.1375,7.6375,3.4875,7.7375],"rotation":0,"texture":"#0cd8140a-8c12-20fb-db00-edd21537a8ca","tintindex":0},"south":{"uv":[14.1375,0.0125,14.4875,0.1125],"rotation":0,"texture":"#0cd8140a-8c12-20fb-db00-edd21537a8ca","tintindex":0},"up":{"uv":[5.9875,10.7375,5.6375,10.2625],"rotation":0,"texture":"#0cd8140a-8c12-20fb-db00-edd21537a8ca","tintindex":0},"west":{"uv":[12.7625,4.2625,13.2375,4.3625],"rotation":0,"texture":"#0cd8140a-8c12-20fb-db00-edd21537a8ca","tintindex":0}}},{"name":"body","from":[9.5,10.4,6.8],"to":[10.1,11.0,9.2],"rotation":{"angle":0.0,"axis":"x","origin":[8.0,1.3999997,8.0]},"faces":{"down":{"uv":[4.1125,14.0125,4.0125,14.4875],"rotation":0,"texture":"#0cd8140a-8c12-20fb-db00-edd21537a8ca","tintindex":0},"east":{"uv":[2.2625,14.0125,2.7375,14.1125],"rotation":0,"texture":"#0cd8140a-8c12-20fb-db00-edd21537a8ca","tintindex":0},"north":{"uv":[8.3875,15.3875,8.4875,15.4875],"rotation":0,"texture":"#0cd8140a-8c12-20fb-db00-edd21537a8ca","tintindex":0},"south":{"uv":[15.3875,9.8875,15.4875,9.9875],"rotation":0,"texture":"#0cd8140a-8c12-20fb-db00-edd21537a8ca","tintindex":0},"up":{"uv":[0.7375,14.4875,0.6375,14.0125],"rotation":0,"texture":"#0cd8140a-8c12-20fb-db00-edd21537a8ca","tintindex":0},"west":{"uv":[14.0125,3.8875,14.4875,3.9875],"rotation":0,"texture":"#0cd8140a-8c12-20fb-db00-edd21537a8ca","tintindex":0}}},{"name":"body","from":[8.3,8.0,6.8],"to":[10.1,8.6,9.2],"rotation":{"angle":0.0,"axis":"x","origin":[8.0,-1.0000005,8.0]},"faces":{"down":{"uv":[10.1125,10.5125,9.7625,10.9875],"rotation":0,"texture":"#0cd8140a-8c12-20fb-db00-edd21537a8ca","tintindex":0},"east":{"uv":[13.3875,4.0125,13.8625,4.1125],"rotation":0,"texture":"#0cd8140a-8c12-20fb-db00-edd21537a8ca","tintindex":0},"north":{"uv":[11.7625,14.1375,12.1125,14.2375],"rotation":0,"texture":"#0cd8140a-8c12-20fb-db00-edd21537a8ca","tintindex":0},"south":{"uv":[12.2625,14.1375,12.6125,14.2375],"rotation":0,"texture":"#0cd8140a-8c12-20fb-db00-edd21537a8ca","tintindex":0},"up":{"uv":[3.3625,10.9875,3.0125,10.5125],"rotation":0,"texture":"#0cd8140a-8c12-20fb-db00-edd21537a8ca","tintindex":0},"west":{"uv":[13.3875,4.2625,13.8625,4.3625],"rotation":0,"texture":"#0cd8140a-8c12-20fb-db00-edd21537a8ca","tintindex":0}}},{"name":"body","from":[9.5,8.6,6.8],"to":[10.1,9.8,9.2],"rotation":{"angle":0.0,"axis":"x","origin":[8.0,0.19999981,8.0]},"faces":{"down":{"uv":[4.2375,13.3875,4.1375,13.8625],"rotation":0,"texture":"#0cd8140a-8c12-20fb-db00-edd21537a8ca","tintindex":0},"east":{"uv":[11.1375,9.2625,11.6125,9.4875],"rotation":0,"texture":"#0cd8140a-8c12-20fb-db00-edd21537a8ca","tintindex":0},"north":{"uv":[9.5125,14.5125,9.6125,14.7375],"rotation":0,"texture":"#0cd8140a-8c12-20fb-db00-edd21537a8ca","tintindex":0},"south":{"uv":[13.5125,14.5125,13.6125,14.7375],"rotation":0,"texture":"#0cd8140a-8c12-20fb-db00-edd21537a8ca","tintindex":0},"up":{"uv":[2.2375,13.7375,2.1375,13.2625],"rotation":0,"texture":"#0cd8140a-8c12-20fb-db00-edd21537a8ca","tintindex":0},"west":{"uv":[9.6375,11.1375,10.1125,11.3625],"rotation":0,"texture":"#0cd8140a-8c12-20fb-db00-edd21537a8ca","tintindex":0}}},{"name":"body","from":[8.3,8.6,6.8900003],"to":[9.5,9.8,9.110001],"rotation":{"angle":0.0,"axis":"x","origin":[7.4,0.19999981,8.0]},"faces":{"down":{"uv":[8.7375,11.1375,8.5125,11.6125],"rotation":0,"texture":"#0cd8140a-8c12-20fb-db00-edd21537a8ca","tintindex":0},"east":{"uv":[11.1375,9.6375,11.6125,9.8625],"rotation":0,"texture":"#0cd8140a-8c12-20fb-db00-edd21537a8ca","tintindex":0},"north":{"uv":[13.3875,4.7625,13.6125,4.9875],"rotation":0,"texture":"#0cd8140a-8c12-20fb-db00-edd21537a8ca","tintindex":0},"south":{"uv":[6.0125,13.3875,6.2375,13.6125],"rotation":0,"texture":"#0cd8140a-8c12-20fb-db00-edd21537a8ca","tintindex":0},"up":{"uv":[6.4875,11.6125,6.2625,11.1375],"rotation":0,"texture":"#0cd8140a-8c12-20fb-db00-edd21537a8ca","tintindex":0},"west":{"uv":[11.1375,10.8875,11.6125,11.1125],"rotation":0,"texture":"#0cd8140a-8c12-20fb-db00-edd21537a8ca","tintindex":0}}},{"name":"body","from":[6.5,8.6,6.8900003],"to":[7.7,9.8,9.110001],"rotation":{"angle":0.0,"axis":"x","origin":[8.6,0.19999981,8.0]},"faces":{"down":{"uv":[0.8625,11.2625,0.6375,11.7375],"rotation":0,"texture":"#0cd8140a-8c12-20fb-db00-edd21537a8ca","tintindex":0},"east":{"uv":[11.2625,7.8875,11.7375,8.1125],"rotation":0,"texture":"#0cd8140a-8c12-20fb-db00-edd21537a8ca","tintindex":0},"north":{"uv":[3.6375,13.7625,3.8625,13.9875],"rotation":0,"texture":"#0cd8140a-8c12-20fb-db00-edd21537a8ca","tintindex":0},"south":{"uv":[6.0125,13.7625,6.2375,13.9875],"rotation":0,"texture":"#0cd8140a-8c12-20fb-db00-edd21537a8ca","tintindex":0},"up":{"uv":[10.4875,11.6125,10.2625,11.1375],"rotation":0,"texture":"#0cd8140a-8c12-20fb-db00-edd21537a8ca","tintindex":0},"west":{"uv":[11.2625,8.2625,11.7375,8.4875],"rotation":0,"texture":"#0cd8140a-8c12-20fb-db00-edd21537a8ca","tintindex":0}}},{"name":"body","from":[5.8999996,9.8,6.8],"to":[7.7,10.4,9.2],"rotation":{"angle":0.0,"axis":"x","origin":[8.0,0.7999997,8.0]},"faces":{"down":{"uv":[10.9875,9.3875,10.6375,9.8625],"rotation":0,"texture":"#0cd8140a-8c12-20fb-db00-edd21537a8ca","tintindex":0},"east":{"uv":[13.7625,5.5125,14.2375,5.6125],"rotation":0,"texture":"#0cd8140a-8c12-20fb-db00-edd21537a8ca","tintindex":0},"north":{"uv":[14.2625,2.0125,14.6125,2.1125],"rotation":0,"texture":"#0cd8140a-8c12-20fb-db00-edd21537a8ca","tintindex":0},"south":{"uv":[14.2625,2.2625,14.6125,2.3625],"rotation":0,"texture":"#0cd8140a-8c12-20fb-db00-edd21537a8ca","tintindex":0},"up":{"uv":[10.9875,4.2375,10.6375,3.7625],"rotation":0,"texture":"#0cd8140a-8c12-20fb-db00-edd21537a8ca","tintindex":0},"west":{"uv":[13.7625,8.1375,14.2375,8.2375],"rotation":0,"texture":"#0cd8140a-8c12-20fb-db00-edd21537a8ca","tintindex":0}}},{"name":"body","from":[5.8999996,8.6,6.8],"to":[6.5,9.8,9.2],"rotation":{"angle":0.0,"axis":"x","origin":[8.0,0.19999981,8.0]},"faces":{"down":{"uv":[3.1125,13.7625,3.0125,14.2375],"rotation":0,"texture":"#0cd8140a-8c12-20fb-db00-edd21537a8ca","tintindex":0},"east":{"uv":[0.0125,11.2625,0.4875,11.4875],"rotation":0,"texture":"#0cd8140a-8c12-20fb-db00-edd21537a8ca","tintindex":0},"north":{"uv":[6.2625,14.6375,6.3625,14.8625],"rotation":0,"texture":"#0cd8140a-8c12-20fb-db00-edd21537a8ca","tintindex":0},"south":{"uv":[6.5125,14.6375,6.6125,14.8625],"rotation":0,"texture":"#0cd8140a-8c12-20fb-db00-edd21537a8ca","tintindex":0},"up":{"uv":[0.9875,14.2375,0.8875,13.7625],"rotation":0,"texture":"#0cd8140a-8c12-20fb-db00-edd21537a8ca","tintindex":0},"west":{"uv":[4.7625,11.2625,5.2375,11.4875],"rotation":0,"texture":"#0cd8140a-8c12-20fb-db00-edd21537a8ca","tintindex":0}}},{"name":"body","from":[5.8999996,8.0,6.8],"to":[7.7,8.6,9.2],"rotation":{"angle":0.0,"axis":"x","origin":[8.0,-1.0000005,8.0]},"faces":{"down":{"uv":[10.9875,3.1375,10.6375,3.6125],"rotation":0,"texture":"#0cd8140a-8c12-20fb-db00-edd21537a8ca","tintindex":0},"east":{"uv":[5.1375,13.7625,5.6125,13.8625],"rotation":0,"texture":"#0cd8140a-8c12-20fb-db00-edd21537a8ca","tintindex":0},"north":{"uv":[14.2625,1.7625,14.6125,1.8625],"rotation":0,"texture":"#0cd8140a-8c12-20fb-db00-edd21537a8ca","tintindex":0},"south":{"uv":[1.8875,14.2625,2.2375,14.3625],"rotation":0,"texture":"#0cd8140a-8c12-20fb-db00-edd21537a8ca","tintindex":0},"up":{"uv":[0.8625,11.1125,0.5125,10.6375],"rotation":0,"texture":"#0cd8140a-8c12-20fb-db00-edd21537a8ca","tintindex":0},"west":{"uv":[13.7625,5.2625,14.2375,5.3625],"rotation":0,"texture":"#0cd8140a-8c12-20fb-db00-edd21537a8ca","tintindex":0}}},{"name":"body","from":[5.75,7.7,6.62],"to":[10.25,8.3,9.32],"rotation":{"angle":0.0,"axis":"x","origin":[8.0,0.49999976,7.97]},"faces":{"down":{"uv":[3.8625,4.6375,2.8875,5.2375],"rotation":0,"texture":"#0cd8140a-8c12-20fb-db00-edd21537a8ca","tintindex":0},"east":{"uv":[12.3875,8.3875,12.9875,8.4875],"rotation":0,"texture":"#0cd8140a-8c12-20fb-db00-edd21537a8ca","tintindex":0},"north":{"uv":[11.2625,7.3875,12.2375,7.4875],"rotation":0,"texture":"#0cd8140a-8c12-20fb-db00-edd21537a8ca","tintindex":0},"south":{"uv":[11.2625,7.6375,12.2375,7.7375],"rotation":0,"texture":"#0cd8140a-8c12-20fb-db00-edd21537a8ca","tintindex":0},"up":{"uv":[2.7375,5.2375,1.7625,4.6375],"rotation":0,"texture":"#0cd8140a-8c12-20fb-db00-edd21537a8ca","tintindex":0},"west":{"uv":[0.8875,12.6375,1.4875,12.7375],"rotation":0,"texture":"#0cd8140a-8c12-20fb-db00-edd21537a8ca","tintindex":0}}},{"name":"body","from":[7.1,7.4,6.845],"to":[8.9,8.0,9.155001],"rotation":{"angle":0.0,"axis":"x","origin":[8.0,0.7999997,8.0]},"faces":{"down":{"uv":[2.8625,10.5125,2.5125,10.9875],"rotation":0,"texture":"#0cd8140a-8c12-20fb-db00-edd21537a8ca","tintindex":0},"east":{"uv":[11.7625,13.2625,12.2375,13.3625],"rotation":0,"texture":"#0cd8140a-8c12-20fb-db00-edd21537a8ca","tintindex":0},"north":{"uv":[10.5125,14.1375,10.8625,14.2375],"rotation":0,"texture":"#0cd8140a-8c12-20fb-db00-edd21537a8ca","tintindex":0},"south":{"uv":[14.1375,10.5125,14.4875,10.6125],"rotation":0,"texture":"#0cd8140a-8c12-20fb-db00-edd21537a8ca","tintindex":0},"up":{"uv":[2.3625,10.9875,2.0125,10.5125],"rotation":0,"texture":"#0cd8140a-8c12-20fb-db00-edd21537a8ca","tintindex":0},"west":{"uv":[1.5125,13.3875,1.9875,13.4875],"rotation":0,"texture":"#0cd8140a-8c12-20fb-db00-edd21537a8ca","tintindex":0}}},{"name":"body","from":[7.7,8.0,6.935],"to":[8.3,8.6,9.185],"rotation":{"angle":0.0,"axis":"x","origin":[8.0,0.7999997,8.0]},"faces":{"down":{"uv":[6.3625,12.7625,6.2625,13.2375],"rotation":0,"texture":"#0cd8140a-8c12-20fb-db00-edd21537a8ca","tintindex":0},"east":{"uv":[4.6375,12.7625,5.1125,12.8625],"rotation":0,"texture":"#0cd8140a-8c12-20fb-db00-edd21537a8ca","tintindex":0},"north":{"uv":[1.1375,15.0125,1.2375,15.1125],"rotation":0,"texture":"#0cd8140a-8c12-20fb-db00-edd21537a8ca","tintindex":0},"south":{"uv":[1.3875,15.0125,1.4875,15.1125],"rotation":0,"texture":"#0cd8140a-8c12-20fb-db00-edd21537a8ca","tintindex":0},"up":{"uv":[6.1125,13.2375,6.0125,12.7625],"rotation":0,"texture":"#0cd8140a-8c12-20fb-db00-edd21537a8ca","tintindex":0},"west":{"uv":[12.7625,4.7625,13.2375,4.8625],"rotation":0,"texture":"#0cd8140a-8c12-20fb-db00-edd21537a8ca","tintindex":0}}},{"name":"body","from":[6.2,14.0,6.2],"to":[9.8,15.8,6.8],"rotation":{"angle":0.0,"axis":"x","origin":[8.0,1.3999997,8.0]},"faces":{"down":{"uv":[12.4875,9.6375,11.7625,9.7375],"rotation":0,"texture":"#0cd8140a-8c12-20fb-db00-edd21537a8ca","tintindex":0},"east":{"uv":[14.1375,3.2625,14.2375,3.6125],"rotation":0,"texture":"#0cd8140a-8c12-20fb-db00-edd21537a8ca","tintindex":0},"north":{"uv":[7.7625,5.8875,8.4875,6.2375],"rotation":0,"texture":"#0cd8140a-8c12-20fb-db00-edd21537a8ca","tintindex":0},"south":{"uv":[8.1375,2.8875,8.8625,3.2375],"rotation":0,"texture":"#0cd8140a-8c12-20fb-db00-edd21537a8ca","tintindex":0},"up":{"uv":[4.9875,0.7375,4.2625,0.6375],"rotation":0,"texture":"#0cd8140a-8c12-20fb-db00-edd21537a8ca","tintindex":0},"west":{"uv":[3.5125,14.1375,3.6125,14.4875],"rotation":0,"texture":"#0cd8140a-8c12-20fb-db00-edd21537a8ca","tintindex":0}}},{"name":"body","from":[5.8999996,14.0,6.3242636],"to":[6.5,15.8,6.924264],"rotation":{"angle":45.0,"axis":"y","origin":[6.2,14.3,6.624264]},"faces":{"down":{"uv":[13.2375,14.8875,13.1375,14.9875],"rotation":0,"texture":"#0cd8140a-8c12-20fb-db00-edd21537a8ca","tintindex":0},"east":{"uv":[14.1375,5.7625,14.2375,6.1125],"rotation":0,"texture":"#0cd8140a-8c12-20fb-db00-edd21537a8ca","tintindex":0},"north":{"uv":[3.7625,14.1375,3.8625,14.4875],"rotation":0,"texture":"#0cd8140a-8c12-20fb-db00-edd21537a8ca","tintindex":0},"south":{"uv":[6.0125,14.1375,6.1125,14.4875],"rotation":0,"texture":"#0cd8140a-8c12-20fb-db00-edd21537a8ca","tintindex":0},"up":{"uv":[14.9875,12.9875,14.8875,12.8875],"rotation":0,"texture":"#0cd8140a-8c12-20fb-db00-edd21537a8ca","tintindex":0},"west":{"uv":[14.1375,6.2625,14.2375,6.6125],"rotation":0,"texture":"#0cd8140a-8c12-20fb-db00-edd21537a8ca","tintindex":0}}},{"name":"body","from":[9.5,14.0,6.3242636],"to":[10.1,15.8,6.924264],"rotation":{"angle":-45.0,"axis":"y","origin":[9.8,14.3,6.624264]},"faces":{"down":{"uv":[15.4875,5.3875,15.3875,5.4875],"rotation":0,"texture":"#0cd8140a-8c12-20fb-db00-edd21537a8ca","tintindex":0},"east":{"uv":[5.0125,14.2625,5.1125,14.6125],"rotation":0,"texture":"#0cd8140a-8c12-20fb-db00-edd21537a8ca","tintindex":0},"north":{"uv":[4.7625,14.2625,4.8625,14.6125],"rotation":0,"texture":"#0cd8140a-8c12-20fb-db00-edd21537a8ca","tintindex":0},"south":{"uv":[5.2625,14.2625,5.3625,14.6125],"rotation":0,"texture":"#0cd8140a-8c12-20fb-db00-edd21537a8ca","tintindex":0},"up":{"uv":[15.4875,5.2375,15.3875,5.1375],"rotation":0,"texture":"#0cd8140a-8c12-20fb-db00-edd21537a8ca","tintindex":0},"west":{"uv":[5.5125,14.2625,5.6125,14.6125],"rotation":0,"texture":"#0cd8140a-8c12-20fb-db00-edd21537a8ca","tintindex":0}}},{"name":"body","from":[7.4300003,15.2,5.8999996],"to":[8.57,15.8,6.8],"rotation":{"angle":0.0,"axis":"x","origin":[8.0,1.3999997,7.4]},"faces":{"down":{"uv":[8.8625,2.5125,8.6375,2.7375],"rotation":0,"texture":"#0cd8140a-8c12-20fb-db00-edd21537a8ca","tintindex":0},"east":{"uv":[11.0125,14.5125,11.2375,14.6125],"rotation":0,"texture":"#0cd8140a-8c12-20fb-db00-edd21537a8ca","tintindex":0},"north":{"uv":[14.5125,10.7625,14.7375,10.8625],"rotation":0,"texture":"#0cd8140a-8c12-20fb-db00-edd21537a8ca","tintindex":0},"south":{"uv":[14.5125,12.6375,14.7375,12.7375],"rotation":0,"texture":"#0cd8140a-8c12-20fb-db00-edd21537a8ca","tintindex":0},"up":{"uv":[4.4875,7.1125,4.2625,6.8875],"rotation":0,"texture":"#0cd8140a-8c12-20fb-db00-edd21537a8ca","tintindex":0},"west":{"uv":[14.5125,12.8875,14.7375,12.9875],"rotation":0,"texture":"#0cd8140a-8c12-20fb-db00-edd21537a8ca","tintindex":0}}},{"name":"body","from":[6.83,14.0,5.8999996],"to":[9.17,15.2,6.2],"rotation":{"angle":0.0,"axis":"x","origin":[8.0,0.7999997,7.4]},"faces":{"down":{"uv":[14.3625,4.5125,13.8875,4.6125],"rotation":0,"texture":"#0cd8140a-8c12-20fb-db00-edd21537a8ca","tintindex":0},"east":{"uv":[9.2625,14.6375,9.3625,14.8625],"rotation":0,"texture":"#0cd8140a-8c12-20fb-db00-edd21537a8ca","tintindex":0},"north":{"uv":[11.1375,11.2625,11.6125,11.4875],"rotation":0,"texture":"#0cd8140a-8c12-20fb-db00-edd21537a8ca","tintindex":0},"south":{"uv":[11.3875,0.0125,11.8625,0.2375],"rotation":0,"texture":"#0cd8140a-8c12-20fb-db00-edd21537a8ca","tintindex":0},"up":{"uv":[14.2375,11.2375,13.7625,11.1375],"rotation":0,"texture":"#0cd8140a-8c12-20fb-db00-edd21537a8ca","tintindex":0},"west":{"uv":[4.3875,14.7625,4.4875,14.9875],"rotation":0,"texture":"#0cd8140a-8c12-20fb-db00-edd21537a8ca","tintindex":0}}},{"name":"body","from":[6.23,13.400001,6.35],"to":[9.77,14.0,6.8],"rotation":{"angle":0.0,"axis":"x","origin":[8.0,-0.40000033,8.0]},"faces":{"down":{"uv":[12.6125,12.0125,11.8875,12.1125],"rotation":0,"texture":"#0cd8140a-8c12-20fb-db00-edd21537a8ca","tintindex":0},"east":{"uv":[5.6375,15.3875,5.7375,15.4875],"rotation":0,"texture":"#0cd8140a-8c12-20fb-db00-edd21537a8ca","tintindex":0},"north":{"uv":[12.0125,8.8875,12.7375,8.9875],"rotation":0,"texture":"#0cd8140a-8c12-20fb-db00-edd21537a8ca","tintindex":0},"south":{"uv":[12.0125,9.1375,12.7375,9.2375],"rotation":0,"texture":"#0cd8140a-8c12-20fb-db00-edd21537a8ca","tintindex":0},"up":{"uv":[12.7375,9.4875,12.0125,9.3875],"rotation":0,"texture":"#0cd8140a-8c12-20fb-db00-edd21537a8ca","tintindex":0},"west":{"uv":[15.3875,5.6375,15.4875,5.7375],"rotation":0,"texture":"#0cd8140a-8c12-20fb-db00-edd21537a8ca","tintindex":0}}},{"name":"body","from":[6.83,12.8,6.35],"to":[9.17,13.400001,6.8],"rotation":{"angle":0.0,"axis":"x","origin":[8.0,-1.0000005,8.0]},"faces":{"down":{"uv":[14.3625,10.8875,13.8875,10.9875],"rotation":0,"texture":"#0cd8140a-8c12-20fb-db00-edd21537a8ca","tintindex":0},"east":{"uv":[15.3875,6.2625,15.4875,6.3625],"rotation":0,"texture":"#0cd8140a-8c12-20fb-db00-edd21537a8ca","tintindex":0},"north":{"uv":[6.6375,13.8875,7.1125,13.9875],"rotation":0,"texture":"#0cd8140a-8c12-20fb-db00-edd21537a8ca","tintindex":0},"south":{"uv":[8.8875,13.8875,9.3625,13.9875],"rotation":0,"texture":"#0cd8140a-8c12-20fb-db00-edd21537a8ca","tintindex":0},"up":{"uv":[10.9875,13.9875,10.5125,13.8875],"rotation":0,"texture":"#0cd8140a-8c12-20fb-db00-edd21537a8ca","tintindex":0},"west":{"uv":[15.3875,6.7625,15.4875,6.8625],"rotation":0,"texture":"#0cd8140a-8c12-20fb-db00-edd21537a8ca","tintindex":0}}},{"name":"body","from":[7.4,8.0,6.6499996],"to":[8.6,11.0,7.85],"rotation":{"angle":0.0,"axis":"x","origin":[8.0,-4.0000005,8.45]},"faces":{"down":{"uv":[3.9875,13.3875,3.7625,13.6125],"rotation":0,"texture":"#0cd8140a-8c12-20fb-db00-edd21537a8ca","tintindex":0},"east":{"uv":[9.2625,10.8875,9.4875,11.4875],"rotation":0,"texture":"#0cd8140a-8c12-20fb-db00-edd21537a8ca","tintindex":0},"north":{"uv":[7.2625,10.8875,7.4875,11.4875],"rotation":0,"texture":"#0cd8140a-8c12-20fb-db00-edd21537a8ca","tintindex":0},"south":{"uv":[10.7625,10.8875,10.9875,11.4875],"rotation":0,"texture":"#0cd8140a-8c12-20fb-db00-edd21537a8ca","tintindex":0},"up":{"uv":[12.8625,13.4875,12.6375,13.2625],"rotation":0,"texture":"#0cd8140a-8c12-20fb-db00-edd21537a8ca","tintindex":0},"west":{"uv":[11.0125,0.0125,11.2375,0.6125],"rotation":0,"texture":"#0cd8140a-8c12-20fb-db00-edd21537a8ca","tintindex":0}}},{"name":"body","from":[7.4,11.6,6.6499996],"to":[8.6,13.400001,7.85],"rotation":{"angle":0.0,"axis":"x","origin":[8.0,-2.8000002,8.45]},"faces":{"down":{"uv":[0.4875,14.0125,0.2625,14.2375],"rotation":0,"texture":"#0cd8140a-8c12-20fb-db00-edd21537a8ca","tintindex":0},"east":{"uv":[10.1375,12.1375,10.3625,12.4875],"rotation":0,"texture":"#0cd8140a-8c12-20fb-db00-edd21537a8ca","tintindex":0},"north":{"uv":[7.5125,12.1375,7.7375,12.4875],"rotation":0,"texture":"#0cd8140a-8c12-20fb-db00-edd21537a8ca","tintindex":0},"south":{"uv":[0.5125,12.2625,0.7375,12.6125],"rotation":0,"texture":"#0cd8140a-8c12-20fb-db00-edd21537a8ca","tintindex":0},"up":{"uv":[13.9875,14.1125,13.7625,13.8875],"rotation":0,"texture":"#0cd8140a-8c12-20fb-db00-edd21537a8ca","tintindex":0},"west":{"uv":[3.7625,12.2625,3.9875,12.6125],"rotation":0,"texture":"#0cd8140a-8c12-20fb-db00-edd21537a8ca","tintindex":0}}},{"name":"body","from":[6.2,11.0,9.2],"to":[9.8,15.2,9.8],"rotation":{"angle":0.0,"axis":"x","origin":[8.0,-0.40000033,8.0]},"faces":{"down":{"uv":[12.6125,4.2625,11.8875,4.3625],"rotation":0,"texture":"#0cd8140a-8c12-20fb-db00-edd21537a8ca","tintindex":0},"east":{"uv":[3.0125,11.7625,3.1125,12.6125],"rotation":0,"texture":"#0cd8140a-8c12-20fb-db00-edd21537a8ca","tintindex":0},"north":{"uv":[1.5125,3.5125,2.2375,4.3625],"rotation":0,"texture":"#0cd8140a-8c12-20fb-db00-edd21537a8ca","tintindex":0},"south":{"uv":[0.0125,3.6375,0.7375,4.4875],"rotation":0,"texture":"#0cd8140a-8c12-20fb-db00-edd21537a8ca","tintindex":0},"up":{"uv":[12.6125,2.8625,11.8875,2.7625],"rotation":0,"texture":"#0cd8140a-8c12-20fb-db00-edd21537a8ca","tintindex":0},"west":{"uv":[11.7625,3.0125,11.8625,3.8625],"rotation":0,"texture":"#0cd8140a-8c12-20fb-db00-edd21537a8ca","tintindex":0}}},{"name":"body","from":[6.8,9.2,9.2],"to":[9.2,11.0,9.8],"rotation":{"angle":0.0,"axis":"x","origin":[8.0,-4.0000005,8.0]},"faces":{"down":{"uv":[12.2375,13.0125,11.7625,13.1125],"rotation":0,"texture":"#0cd8140a-8c12-20fb-db00-edd21537a8ca","tintindex":0},"east":{"uv":[14.1375,10.0125,14.2375,10.3625],"rotation":0,"texture":"#0cd8140a-8c12-20fb-db00-edd21537a8ca","tintindex":0},"north":{"uv":[10.3875,5.8875,10.8625,6.2375],"rotation":0,"texture":"#0cd8140a-8c12-20fb-db00-edd21537a8ca","tintindex":0},"south":{"uv":[10.3875,6.3875,10.8625,6.7375],"rotation":0,"texture":"#0cd8140a-8c12-20fb-db00-edd21537a8ca","tintindex":0},"up":{"uv":[9.1125,13.1125,8.6375,13.0125],"rotation":0,"texture":"#0cd8140a-8c12-20fb-db00-edd21537a8ca","tintindex":0},"west":{"uv":[10.2625,14.1375,10.3625,14.4875],"rotation":0,"texture":"#0cd8140a-8c12-20fb-db00-edd21537a8ca","tintindex":0}}},{"name":"body","from":[5.8999996,11.0,9.075736],"to":[6.5,15.2,9.675735],"rotation":{"angle":-45.0,"axis":"y","origin":[6.2,12.5,9.375736]},"faces":{"down":{"uv":[11.6125,15.0125,11.5125,15.1125],"rotation":0,"texture":"#0cd8140a-8c12-20fb-db00-edd21537a8ca","tintindex":0},"east":{"uv":[11.6375,11.6375,11.7375,12.4875],"rotation":0,"texture":"#0cd8140a-8c12-20fb-db00-edd21537a8ca","tintindex":0},"north":{"uv":[11.3875,11.6375,11.4875,12.4875],"rotation":0,"texture":"#0cd8140a-8c12-20fb-db00-edd21537a8ca","tintindex":0},"south":{"uv":[2.5125,11.7625,2.6125,12.6125],"rotation":0,"texture":"#0cd8140a-8c12-20fb-db00-edd21537a8ca","tintindex":0},"up":{"uv":[15.1125,11.4875,15.0125,11.3875],"rotation":0,"texture":"#0cd8140a-8c12-20fb-db00-edd21537a8ca","tintindex":0},"west":{"uv":[2.7625,11.7625,2.8625,12.6125],"rotation":0,"texture":"#0cd8140a-8c12-20fb-db00-edd21537a8ca","tintindex":0}}},{"name":"body","from":[6.2,10.700001,9.075736],"to":[9.8,11.3,9.675735],"rotation":{"angle":45.0,"axis":"x","origin":[8.3,11.0,9.375736]},"faces":{"down":{"uv":[12.6125,2.5125,11.8875,2.6125],"rotation":0,"texture":"#0cd8140a-8c12-20fb-db00-edd21537a8ca","tintindex":0},"east":{"uv":[11.0125,15.0125,11.1125,15.1125],"rotation":0,"texture":"#0cd8140a-8c12-20fb-db00-edd21537a8ca","tintindex":0},"north":{"uv":[11.8875,1.7625,12.6125,1.8625],"rotation":0,"texture":"#0cd8140a-8c12-20fb-db00-edd21537a8ca","tintindex":0},"south":{"uv":[11.8875,2.0125,12.6125,2.1125],"rotation":0,"texture":"#0cd8140a-8c12-20fb-db00-edd21537a8ca","tintindex":0},"up":{"uv":[12.6125,2.3625,11.8875,2.2625],"rotation":0,"texture":"#0cd8140a-8c12-20fb-db00-edd21537a8ca","tintindex":0},"west":{"uv":[11.2625,15.0125,11.3625,15.1125],"rotation":0,"texture":"#0cd8140a-8c12-20fb-db00-edd21537a8ca","tintindex":0}}},{"name":"body","from":[6.803,8.3,9.075736],"to":[9.1970005,9.5,9.675735],"rotation":{"angle":45.0,"axis":"x","origin":[8.3,9.2,9.375736]},"faces":{"down":{"uv":[13.6125,5.5125,13.1375,5.6125],"rotation":0,"texture":"#0cd8140a-8c12-20fb-db00-edd21537a8ca","tintindex":0},"east":{"uv":[2.1375,14.5125,2.2375,14.7375],"rotation":0,"texture":"#0cd8140a-8c12-20fb-db00-edd21537a8ca","tintindex":0},"north":{"uv":[7.8875,1.5125,8.3625,1.7375],"rotation":0,"texture":"#0cd8140a-8c12-20fb-db00-edd21537a8ca","tintindex":0},"south":{"uv":[11.1375,1.5125,11.6125,1.7375],"rotation":0,"texture":"#0cd8140a-8c12-20fb-db00-edd21537a8ca","tintindex":0},"up":{"uv":[13.6125,5.3625,13.1375,5.2625],"rotation":0,"texture":"#0cd8140a-8c12-20fb-db00-edd21537a8ca","tintindex":0},"west":{"uv":[8.2625,14.5125,8.3625,14.7375],"rotation":0,"texture":"#0cd8140a-8c12-20fb-db00-edd21537a8ca","tintindex":0}}},{"name":"body","from":[9.5,11.0,9.075736],"to":[10.1,15.2,9.675735],"rotation":{"angle":45.0,"axis":"y","origin":[9.8,12.5,9.375736]},"faces":{"down":{"uv":[10.8625,15.0125,10.7625,15.1125],"rotation":0,"texture":"#0cd8140a-8c12-20fb-db00-edd21537a8ca","tintindex":0},"east":{"uv":[10.6375,11.6375,10.7375,12.4875],"rotation":0,"texture":"#0cd8140a-8c12-20fb-db00-edd21537a8ca","tintindex":0},"north":{"uv":[9.2625,11.6375,9.3625,12.4875],"rotation":0,"texture":"#0cd8140a-8c12-20fb-db00-edd21537a8ca","tintindex":0},"south":{"uv":[10.8875,11.6375,10.9875,12.4875],"rotation":0,"texture":"#0cd8140a-8c12-20fb-db00-edd21537a8ca","tintindex":0},"up":{"uv":[15.1125,10.6125,15.0125,10.5125],"rotation":0,"texture":"#0cd8140a-8c12-20fb-db00-edd21537a8ca","tintindex":0},"west":{"uv":[11.1375,11.6375,11.2375,12.4875],"rotation":0,"texture":"#0cd8140a-8c12-20fb-db00-edd21537a8ca","tintindex":0}}},{"name":"body","from":[7.3058877,13.918376,6.8059998],"to":[7.9058876,14.518376,9.194],"rotation":{"angle":-45.0,"axis":"z","origin":[2.205887,14.218376,8.9]},"faces":{"down":{"uv":[12.8625,7.1375,12.7625,7.6125],"rotation":0,"texture":"#0cd8140a-8c12-20fb-db00-edd21537a8ca","tintindex":0},"east":{"uv":[12.7625,5.0125,13.2375,5.1125],"rotation":0,"texture":"#0cd8140a-8c12-20fb-db00-edd21537a8ca","tintindex":0},"north":{"uv":[1.6375,15.0125,1.7375,15.1125],"rotation":0,"texture":"#0cd8140a-8c12-20fb-db00-edd21537a8ca","tintindex":0},"south":{"uv":[1.8875,15.0125,1.9875,15.1125],"rotation":0,"texture":"#0cd8140a-8c12-20fb-db00-edd21537a8ca","tintindex":0},"up":{"uv":[6.6125,13.2375,6.5125,12.7625],"rotation":0,"texture":"#0cd8140a-8c12-20fb-db00-edd21537a8ca","tintindex":0},"west":{"uv":[12.7625,6.8875,13.2375,6.9875],"rotation":0,"texture":"#0cd8140a-8c12-20fb-db00-edd21537a8ca","tintindex":0}}},{"name":"body","from":[8.094112,13.918376,6.8059998],"to":[8.694113,14.518376,9.194],"rotation":{"angle":45.0,"axis":"z","origin":[13.794113,14.218376,8.9]},"faces":{"down":{"uv":[8.4875,12.7625,8.3875,13.2375],"rotation":0,"texture":"#0cd8140a-8c12-20fb-db00-edd21537a8ca","tintindex":0},"east":{"uv":[7.7625,12.7625,8.2375,12.8625],"rotation":0,"texture":"#0cd8140a-8c12-20fb-db00-edd21537a8ca","tintindex":0},"north":{"uv":[2.3875,15.0125,2.4875,15.1125],"rotation":0,"texture":"#0cd8140a-8c12-20fb-db00-edd21537a8ca","tintindex":0},"south":{"uv":[15.0125,3.2625,15.1125,3.3625],"rotation":0,"texture":"#0cd8140a-8c12-20fb-db00-edd21537a8ca","tintindex":0},"up":{"uv":[7.3625,13.2375,7.2625,12.7625],"rotation":0,"texture":"#0cd8140a-8c12-20fb-db00-edd21537a8ca","tintindex":0},"west":{"uv":[12.7625,7.7625,13.2375,7.8625],"rotation":0,"texture":"#0cd8140a-8c12-20fb-db00-edd21537a8ca","tintindex":0}}},{"name":"body","from":[7.168377,14.094113,6.8059998],"to":[8.218376,14.694113,9.194],"rotation":{"angle":45.0,"axis":"z","origin":[13.318377,14.394113,8.894]},"faces":{"down":{"uv":[11.6125,0.3875,11.3875,0.8625],"rotation":0,"texture":"#0cd8140a-8c12-20fb-db00-edd21537a8ca","tintindex":0},"east":{"uv":[14.0125,4.1375,14.4875,4.2375],"rotation":0,"texture":"#0cd8140a-8c12-20fb-db00-edd21537a8ca","tintindex":0},"north":{"uv":[4.6375,14.7625,4.8625,14.8625],"rotation":0,"texture":"#0cd8140a-8c12-20fb-db00-edd21537a8ca","tintindex":0},"south":{"uv":[5.0125,14.7625,5.2375,14.8625],"rotation":0,"texture":"#0cd8140a-8c12-20fb-db00-edd21537a8ca","tintindex":0},"up":{"uv":[8.1125,11.7375,7.8875,11.2625],"rotation":0,"texture":"#0cd8140a-8c12-20fb-db00-edd21537a8ca","tintindex":0},"west":{"uv":[5.1375,14.0125,5.6125,14.1125],"rotation":0,"texture":"#0cd8140a-8c12-20fb-db00-edd21537a8ca","tintindex":0}}},{"name":"body","from":[5.8999996,10.4,6.8],"to":[6.5,11.0,9.2],"rotation":{"angle":0.0,"axis":"x","origin":[8.0,1.3999997,8.0]},"faces":{"down":{"uv":[6.4875,14.0125,6.3875,14.4875],"rotation":0,"texture":"#0cd8140a-8c12-20fb-db00-edd21537a8ca","tintindex":0},"east":{"uv":[14.0125,7.8875,14.4875,7.9875],"rotation":0,"texture":"#0cd8140a-8c12-20fb-db00-edd21537a8ca","tintindex":0},"north":{"uv":[15.3875,10.6375,15.4875,10.7375],"rotation":0,"texture":"#0cd8140a-8c12-20fb-db00-edd21537a8ca","tintindex":0},"south":{"uv":[15.3875,10.8875,15.4875,10.9875],"rotation":0,"texture":"#0cd8140a-8c12-20fb-db00-edd21537a8ca","tintindex":0},"up":{"uv":[4.3625,14.4875,4.2625,14.0125],"rotation":0,"texture":"#0cd8140a-8c12-20fb-db00-edd21537a8ca","tintindex":0},"west":{"uv":[14.0125,9.5125,14.4875,9.6125],"rotation":0,"texture":"#0cd8140a-8c12-20fb-db00-edd21537a8ca","tintindex":0}}},{"name":"body","from":[7.7816234,14.094113,6.8059998],"to":[8.681623,14.694113,9.194],"rotation":{"angle":-45.0,"axis":"z","origin":[2.681623,14.394113,8.894]},"faces":{"down":{"uv":[5.6125,11.3875,5.3875,11.8625],"rotation":0,"texture":"#0cd8140a-8c12-20fb-db00-edd21537a8ca","tintindex":0},"east":{"uv":[14.0125,6.7625,14.4875,6.8625],"rotation":0,"texture":"#0cd8140a-8c12-20fb-db00-edd21537a8ca","tintindex":0},"north":{"uv":[5.3875,14.7625,5.6125,14.8625],"rotation":0,"texture":"#0cd8140a-8c12-20fb-db00-edd21537a8ca","tintindex":0},"south":{"uv":[7.7625,14.7625,7.9875,14.8625],"rotation":0,"texture":"#0cd8140a-8c12-20fb-db00-edd21537a8ca","tintindex":0},"up":{"uv":[11.6125,5.3625,11.3875,4.8875],"rotation":0,"texture":"#0cd8140a-8c12-20fb-db00-edd21537a8ca","tintindex":0},"west":{"uv":[14.0125,7.6375,14.4875,7.7375],"rotation":0,"texture":"#0cd8140a-8c12-20fb-db00-edd21537a8ca","tintindex":0}}},{"name":"body","from":[7.8711505,12.10302,6.8059998],"to":[8.47115,12.703019,9.194],"rotation":{"angle":-22.5,"axis":"z","origin":[8.17115,7.0030193,8.894]},"faces":{"down":{"uv":[7.8625,13.0125,7.7625,13.4875],"rotation":0,"texture":"#0cd8140a-8c12-20fb-db00-edd21537a8ca","tintindex":0},"east":{"uv":[13.0125,7.1375,13.4875,7.2375],"rotation":0,"texture":"#0cd8140a-8c12-20fb-db00-edd21537a8ca","tintindex":0},"north":{"uv":[15.0125,9.3875,15.1125,9.4875],"rotation":0,"texture":"#0cd8140a-8c12-20fb-db00-edd21537a8ca","tintindex":0},"south":{"uv":[15.0125,9.6375,15.1125,9.7375],"rotation":0,"texture":"#0cd8140a-8c12-20fb-db00-edd21537a8ca","tintindex":0},"up":{"uv":[7.1125,13.4875,7.0125,13.0125],"rotation":0,"texture":"#0cd8140a-8c12-20fb-db00-edd21537a8ca","tintindex":0},"west":{"uv":[13.0125,7.3875,13.4875,7.4875],"rotation":0,"texture":"#0cd8140a-8c12-20fb-db00-edd21537a8ca","tintindex":0}}},{"name":"body","from":[7.528849,12.10302,6.8059998],"to":[8.128849,12.703019,9.194],"rotation":{"angle":22.5,"axis":"z","origin":[7.8288493,7.0030193,8.894]},"faces":{"down":{"uv":[13.6125,13.8875,13.5125,14.3625],"rotation":0,"texture":"#0cd8140a-8c12-20fb-db00-edd21537a8ca","tintindex":0},"east":{"uv":[12.2625,13.8875,12.7375,13.9875],"rotation":0,"texture":"#0cd8140a-8c12-20fb-db00-edd21537a8ca","tintindex":0},"north":{"uv":[15.3875,7.0125,15.4875,7.1125],"rotation":0,"texture":"#0cd8140a-8c12-20fb-db00-edd21537a8ca","tintindex":0},"south":{"uv":[15.3875,7.2625,15.4875,7.3625],"rotation":0,"texture":"#0cd8140a-8c12-20fb-db00-edd21537a8ca","tintindex":0},"up":{"uv":[9.6125,14.3625,9.5125,13.8875],"rotation":0,"texture":"#0cd8140a-8c12-20fb-db00-edd21537a8ca","tintindex":0},"west":{"uv":[12.8875,13.8875,13.3625,13.9875],"rotation":0,"texture":"#0cd8140a-8c12-20fb-db00-edd21537a8ca","tintindex":0}}}],"display":{"head":{"translation":[0.0,-6.4,0.0],"rotation":[0.0,0.0,0.0],"scale":[3.8095,3.8095,3.8095]},"gui":{"translation":[0.0,0.0,0.0],"rotation":[35.0,225.0,0.0],"scale":[0.625,0.625,0.625]}}}