{"file_name":"faldizq","texture_size":[128,128],"textures":{"a6f54b2e-09e4-3daa-c557-2d8115a194b4":"modelengine:entity/reapercloak","cc1302b3-ba58-96b2-703a-6e3a6cb31093":"modelengine:entity/reaperfald","f4e90b98-015c-e3c5-c8ad-a9295f4523d9":"modelengine:entity/boneshadin2reeaperxd","0cd8140a-8c12-20fb-db00-edd21537a8ca":"modelengine:entity/fallenreaper","54e1c98d-cbb5-3f45-2868-f1ee52e55c7f":"modelengine:entity/boneshadingreaper","207c0d20-03fb-b731-ac36-67e40842ac1a":"modelengine:entity/osdeculo"},"elements":[{"name":"reaperfald_12","from":[8.3,-0.40000033,8.17625],"to":[8.9,0.7999997,8.35625],"rotation":{"angle":0.0,"axis":"x","origin":[6.5,21.2,8.0]},"faces":{"down":{"uv":[4.1125,15.5125,4.0125,15.6125],"rotation":0,"texture":"#0cd8140a-8c12-20fb-db00-edd21537a8ca","tintindex":0},"east":{"uv":[9.5125,14.8875,9.6125,15.1125],"rotation":0,"texture":"#0cd8140a-8c12-20fb-db00-edd21537a8ca","tintindex":0},"north":{"uv":[8.7625,14.8875,8.8625,15.1125],"rotation":0,"texture":"#0cd8140a-8c12-20fb-db00-edd21537a8ca","tintindex":0},"south":{"uv":[9.7625,14.8875,9.8625,15.1125],"rotation":0,"texture":"#0cd8140a-8c12-20fb-db00-edd21537a8ca","tintindex":0},"up":{"uv":[3.8625,15.6125,3.7625,15.5125],"rotation":0,"texture":"#0cd8140a-8c12-20fb-db00-edd21537a8ca","tintindex":0},"west":{"uv":[14.8875,9.8875,14.9875,10.1125],"rotation":0,"texture":"#0cd8140a-8c12-20fb-db00-edd21537a8ca","tintindex":0}}},{"name":"reaperfald_9","from":[7.7,0.7999997,8.17625],"to":[8.9,2.6,8.35625],"rotation":{"angle":0.0,"axis":"x","origin":[6.5,21.2,8.0]},"faces":{"down":{"uv":[8.6125,14.8875,8.3875,14.9875],"rotation":0,"texture":"#0cd8140a-8c12-20fb-db00-edd21537a8ca","tintindex":0},"east":{"uv":[14.3875,5.2625,14.4875,5.6125],"rotation":0,"texture":"#0cd8140a-8c12-20fb-db00-edd21537a8ca","tintindex":0},"north":{"uv":[5.6375,12.5125,5.8625,12.8625],"rotation":0,"texture":"#0cd8140a-8c12-20fb-db00-edd21537a8ca","tintindex":0},"south":{"uv":[6.8875,12.5125,7.1125,12.8625],"rotation":0,"texture":"#0cd8140a-8c12-20fb-db00-edd21537a8ca","tintindex":0},"up":{"uv":[15.1125,8.2375,14.8875,8.1375],"rotation":0,"texture":"#0cd8140a-8c12-20fb-db00-edd21537a8ca","tintindex":0},"west":{"uv":[14.3875,5.7625,14.4875,6.1125],"rotation":0,"texture":"#0cd8140a-8c12-20fb-db00-edd21537a8ca","tintindex":0}}},{"name":"reaperfald_4","from":[8.9,1.9999998,8.17625],"to":[9.5,7.4,8.35625],"rotation":{"angle":0.0,"axis":"x","origin":[6.5,21.2,8.0]},"faces":{"down":{"uv":[2.3625,15.5125,2.2625,15.6125],"rotation":0,"texture":"#0cd8140a-8c12-20fb-db00-edd21537a8ca","tintindex":0},"east":{"uv":[11.0125,7.3875,11.1125,8.4875],"rotation":0,"texture":"#0cd8140a-8c12-20fb-db00-edd21537a8ca","tintindex":0},"north":{"uv":[3.8875,11.0125,3.9875,12.1125],"rotation":0,"texture":"#0cd8140a-8c12-20fb-db00-edd21537a8ca","tintindex":0},"south":{"uv":[8.2625,11.0125,8.3625,12.1125],"rotation":0,"texture":"#0cd8140a-8c12-20fb-db00-edd21537a8ca","tintindex":0},"up":{"uv":[2.1125,15.6125,2.0125,15.5125],"rotation":0,"texture":"#0cd8140a-8c12-20fb-db00-edd21537a8ca","tintindex":0},"west":{"uv":[1.2625,11.1375,1.3625,12.2375],"rotation":0,"texture":"#0cd8140a-8c12-20fb-db00-edd21537a8ca","tintindex":0}}},{"name":"reaperfald_0","from":[7.1,2.6,8.17625],"to":[8.9,7.4,8.35625],"rotation":{"angle":0.0,"axis":"x","origin":[6.5,21.2,8.0]},"faces":{"down":{"uv":[14.7375,5.0125,14.3875,5.1125],"rotation":0,"texture":"#0cd8140a-8c12-20fb-db00-edd21537a8ca","tintindex":0},"east":{"uv":[0.2625,11.6375,0.3625,12.6125],"rotation":0,"texture":"#0cd8140a-8c12-20fb-db00-edd21537a8ca","tintindex":0},"north":{"uv":[4.8875,7.2625,5.2375,8.2375],"rotation":0,"texture":"#0cd8140a-8c12-20fb-db00-edd21537a8ca","tintindex":0},"south":{"uv":[5.3875,7.2625,5.7375,8.2375],"rotation":0,"texture":"#0cd8140a-8c12-20fb-db00-edd21537a8ca","tintindex":0},"up":{"uv":[14.7375,4.8625,14.3875,4.7625],"rotation":0,"texture":"#0cd8140a-8c12-20fb-db00-edd21537a8ca","tintindex":0},"west":{"uv":[11.6375,1.8875,11.7375,2.8625],"rotation":0,"texture":"#0cd8140a-8c12-20fb-db00-edd21537a8ca","tintindex":0}}},{"name":"reaperfald_1","from":[7.1,7.4,8.02625],"to":[8.9,8.0,8.20625],"rotation":{"angle":0.0,"axis":"x","origin":[6.5,26.0,7.85]},"faces":{"down":{"uv":[14.7375,8.1375,14.3875,8.2375],"rotation":0,"texture":"#0cd8140a-8c12-20fb-db00-edd21537a8ca","tintindex":0},"east":{"uv":[6.1375,15.5125,6.2375,15.6125],"rotation":0,"texture":"#0cd8140a-8c12-20fb-db00-edd21537a8ca","tintindex":0},"north":{"uv":[14.3875,6.2625,14.7375,6.3625],"rotation":0,"texture":"#0cd8140a-8c12-20fb-db00-edd21537a8ca","tintindex":0},"south":{"uv":[14.3875,6.5125,14.7375,6.6125],"rotation":0,"texture":"#0cd8140a-8c12-20fb-db00-edd21537a8ca","tintindex":0},"up":{"uv":[6.9875,14.4875,6.6375,14.3875],"rotation":0,"texture":"#0cd8140a-8c12-20fb-db00-edd21537a8ca","tintindex":0},"west":{"uv":[6.3875,15.5125,6.4875,15.6125],"rotation":0,"texture":"#0cd8140a-8c12-20fb-db00-edd21537a8ca","tintindex":0}}},{"name":"reaperfald_3","from":[6.5,4.3999996,8.17625],"to":[7.1,7.4,8.35625],"rotation":{"angle":0.0,"axis":"x","origin":[6.5,21.2,8.0]},"faces":{"down":{"uv":[1.8625,15.5125,1.7625,15.6125],"rotation":0,"texture":"#0cd8140a-8c12-20fb-db00-edd21537a8ca","tintindex":0},"east":{"uv":[12.6375,10.1375,12.7375,10.7375],"rotation":0,"texture":"#0cd8140a-8c12-20fb-db00-edd21537a8ca","tintindex":0},"north":{"uv":[7.5125,12.6375,7.6125,13.2375],"rotation":0,"texture":"#0cd8140a-8c12-20fb-db00-edd21537a8ca","tintindex":0},"south":{"uv":[10.7625,12.6375,10.8625,13.2375],"rotation":0,"texture":"#0cd8140a-8c12-20fb-db00-edd21537a8ca","tintindex":0},"up":{"uv":[1.6125,15.6125,1.5125,15.5125],"rotation":0,"texture":"#0cd8140a-8c12-20fb-db00-edd21537a8ca","tintindex":0},"west":{"uv":[11.0125,12.6375,11.1125,13.2375],"rotation":0,"texture":"#0cd8140a-8c12-20fb-db00-edd21537a8ca","tintindex":0}}}],"display":{"head":{"translation":[0.0,-6.4,0.0],"rotation":[0.0,0.0,0.0],"scale":[3.8095,3.8095,3.8095]},"gui":{"translation":[0.0,0.0,0.0],"rotation":[35.0,225.0,0.0],"scale":[0.625,0.625,0.625]}}}