{"file_name":"bone","texture_size":[16,16],"textures":{"0f6965a4-64bf-c444-54e5-d94e0f599119":"modelengine:entity/fireball"},"elements":[{"name":"cube","from":[-6.1000004,-6.1000004,7.97],"to":[22.100002,22.100002,8.030001],"rotation":{"angle":0.0,"axis":"x","origin":[8.0,8.0,8.0]},"faces":{"down":{"uv":[0.0,0.0,16.0,0.1],"rotation":0,"texture":"#0f6965a4-64bf-c444-54e5-d94e0f599119","tintindex":0},"east":{"uv":[0.0,0.08648649,0.1,16.086487],"rotation":0,"texture":"#0f6965a4-64bf-c444-54e5-d94e0f599119","tintindex":0},"north":{"uv":[0.25945947,0.25945947,15.308108,15.394594],"rotation":0,"texture":"#0f6965a4-64bf-c444-54e5-d94e0f599119","tintindex":0},"south":{"uv":[0.25945947,0.25945947,15.308108,15.394594],"rotation":0,"texture":"#0f6965a4-64bf-c444-54e5-d94e0f599119","tintindex":0},"up":{"uv":[0.0,0.0,16.0,0.1],"rotation":0,"texture":"#0f6965a4-64bf-c444-54e5-d94e0f599119","tintindex":0},"west":{"uv":[0.0,0.0,0.1,16.0],"rotation":0,"texture":"#0f6965a4-64bf-c444-54e5-d94e0f599119","tintindex":0}}}],"display":{"head":{"translation":[0.0,-6.4,0.0],"rotation":[0.0,0.0,0.0],"scale":[3.8095,3.8095,3.8095]},"gui":{"translation":[0.0,0.0,0.0],"rotation":[35.0,225.0,0.0],"scale":[0.625,0.625,0.625]}}}