{"file_name":"capa","texture_size":[128,128],"textures":{"a6f54b2e-09e4-3daa-c557-2d8115a194b4":"modelengine:entity/capa","f4e90b98-015c-e3c5-c8ad-a9295f4523d9":"modelengine:entity/boneshadin2heraldxd","5e0b69f7-2e5d-3bb2-b593-0b4158e5c4ac":"modelengine:entity/fallenheraldsword","890d1a62-ddf7-6aaf-ef13-0f7d8b74ad58":"modelengine:entity/fallenheraldvoid","a0855228-ad18-39e8-747d-ca56cdeff09b":"minecraft:custom/archdrake1","54e1c98d-cbb5-3f45-2868-f1ee52e55c7f":"modelengine:entity/boneshadin2herald.png","0883c4cf-7999-ec5e-75c0-85644915bfa1":"modelengine:entity/bandend"},"elements":[{"name":"capa_0","from":[4.985,2.1950002,7.685],"to":[10.385,8.195001,8.15],"rotation":{"angle":0.0,"axis":"x","origin":[4.385,8.195001,8.15]},"faces":{"down":{"uv":[0.504,4.996,4.996,4.504],"rotation":0,"texture":"#a6f54b2e-09e4-3daa-c557-2d8115a194b4","tintindex":0},"east":{"uv":[4.504,4.996,4.996,0.004],"rotation":180,"texture":"#a6f54b2e-09e4-3daa-c557-2d8115a194b4","tintindex":0},"north":{"uv":[0.504,4.996,4.996,0.004],"rotation":180,"texture":"#a6f54b2e-09e4-3daa-c557-2d8115a194b4","tintindex":0},"south":{"uv":[0.504,0.004,4.996,4.996],"rotation":0,"texture":"#a6f54b2e-09e4-3daa-c557-2d8115a194b4","tintindex":0},"up":{"uv":[4.996,0.496,0.504,0.004],"rotation":180,"texture":"#a6f54b2e-09e4-3daa-c557-2d8115a194b4","tintindex":0},"west":{"uv":[0.504,4.996,0.996,0.004],"rotation":180,"texture":"#a6f54b2e-09e4-3daa-c557-2d8115a194b4","tintindex":0}}},{"name":"capa_1","from":[4.385,2.7950003,7.685],"to":[4.985,7.5950003,8.15],"rotation":{"angle":0.0,"axis":"x","origin":[4.385,8.195001,8.15]},"faces":{"down":{"uv":[0.004,4.496,0.496,4.004],"rotation":0,"texture":"#a6f54b2e-09e4-3daa-c557-2d8115a194b4","tintindex":0},"east":{"uv":[0.004,4.496,0.496,0.504],"rotation":180,"texture":"#a6f54b2e-09e4-3daa-c557-2d8115a194b4","tintindex":0},"north":{"uv":[0.004,4.496,0.496,0.504],"rotation":180,"texture":"#a6f54b2e-09e4-3daa-c557-2d8115a194b4","tintindex":0},"south":{"uv":[0.004,0.504,0.496,4.496],"rotation":0,"texture":"#a6f54b2e-09e4-3daa-c557-2d8115a194b4","tintindex":0},"up":{"uv":[0.496,0.996,0.004,0.504],"rotation":180,"texture":"#a6f54b2e-09e4-3daa-c557-2d8115a194b4","tintindex":0},"west":{"uv":[0.004,4.496,0.496,0.504],"rotation":180,"texture":"#a6f54b2e-09e4-3daa-c557-2d8115a194b4","tintindex":0}}},{"name":"capa_2","from":[10.385,2.1950002,7.685],"to":[10.985001,7.5950003,8.15],"rotation":{"angle":0.0,"axis":"x","origin":[4.385,8.195001,8.15]},"faces":{"down":{"uv":[5.004,4.996,5.496,4.504],"rotation":0,"texture":"#a6f54b2e-09e4-3daa-c557-2d8115a194b4","tintindex":0},"east":{"uv":[5.004,4.996,5.496,0.504],"rotation":180,"texture":"#a6f54b2e-09e4-3daa-c557-2d8115a194b4","tintindex":0},"north":{"uv":[5.004,4.996,5.496,0.504],"rotation":180,"texture":"#a6f54b2e-09e4-3daa-c557-2d8115a194b4","tintindex":0},"south":{"uv":[5.004,0.504,5.496,4.996],"rotation":0,"texture":"#a6f54b2e-09e4-3daa-c557-2d8115a194b4","tintindex":0},"up":{"uv":[5.496,0.996,5.004,0.504],"rotation":180,"texture":"#a6f54b2e-09e4-3daa-c557-2d8115a194b4","tintindex":0},"west":{"uv":[5.004,4.996,5.496,0.504],"rotation":180,"texture":"#a6f54b2e-09e4-3daa-c557-2d8115a194b4","tintindex":0}}},{"name":"capa_3","from":[5.585,0.99499965,7.685],"to":[10.385,2.1950002,8.15],"rotation":{"angle":0.0,"axis":"x","origin":[4.385,8.195001,8.15]},"faces":{"down":{"uv":[1.004,5.996,4.996,5.504],"rotation":0,"texture":"#a6f54b2e-09e4-3daa-c557-2d8115a194b4","tintindex":0},"east":{"uv":[4.504,5.996,4.996,5.004],"rotation":180,"texture":"#a6f54b2e-09e4-3daa-c557-2d8115a194b4","tintindex":0},"north":{"uv":[1.004,5.996,4.996,5.004],"rotation":180,"texture":"#a6f54b2e-09e4-3daa-c557-2d8115a194b4","tintindex":0},"south":{"uv":[1.004,5.004,4.996,5.996],"rotation":0,"texture":"#a6f54b2e-09e4-3daa-c557-2d8115a194b4","tintindex":0},"up":{"uv":[4.996,5.496,1.004,5.004],"rotation":180,"texture":"#a6f54b2e-09e4-3daa-c557-2d8115a194b4","tintindex":0},"west":{"uv":[1.004,5.996,1.496,5.004],"rotation":180,"texture":"#a6f54b2e-09e4-3daa-c557-2d8115a194b4","tintindex":0}}},{"name":"capa_4","from":[6.185,-0.2050004,7.685],"to":[7.3849998,0.99499965,8.15],"rotation":{"angle":0.0,"axis":"x","origin":[4.385,8.195001,8.15]},"faces":{"down":{"uv":[1.504,6.996,2.496,6.504],"rotation":0,"texture":"#a6f54b2e-09e4-3daa-c557-2d8115a194b4","tintindex":0},"east":{"uv":[2.004,6.996,2.496,6.004],"rotation":180,"texture":"#a6f54b2e-09e4-3daa-c557-2d8115a194b4","tintindex":0},"north":{"uv":[1.504,6.996,2.496,6.004],"rotation":180,"texture":"#a6f54b2e-09e4-3daa-c557-2d8115a194b4","tintindex":0},"south":{"uv":[1.504,6.004,2.496,6.996],"rotation":0,"texture":"#a6f54b2e-09e4-3daa-c557-2d8115a194b4","tintindex":0},"up":{"uv":[2.496,6.496,1.504,6.004],"rotation":180,"texture":"#a6f54b2e-09e4-3daa-c557-2d8115a194b4","tintindex":0},"west":{"uv":[1.504,6.996,1.996,6.004],"rotation":180,"texture":"#a6f54b2e-09e4-3daa-c557-2d8115a194b4","tintindex":0}}},{"name":"capa_5","from":[7.3849998,0.3949995,7.685],"to":[7.985,0.99499965,8.15],"rotation":{"angle":0.0,"axis":"x","origin":[4.385,8.195001,8.15]},"faces":{"down":{"uv":[3.121,14.129,3.004,14.246],"rotation":0,"texture":"#890d1a62-ddf7-6aaf-ef13-0f7d8b74ad58","tintindex":0},"east":{"uv":[14.129,2.254,14.246,2.371],"rotation":0,"texture":"#890d1a62-ddf7-6aaf-ef13-0f7d8b74ad58","tintindex":0},"north":{"uv":[14.129,2.004,14.246,2.121],"rotation":0,"texture":"#890d1a62-ddf7-6aaf-ef13-0f7d8b74ad58","tintindex":0},"south":{"uv":[14.129,2.504,14.246,2.621],"rotation":0,"texture":"#890d1a62-ddf7-6aaf-ef13-0f7d8b74ad58","tintindex":0},"up":{"uv":[14.246,2.871,14.129,2.754],"rotation":0,"texture":"#890d1a62-ddf7-6aaf-ef13-0f7d8b74ad58","tintindex":0},"west":{"uv":[2.754,14.129,2.871,14.246],"rotation":0,"texture":"#890d1a62-ddf7-6aaf-ef13-0f7d8b74ad58","tintindex":0}}},{"name":"capa_6","from":[8.585,-0.2050004,7.685],"to":[9.785,0.99499965,8.15],"rotation":{"angle":0.0,"axis":"x","origin":[4.385,8.195001,8.15]},"faces":{"down":{"uv":[3.504,6.996,4.496,6.504],"rotation":0,"texture":"#a6f54b2e-09e4-3daa-c557-2d8115a194b4","tintindex":0},"east":{"uv":[4.004,6.996,4.496,6.004],"rotation":180,"texture":"#a6f54b2e-09e4-3daa-c557-2d8115a194b4","tintindex":0},"north":{"uv":[3.504,6.996,4.496,6.004],"rotation":180,"texture":"#a6f54b2e-09e4-3daa-c557-2d8115a194b4","tintindex":0},"south":{"uv":[3.504,6.004,4.496,6.996],"rotation":0,"texture":"#a6f54b2e-09e4-3daa-c557-2d8115a194b4","tintindex":0},"up":{"uv":[4.496,6.496,3.504,6.004],"rotation":180,"texture":"#a6f54b2e-09e4-3daa-c557-2d8115a194b4","tintindex":0},"west":{"uv":[3.504,6.996,3.996,6.004],"rotation":180,"texture":"#a6f54b2e-09e4-3daa-c557-2d8115a194b4","tintindex":0}}},{"name":"capa_7","from":[9.785,0.3949995,7.685],"to":[10.385,0.99499965,8.15],"rotation":{"angle":0.0,"axis":"x","origin":[4.385,8.195001,8.15]},"faces":{"down":{"uv":[4.504,6.496,4.996,6.004],"rotation":0,"texture":"#a6f54b2e-09e4-3daa-c557-2d8115a194b4","tintindex":0},"east":{"uv":[4.504,6.496,4.996,6.004],"rotation":180,"texture":"#a6f54b2e-09e4-3daa-c557-2d8115a194b4","tintindex":0},"north":{"uv":[4.504,6.496,4.996,6.004],"rotation":180,"texture":"#a6f54b2e-09e4-3daa-c557-2d8115a194b4","tintindex":0},"south":{"uv":[4.504,6.004,4.996,6.496],"rotation":0,"texture":"#a6f54b2e-09e4-3daa-c557-2d8115a194b4","tintindex":0},"up":{"uv":[4.996,6.496,4.504,6.004],"rotation":180,"texture":"#a6f54b2e-09e4-3daa-c557-2d8115a194b4","tintindex":0},"west":{"uv":[4.504,6.496,4.996,6.004],"rotation":180,"texture":"#a6f54b2e-09e4-3daa-c557-2d8115a194b4","tintindex":0}}},{"name":"capa_8","from":[6.185,-0.8050003,7.685],"to":[6.785,-0.2050004,8.15],"rotation":{"angle":0.0,"axis":"x","origin":[4.385,8.195001,8.15]},"faces":{"down":{"uv":[1.504,7.496,1.996,7.004],"rotation":0,"texture":"#a6f54b2e-09e4-3daa-c557-2d8115a194b4","tintindex":0},"east":{"uv":[1.504,7.496,1.996,7.004],"rotation":180,"texture":"#a6f54b2e-09e4-3daa-c557-2d8115a194b4","tintindex":0},"north":{"uv":[1.504,7.496,1.996,7.004],"rotation":180,"texture":"#a6f54b2e-09e4-3daa-c557-2d8115a194b4","tintindex":0},"south":{"uv":[1.504,7.004,1.996,7.496],"rotation":0,"texture":"#a6f54b2e-09e4-3daa-c557-2d8115a194b4","tintindex":0},"up":{"uv":[1.996,7.496,1.504,7.004],"rotation":180,"texture":"#a6f54b2e-09e4-3daa-c557-2d8115a194b4","tintindex":0},"west":{"uv":[1.504,7.496,1.996,7.004],"rotation":180,"texture":"#a6f54b2e-09e4-3daa-c557-2d8115a194b4","tintindex":0}}},{"name":"capa_9","from":[8.585,-0.8050003,7.685],"to":[9.185,-0.2050004,8.15],"rotation":{"angle":0.0,"axis":"x","origin":[4.385,8.195001,8.15]},"faces":{"down":{"uv":[3.504,7.496,3.996,7.004],"rotation":0,"texture":"#a6f54b2e-09e4-3daa-c557-2d8115a194b4","tintindex":0},"east":{"uv":[3.504,7.496,3.996,7.004],"rotation":180,"texture":"#a6f54b2e-09e4-3daa-c557-2d8115a194b4","tintindex":0},"north":{"uv":[3.504,7.496,3.996,7.004],"rotation":180,"texture":"#a6f54b2e-09e4-3daa-c557-2d8115a194b4","tintindex":0},"south":{"uv":[3.504,7.004,3.996,7.496],"rotation":0,"texture":"#a6f54b2e-09e4-3daa-c557-2d8115a194b4","tintindex":0},"up":{"uv":[3.996,7.496,3.504,7.004],"rotation":180,"texture":"#a6f54b2e-09e4-3daa-c557-2d8115a194b4","tintindex":0},"west":{"uv":[3.504,7.496,3.996,7.004],"rotation":180,"texture":"#a6f54b2e-09e4-3daa-c557-2d8115a194b4","tintindex":0}}}],"display":{"head":{"translation":[0.0,-6.4,0.0],"rotation":[0.0,0.0,0.0],"scale":[3.8095,3.8095,3.8095]},"gui":{"translation":[0.0,0.0,0.0],"rotation":[35.0,225.0,0.0],"scale":[0.625,0.625,0.625]}}}