{"file_name":"rightleg","texture_size":[128,128],"textures":{"a6f54b2e-09e4-3daa-c557-2d8115a194b4":"modelengine:entity/capa","f4e90b98-015c-e3c5-c8ad-a9295f4523d9":"modelengine:entity/boneshadin2heraldxd","5e0b69f7-2e5d-3bb2-b593-0b4158e5c4ac":"modelengine:entity/fallenheraldsword","890d1a62-ddf7-6aaf-ef13-0f7d8b74ad58":"modelengine:entity/fallenheraldvoid","a0855228-ad18-39e8-747d-ca56cdeff09b":"minecraft:custom/archdrake1","54e1c98d-cbb5-3f45-2868-f1ee52e55c7f":"modelengine:entity/boneshadin2herald.png","0883c4cf-7999-ec5e-75c0-85644915bfa1":"modelengine:entity/bandend"},"elements":[{"name":"left leg","from":[6.8,5.6,6.8],"to":[9.2,8.6,9.2],"rotation":{"angle":0.0,"axis":"x","origin":[8.0,7.1,8.0]},"faces":{"down":{"uv":[2.996,7.004,2.504,7.496],"rotation":0,"texture":"#890d1a62-ddf7-6aaf-ef13-0f7d8b74ad58","tintindex":0},"east":{"uv":[5.879,0.754,6.371,1.371],"rotation":0,"texture":"#890d1a62-ddf7-6aaf-ef13-0f7d8b74ad58","tintindex":0},"north":{"uv":[5.879,0.004,6.371,0.621],"rotation":0,"texture":"#890d1a62-ddf7-6aaf-ef13-0f7d8b74ad58","tintindex":0},"south":{"uv":[5.004,5.879,5.496,6.496],"rotation":0,"texture":"#890d1a62-ddf7-6aaf-ef13-0f7d8b74ad58","tintindex":0},"up":{"uv":[1.121,7.496,0.629,7.004],"rotation":0,"texture":"#890d1a62-ddf7-6aaf-ef13-0f7d8b74ad58","tintindex":0},"west":{"uv":[1.254,6.004,1.746,6.621],"rotation":0,"texture":"#890d1a62-ddf7-6aaf-ef13-0f7d8b74ad58","tintindex":0}}},{"name":"left leg","from":[6.95,4.3999996,7.1],"to":[8.75,5.6,8.9],"rotation":{"angle":0.0,"axis":"x","origin":[7.85,5.0,8.0]},"faces":{"down":{"uv":[15.625,0.0,16.0,0.25],"rotation":0,"texture":"#890d1a62-ddf7-6aaf-ef13-0f7d8b74ad58","tintindex":0},"east":{"uv":[15.625,0.0,16.0,0.25],"rotation":0,"texture":"#890d1a62-ddf7-6aaf-ef13-0f7d8b74ad58","tintindex":0},"north":{"uv":[15.625,0.0,16.0,0.25],"rotation":0,"texture":"#890d1a62-ddf7-6aaf-ef13-0f7d8b74ad58","tintindex":0},"south":{"uv":[15.625,0.0,16.0,0.25],"rotation":0,"texture":"#890d1a62-ddf7-6aaf-ef13-0f7d8b74ad58","tintindex":0},"up":{"uv":[15.625,0.0,16.0,0.25],"rotation":0,"texture":"#890d1a62-ddf7-6aaf-ef13-0f7d8b74ad58","tintindex":0},"west":{"uv":[15.625,0.0,16.0,0.25],"rotation":0,"texture":"#890d1a62-ddf7-6aaf-ef13-0f7d8b74ad58","tintindex":0}}}],"display":{"head":{"translation":[0.0,-6.4,0.0],"rotation":[0.0,0.0,0.0],"scale":[3.8095,3.8095,3.8095]},"gui":{"translation":[0.0,0.0,0.0],"rotation":[35.0,225.0,0.0],"scale":[0.625,0.625,0.625]}}}