{"file_name":"rightarmbot","texture_size":[128,128],"textures":{"a6f54b2e-09e4-3daa-c557-2d8115a194b4":"modelengine:entity/capa","f4e90b98-015c-e3c5-c8ad-a9295f4523d9":"modelengine:entity/boneshadin2heraldxd","5e0b69f7-2e5d-3bb2-b593-0b4158e5c4ac":"modelengine:entity/fallenheraldsword","890d1a62-ddf7-6aaf-ef13-0f7d8b74ad58":"modelengine:entity/fallenheraldvoid","a0855228-ad18-39e8-747d-ca56cdeff09b":"minecraft:custom/archdrake1","54e1c98d-cbb5-3f45-2868-f1ee52e55c7f":"modelengine:entity/boneshadin2herald.png","0883c4cf-7999-ec5e-75c0-85644915bfa1":"modelengine:entity/bandend"},"elements":[{"name":"right arm","from":[6.47694,7.2367716,7.1],"to":[8.27694,8.436771,8.9],"rotation":{"angle":0.0,"axis":"x","origin":[7.3769403,7.836772,8.0]},"faces":{"down":{"uv":[15.625,0.0,16.0,0.25],"rotation":0,"texture":"#890d1a62-ddf7-6aaf-ef13-0f7d8b74ad58","tintindex":0},"east":{"uv":[15.625,0.0,16.0,0.25],"rotation":0,"texture":"#890d1a62-ddf7-6aaf-ef13-0f7d8b74ad58","tintindex":0},"north":{"uv":[15.625,0.0,16.0,0.25],"rotation":0,"texture":"#890d1a62-ddf7-6aaf-ef13-0f7d8b74ad58","tintindex":0},"south":{"uv":[15.625,0.0,16.0,0.25],"rotation":0,"texture":"#890d1a62-ddf7-6aaf-ef13-0f7d8b74ad58","tintindex":0},"up":{"uv":[15.625,0.0,16.0,0.25],"rotation":0,"texture":"#890d1a62-ddf7-6aaf-ef13-0f7d8b74ad58","tintindex":0},"west":{"uv":[15.625,0.0,16.0,0.25],"rotation":0,"texture":"#890d1a62-ddf7-6aaf-ef13-0f7d8b74ad58","tintindex":0}}},{"name":"right arm","from":[6.32694,5.4367714,6.95],"to":[8.42694,7.836772,9.05],"rotation":{"angle":0.0,"axis":"x","origin":[3.7769399,-2.3632288,8.0]},"faces":{"down":{"uv":[7.996,5.629,7.504,6.121],"rotation":0,"texture":"#890d1a62-ddf7-6aaf-ef13-0f7d8b74ad58","tintindex":0},"east":{"uv":[7.504,3.129,7.996,3.621],"rotation":0,"texture":"#890d1a62-ddf7-6aaf-ef13-0f7d8b74ad58","tintindex":0},"north":{"uv":[7.504,1.879,7.996,2.371],"rotation":0,"texture":"#890d1a62-ddf7-6aaf-ef13-0f7d8b74ad58","tintindex":0},"south":{"uv":[7.504,3.754,7.996,4.246],"rotation":0,"texture":"#890d1a62-ddf7-6aaf-ef13-0f7d8b74ad58","tintindex":0},"up":{"uv":[7.996,5.496,7.504,5.004],"rotation":0,"texture":"#890d1a62-ddf7-6aaf-ef13-0f7d8b74ad58","tintindex":0},"west":{"uv":[7.504,4.379,7.996,4.871],"rotation":0,"texture":"#890d1a62-ddf7-6aaf-ef13-0f7d8b74ad58","tintindex":0}}},{"name":"right arm","from":[8.42694,5.4367714,7.25],"to":[8.72694,7.2367716,7.85],"rotation":{"angle":0.0,"axis":"x","origin":[4.22694,-2.3632288,8.0]},"faces":{"down":{"uv":[4.871,14.004,4.754,14.121],"rotation":0,"texture":"#890d1a62-ddf7-6aaf-ef13-0f7d8b74ad58","tintindex":0},"east":{"uv":[2.254,12.629,2.371,12.996],"rotation":0,"texture":"#890d1a62-ddf7-6aaf-ef13-0f7d8b74ad58","tintindex":0},"north":{"uv":[1.504,12.629,1.621,12.996],"rotation":0,"texture":"#890d1a62-ddf7-6aaf-ef13-0f7d8b74ad58","tintindex":0},"south":{"uv":[12.629,2.254,12.746,2.621],"rotation":0,"texture":"#890d1a62-ddf7-6aaf-ef13-0f7d8b74ad58","tintindex":0},"up":{"uv":[4.621,14.121,4.504,14.004],"rotation":0,"texture":"#890d1a62-ddf7-6aaf-ef13-0f7d8b74ad58","tintindex":0},"west":{"uv":[2.504,12.629,2.621,12.996],"rotation":0,"texture":"#890d1a62-ddf7-6aaf-ef13-0f7d8b74ad58","tintindex":0}}},{"name":"right arm","from":[6.32694,5.7367716,6.8599997],"to":[8.42694,6.336772,6.95],"rotation":{"angle":0.0,"axis":"x","origin":[1.2269399,4.9867716,11.900001]},"faces":{"down":{"uv":[12.496,2.254,12.004,2.371],"rotation":0,"texture":"#890d1a62-ddf7-6aaf-ef13-0f7d8b74ad58","tintindex":0},"east":{"uv":[14.004,4.004,14.121,4.121],"rotation":0,"texture":"#890d1a62-ddf7-6aaf-ef13-0f7d8b74ad58","tintindex":0},"north":{"uv":[11.879,7.754,12.371,7.871],"rotation":0,"texture":"#890d1a62-ddf7-6aaf-ef13-0f7d8b74ad58","tintindex":0},"south":{"uv":[10.129,11.879,10.621,11.996],"rotation":0,"texture":"#890d1a62-ddf7-6aaf-ef13-0f7d8b74ad58","tintindex":0},"up":{"uv":[12.121,11.996,11.629,11.879],"rotation":0,"texture":"#890d1a62-ddf7-6aaf-ef13-0f7d8b74ad58","tintindex":0},"west":{"uv":[14.004,4.254,14.121,4.371],"rotation":0,"texture":"#890d1a62-ddf7-6aaf-ef13-0f7d8b74ad58","tintindex":0}}},{"name":"right arm","from":[6.32694,5.7367716,9.05],"to":[8.42694,6.336772,9.139999],"rotation":{"angle":0.0,"axis":"x","origin":[1.2269399,4.9867716,11.900001]},"faces":{"down":{"uv":[7.871,11.879,7.379,11.996],"rotation":0,"texture":"#890d1a62-ddf7-6aaf-ef13-0f7d8b74ad58","tintindex":0},"east":{"uv":[3.754,14.004,3.871,14.121],"rotation":0,"texture":"#890d1a62-ddf7-6aaf-ef13-0f7d8b74ad58","tintindex":0},"north":{"uv":[11.879,5.504,12.371,5.621],"rotation":0,"texture":"#890d1a62-ddf7-6aaf-ef13-0f7d8b74ad58","tintindex":0},"south":{"uv":[11.879,5.754,12.371,5.871],"rotation":0,"texture":"#890d1a62-ddf7-6aaf-ef13-0f7d8b74ad58","tintindex":0},"up":{"uv":[6.496,11.996,6.004,11.879],"rotation":0,"texture":"#890d1a62-ddf7-6aaf-ef13-0f7d8b74ad58","tintindex":0},"west":{"uv":[4.004,14.004,4.121,14.121],"rotation":0,"texture":"#890d1a62-ddf7-6aaf-ef13-0f7d8b74ad58","tintindex":0}}},{"name":"right arm","from":[8.42694,5.7367716,6.95],"to":[8.51694,6.336772,9.05],"rotation":{"angle":0.0,"axis":"x","origin":[7.07694,4.9867716,9.950001]},"faces":{"down":{"uv":[10.996,11.754,10.879,12.246],"rotation":0,"texture":"#890d1a62-ddf7-6aaf-ef13-0f7d8b74ad58","tintindex":0},"east":{"uv":[2.504,11.879,2.996,11.996],"rotation":0,"texture":"#890d1a62-ddf7-6aaf-ef13-0f7d8b74ad58","tintindex":0},"north":{"uv":[3.504,14.004,3.621,14.121],"rotation":0,"texture":"#890d1a62-ddf7-6aaf-ef13-0f7d8b74ad58","tintindex":0},"south":{"uv":[14.004,3.504,14.121,3.621],"rotation":0,"texture":"#890d1a62-ddf7-6aaf-ef13-0f7d8b74ad58","tintindex":0},"up":{"uv":[9.621,12.246,9.504,11.754],"rotation":0,"texture":"#890d1a62-ddf7-6aaf-ef13-0f7d8b74ad58","tintindex":0},"west":{"uv":[11.879,4.379,12.371,4.496],"rotation":0,"texture":"#890d1a62-ddf7-6aaf-ef13-0f7d8b74ad58","tintindex":0}}},{"name":"right arm","from":[6.2369404,5.7367716,6.95],"to":[6.32694,6.336772,9.05],"rotation":{"angle":0.0,"axis":"x","origin":[7.07694,4.9867716,9.950001]},"faces":{"down":{"uv":[6.746,11.754,6.629,12.246],"rotation":0,"texture":"#890d1a62-ddf7-6aaf-ef13-0f7d8b74ad58","tintindex":0},"east":{"uv":[11.879,0.629,12.371,0.746],"rotation":0,"texture":"#890d1a62-ddf7-6aaf-ef13-0f7d8b74ad58","tintindex":0},"north":{"uv":[3.254,14.004,3.371,14.121],"rotation":0,"texture":"#890d1a62-ddf7-6aaf-ef13-0f7d8b74ad58","tintindex":0},"south":{"uv":[14.004,3.254,14.121,3.371],"rotation":0,"texture":"#890d1a62-ddf7-6aaf-ef13-0f7d8b74ad58","tintindex":0},"up":{"uv":[4.871,12.246,4.754,11.754],"rotation":0,"texture":"#890d1a62-ddf7-6aaf-ef13-0f7d8b74ad58","tintindex":0},"west":{"uv":[1.629,11.879,2.121,11.996],"rotation":0,"texture":"#890d1a62-ddf7-6aaf-ef13-0f7d8b74ad58","tintindex":0}}},{"name":"right arm","from":[6.32694,6.9367714,6.8599997],"to":[8.42694,7.536772,6.95],"rotation":{"angle":0.0,"axis":"x","origin":[1.2269399,6.1867714,11.900001]},"faces":{"down":{"uv":[12.371,0.004,11.879,0.121],"rotation":0,"texture":"#890d1a62-ddf7-6aaf-ef13-0f7d8b74ad58","tintindex":0},"east":{"uv":[2.254,14.004,2.371,14.121],"rotation":0,"texture":"#890d1a62-ddf7-6aaf-ef13-0f7d8b74ad58","tintindex":0},"north":{"uv":[11.754,10.004,12.246,10.121],"rotation":0,"texture":"#890d1a62-ddf7-6aaf-ef13-0f7d8b74ad58","tintindex":0},"south":{"uv":[11.754,10.254,12.246,10.371],"rotation":0,"texture":"#890d1a62-ddf7-6aaf-ef13-0f7d8b74ad58","tintindex":0},"up":{"uv":[0.496,11.996,0.004,11.879],"rotation":0,"texture":"#890d1a62-ddf7-6aaf-ef13-0f7d8b74ad58","tintindex":0},"west":{"uv":[2.504,14.004,2.621,14.121],"rotation":0,"texture":"#890d1a62-ddf7-6aaf-ef13-0f7d8b74ad58","tintindex":0}}},{"name":"right arm","from":[6.2369404,6.9367714,6.95],"to":[6.32694,7.536772,9.05],"rotation":{"angle":0.0,"axis":"x","origin":[7.07694,6.1867714,9.950001]},"faces":{"down":{"uv":[3.246,11.754,3.129,12.246],"rotation":0,"texture":"#890d1a62-ddf7-6aaf-ef13-0f7d8b74ad58","tintindex":0},"east":{"uv":[11.754,9.254,12.246,9.371],"rotation":0,"texture":"#890d1a62-ddf7-6aaf-ef13-0f7d8b74ad58","tintindex":0},"north":{"uv":[1.754,14.004,1.871,14.121],"rotation":0,"texture":"#890d1a62-ddf7-6aaf-ef13-0f7d8b74ad58","tintindex":0},"south":{"uv":[2.004,14.004,2.121,14.121],"rotation":0,"texture":"#890d1a62-ddf7-6aaf-ef13-0f7d8b74ad58","tintindex":0},"up":{"uv":[2.371,12.246,2.254,11.754],"rotation":0,"texture":"#890d1a62-ddf7-6aaf-ef13-0f7d8b74ad58","tintindex":0},"west":{"uv":[11.754,9.504,12.246,9.621],"rotation":0,"texture":"#890d1a62-ddf7-6aaf-ef13-0f7d8b74ad58","tintindex":0}}},{"name":"right arm","from":[8.42694,6.9367714,6.95],"to":[8.51694,7.536772,9.05],"rotation":{"angle":0.0,"axis":"x","origin":[7.07694,6.1867714,9.950001]},"faces":{"down":{"uv":[0.746,11.754,0.629,12.246],"rotation":0,"texture":"#890d1a62-ddf7-6aaf-ef13-0f7d8b74ad58","tintindex":0},"east":{"uv":[11.754,8.754,12.246,8.871],"rotation":0,"texture":"#890d1a62-ddf7-6aaf-ef13-0f7d8b74ad58","tintindex":0},"north":{"uv":[1.504,14.004,1.621,14.121],"rotation":0,"texture":"#890d1a62-ddf7-6aaf-ef13-0f7d8b74ad58","tintindex":0},"south":{"uv":[14.004,1.504,14.121,1.621],"rotation":0,"texture":"#890d1a62-ddf7-6aaf-ef13-0f7d8b74ad58","tintindex":0},"up":{"uv":[8.621,12.121,8.504,11.629],"rotation":0,"texture":"#890d1a62-ddf7-6aaf-ef13-0f7d8b74ad58","tintindex":0},"west":{"uv":[11.754,9.004,12.246,9.121],"rotation":0,"texture":"#890d1a62-ddf7-6aaf-ef13-0f7d8b74ad58","tintindex":0}}},{"name":"right arm","from":[6.32694,6.9367714,9.05],"to":[8.42694,7.536772,9.139999],"rotation":{"angle":0.0,"axis":"x","origin":[1.2269399,6.1867714,11.900001]},"faces":{"down":{"uv":[12.246,8.129,11.754,8.246],"rotation":0,"texture":"#890d1a62-ddf7-6aaf-ef13-0f7d8b74ad58","tintindex":0},"east":{"uv":[1.004,14.004,1.121,14.121],"rotation":0,"texture":"#890d1a62-ddf7-6aaf-ef13-0f7d8b74ad58","tintindex":0},"north":{"uv":[11.754,3.254,12.246,3.371],"rotation":0,"texture":"#890d1a62-ddf7-6aaf-ef13-0f7d8b74ad58","tintindex":0},"south":{"uv":[11.754,4.754,12.246,4.871],"rotation":0,"texture":"#890d1a62-ddf7-6aaf-ef13-0f7d8b74ad58","tintindex":0},"up":{"uv":[12.246,5.121,11.754,5.004],"rotation":0,"texture":"#890d1a62-ddf7-6aaf-ef13-0f7d8b74ad58","tintindex":0},"west":{"uv":[1.254,14.004,1.371,14.121],"rotation":0,"texture":"#890d1a62-ddf7-6aaf-ef13-0f7d8b74ad58","tintindex":0}}},{"name":"right arm","from":[8.43265,7.20807,7.25],"to":[8.732649,8.40807,7.85],"rotation":{"angle":22.5,"axis":"z","origin":[8.657649,7.20807,8.45]},"faces":{"down":{"uv":[0.871,14.004,0.754,14.121],"rotation":0,"texture":"#890d1a62-ddf7-6aaf-ef13-0f7d8b74ad58","tintindex":0},"east":{"uv":[10.629,13.129,10.746,13.371],"rotation":0,"texture":"#890d1a62-ddf7-6aaf-ef13-0f7d8b74ad58","tintindex":0},"north":{"uv":[10.379,13.129,10.496,13.371],"rotation":0,"texture":"#890d1a62-ddf7-6aaf-ef13-0f7d8b74ad58","tintindex":0},"south":{"uv":[10.879,13.129,10.996,13.371],"rotation":0,"texture":"#890d1a62-ddf7-6aaf-ef13-0f7d8b74ad58","tintindex":0},"up":{"uv":[0.621,14.121,0.504,14.004],"rotation":0,"texture":"#890d1a62-ddf7-6aaf-ef13-0f7d8b74ad58","tintindex":0},"west":{"uv":[11.129,13.129,11.246,13.371],"rotation":0,"texture":"#890d1a62-ddf7-6aaf-ef13-0f7d8b74ad58","tintindex":0}}},{"name":"right arm","from":[8.43265,7.20807,8.15],"to":[8.732649,8.40807,8.75],"rotation":{"angle":22.5,"axis":"z","origin":[8.657649,7.20807,8.45]},"faces":{"down":{"uv":[14.121,0.254,14.004,0.371],"rotation":0,"texture":"#890d1a62-ddf7-6aaf-ef13-0f7d8b74ad58","tintindex":0},"east":{"uv":[8.879,13.129,8.996,13.371],"rotation":0,"texture":"#890d1a62-ddf7-6aaf-ef13-0f7d8b74ad58","tintindex":0},"north":{"uv":[7.129,13.129,7.246,13.371],"rotation":0,"texture":"#890d1a62-ddf7-6aaf-ef13-0f7d8b74ad58","tintindex":0},"south":{"uv":[9.879,13.129,9.996,13.371],"rotation":0,"texture":"#890d1a62-ddf7-6aaf-ef13-0f7d8b74ad58","tintindex":0},"up":{"uv":[0.371,14.121,0.254,14.004],"rotation":0,"texture":"#890d1a62-ddf7-6aaf-ef13-0f7d8b74ad58","tintindex":0},"west":{"uv":[10.129,13.129,10.246,13.371],"rotation":0,"texture":"#890d1a62-ddf7-6aaf-ef13-0f7d8b74ad58","tintindex":0}}},{"name":"right arm","from":[8.42694,5.4367714,8.15],"to":[8.72694,7.2367716,8.75],"rotation":{"angle":0.0,"axis":"x","origin":[4.22694,-2.3632288,8.0]},"faces":{"down":{"uv":[14.121,0.004,14.004,0.121],"rotation":0,"texture":"#890d1a62-ddf7-6aaf-ef13-0f7d8b74ad58","tintindex":0},"east":{"uv":[12.504,12.129,12.621,12.496],"rotation":0,"texture":"#890d1a62-ddf7-6aaf-ef13-0f7d8b74ad58","tintindex":0},"north":{"uv":[8.254,12.504,8.371,12.871],"rotation":0,"texture":"#890d1a62-ddf7-6aaf-ef13-0f7d8b74ad58","tintindex":0},"south":{"uv":[1.004,12.629,1.121,12.996],"rotation":0,"texture":"#890d1a62-ddf7-6aaf-ef13-0f7d8b74ad58","tintindex":0},"up":{"uv":[13.996,13.996,13.879,13.879],"rotation":0,"texture":"#890d1a62-ddf7-6aaf-ef13-0f7d8b74ad58","tintindex":0},"west":{"uv":[1.254,12.629,1.371,12.996],"rotation":0,"texture":"#890d1a62-ddf7-6aaf-ef13-0f7d8b74ad58","tintindex":0}}}],"display":{"head":{"translation":[0.0,-6.4,0.0],"rotation":[0.0,0.0,0.0],"scale":[3.8095,3.8095,3.8095]},"gui":{"translation":[0.0,0.0,0.0],"rotation":[35.0,225.0,0.0],"scale":[0.625,0.625,0.625]}}}