{
	"credit": "Made with Blockbench",
	"texture_size": [128, 128],
	"textures": {
		"0": "ahsoka_head_tails",
		"particle": "ahsoka_head_tails"
	},
	"elements": [
		{
			"name": "hexadecagon",
			"from": [6.4087, 13, -1],
			"to": [9.5913, 15, 7],
			"rotation": {"angle": -45, "axis": "y", "origin": [8, 14, 7]},
			"faces": {
				"north": {"uv": [2.25, 7.375, 2.65625, 7.625], "texture": "#0"},
				"east": {"uv": [9.125, 3.75, 10.125, 4], "texture": "#0"},
				"south": {"uv": [7.375, 6.375, 7.78125, 6.625], "texture": "#0"},
				"west": {"uv": [5.5, 9.125, 6.5, 9.375], "texture": "#0"},
				"up": {"uv": [8.53125, 5.125, 8.125, 4.125], "texture": "#0"},
				"down": {"uv": [5.03125, 8.125, 4.625, 9.125], "texture": "#0"}
			}
		},
		{
			"name": "hexadecagon",
			"from": [6.4087, 13, -1],
			"to": [9.5913, 15, 8],
			"rotation": {"angle": -22.5, "axis": "y", "origin": [8, 14, 7]},
			"faces": {
				"north": {"uv": [7.5, 5.375, 7.90625, 5.625], "texture": "#0"},
				"east": {"uv": [8.75, 0.625, 9.875, 0.875], "texture": "#0"},
				"south": {"uv": [3, 7.625, 3.40625, 7.875], "texture": "#0"},
				"west": {"uv": [8.875, 2.5, 10, 2.75], "texture": "#0"},
				"up": {"uv": [4.53125, 8.875, 4.125, 7.75], "texture": "#0"},
				"down": {"uv": [7.15625, 7.75, 6.75, 8.875], "texture": "#0"}
			}
		},
		{
			"name": "hexadecagon",
			"from": [6.4087, 13, -1],
			"to": [9.5913, 15, 8],
			"rotation": {"angle": 0, "axis": "x", "origin": [8, 14, 7]},
			"faces": {
				"north": {"uv": [10.125, 1, 10.53125, 1.25], "texture": "#0"},
				"east": {"uv": [6.125, 8.875, 7.25, 9.125], "texture": "#0"},
				"south": {"uv": [10.125, 3.5, 10.53125, 3.75], "texture": "#0"},
				"west": {"uv": [7.25, 9, 8.375, 9.25], "texture": "#0"},
				"up": {"uv": [7.65625, 9, 7.25, 7.875], "texture": "#0"},
				"down": {"uv": [8.15625, 7.875, 7.75, 9], "texture": "#0"}
			}
		},
		{
			"name": "hexadecagon",
			"from": [6.4087, 15, -1],
			"to": [9.5913, 18, 0],
			"rotation": {"angle": 0, "axis": "x", "origin": [8, 14, 7]},
			"faces": {
				"north": {"uv": [3.5, 6.375, 3.90625, 6.75], "texture": "#0"},
				"east": {"uv": [4, 2.875, 4.125, 3.25], "texture": "#0"},
				"south": {"uv": [6.25, 9.5, 6.65625, 9.875], "texture": "#0"},
				"west": {"uv": [4, 4.25, 4.125, 4.625], "texture": "#0"},
				"up": {"uv": [4.78125, 2, 4.375, 1.875], "texture": "#0"},
				"down": {"uv": [5.28125, 1.875, 4.875, 2], "texture": "#0"}
			}
		},
		{
			"name": "hexadecagon",
			"from": [6.4087, 13, -1],
			"to": [9.5913, 15, 7],
			"rotation": {"angle": 22.5, "axis": "y", "origin": [8, 14, 7]},
			"faces": {
				"north": {"uv": [3.625, 10.125, 4.03125, 10.375], "texture": "#0"},
				"east": {"uv": [9.125, 6.375, 10.125, 6.625], "texture": "#0"},
				"south": {"uv": [10.125, 3.75, 10.53125, 4], "texture": "#0"},
				"west": {"uv": [9.125, 6.625, 10.125, 6.875], "texture": "#0"},
				"up": {"uv": [5.53125, 9.125, 5.125, 8.125], "texture": "#0"},
				"down": {"uv": [8.53125, 5.125, 8.125, 6.125], "texture": "#0"}
			}
		},
		{
			"name": "hexadecagon",
			"from": [6.4087, 15, -1],
			"to": [9.5913, 17, 0],
			"rotation": {"angle": 22.5, "axis": "y", "origin": [8, 14, 7]},
			"faces": {
				"north": {"uv": [4.125, 10.125, 4.53125, 10.375], "texture": "#0"},
				"east": {"uv": [4, 4.625, 4.125, 4.875], "texture": "#0"},
				"south": {"uv": [4.625, 10.125, 5.03125, 10.375], "texture": "#0"},
				"west": {"uv": [4, 4.875, 4.125, 5.125], "texture": "#0"},
				"up": {"uv": [5.65625, 1.25, 5.25, 1.125], "texture": "#0"},
				"down": {"uv": [6.28125, 4, 5.875, 4.125], "texture": "#0"}
			}
		},
		{
			"name": "hexadecagon",
			"from": [6.4087, 15, -1],
			"to": [9.5913, 17, 0],
			"rotation": {"angle": -22.5, "axis": "y", "origin": [8, 14, 7]},
			"faces": {
				"north": {"uv": [10.125, 5.25, 10.53125, 5.5], "texture": "#0"},
				"east": {"uv": [4, 5.125, 4.125, 5.375], "texture": "#0"},
				"south": {"uv": [10.125, 5.5, 10.53125, 5.75], "texture": "#0"},
				"west": {"uv": [5.375, 6.25, 5.5, 6.5], "texture": "#0"},
				"up": {"uv": [6.78125, 4.125, 6.375, 4], "texture": "#0"},
				"down": {"uv": [7.28125, 0.5, 6.875, 0.625], "texture": "#0"}
			}
		},
		{
			"name": "hexadecagon",
			"from": [6.4087, 13, -1],
			"to": [9.5913, 15, 7],
			"rotation": {"angle": 45, "axis": "y", "origin": [8, 14, 7]},
			"faces": {
				"north": {"uv": [10.125, 5.75, 10.53125, 6], "texture": "#0"},
				"east": {"uv": [9.125, 6.875, 10.125, 7.125], "texture": "#0"},
				"south": {"uv": [10.125, 6.25, 10.53125, 6.5], "texture": "#0"},
				"west": {"uv": [9.125, 7.125, 10.125, 7.375], "texture": "#0"},
				"up": {"uv": [6.03125, 9.125, 5.625, 8.125], "texture": "#0"},
				"down": {"uv": [8.65625, 0, 8.25, 1], "texture": "#0"}
			}
		},
		{
			"name": "hexadecagon",
			"from": [6.4087, 15, -1],
			"to": [9.5913, 17, 0],
			"rotation": {"angle": 45, "axis": "y", "origin": [8, 14, 7]},
			"faces": {
				"north": {"uv": [10.125, 6.5, 10.53125, 6.75], "texture": "#0"},
				"east": {"uv": [5.375, 6.5, 5.5, 6.75], "texture": "#0"},
				"south": {"uv": [10.125, 6.75, 10.53125, 7], "texture": "#0"},
				"west": {"uv": [5.375, 6.75, 5.5, 7], "texture": "#0"},
				"up": {"uv": [8.65625, 2.625, 8.25, 2.5], "texture": "#0"},
				"down": {"uv": [8.78125, 7.75, 8.375, 7.875], "texture": "#0"}
			}
		},
		{
			"name": "hexadecagon",
			"from": [6.4087, 15, -1],
			"to": [9.5913, 17, 0],
			"rotation": {"angle": -45, "axis": "y", "origin": [8, 14, 7]},
			"faces": {
				"north": {"uv": [10.125, 7, 10.53125, 7.25], "texture": "#0"},
				"east": {"uv": [6.625, 7, 6.75, 7.25], "texture": "#0"},
				"south": {"uv": [7.125, 10.125, 7.53125, 10.375], "texture": "#0"},
				"west": {"uv": [6.625, 7.25, 6.75, 7.5], "texture": "#0"},
				"up": {"uv": [9.03125, 6.125, 8.625, 6], "texture": "#0"},
				"down": {"uv": [9.03125, 7, 8.625, 7.125], "texture": "#0"}
			}
		},
		{
			"name": "hexadecagon",
			"from": [0, 13, 5.4087],
			"to": [8, 15, 8.5913],
			"rotation": {"angle": -22.5, "axis": "y", "origin": [8, 14, 7]},
			"faces": {
				"north": {"uv": [9.125, 7.375, 10.125, 7.625], "texture": "#0"},
				"east": {"uv": [10.125, 7.25, 10.53125, 7.5], "texture": "#0"},
				"south": {"uv": [9.125, 8.5, 10.125, 8.75], "texture": "#0"},
				"west": {"uv": [10.125, 7.5, 10.53125, 7.75], "texture": "#0"},
				"up": {"uv": [9.25, 1.40625, 8.25, 1], "texture": "#0"},
				"down": {"uv": [9.25, 1.5, 8.25, 1.90625], "texture": "#0"}
			}
		},
		{
			"name": "hexadecagon",
			"from": [0, 13, 5.4087],
			"to": [16, 15, 8.5913],
			"rotation": {"angle": 0, "axis": "x", "origin": [8, 14, 7]},
			"faces": {
				"north": {"uv": [6, 1.625, 8, 1.875], "texture": "#0"},
				"east": {"uv": [7.625, 10.125, 8.03125, 10.375], "texture": "#0"},
				"south": {"uv": [7.125, 2.875, 9.125, 3.125], "texture": "#0"},
				"west": {"uv": [10.125, 7.75, 10.53125, 8], "texture": "#0"},
				"up": {"uv": [7.5, 5.03125, 5.5, 4.625], "texture": "#0"},
				"down": {"uv": [7.5, 5.125, 5.5, 5.53125], "texture": "#0"}
			}
		},
		{
			"name": "hexadecagon",
			"from": [0, 7.32122, 5.94154],
			"to": [16, 13.50381, 7.94154],
			"rotation": {"angle": -22.5, "axis": "x", "origin": [8, 11.91251, 6.94154]},
			"faces": {
				"north": {"uv": [0, 2.5, 2, 3.28125], "texture": "#0"},
				"east": {"uv": [4.75, 5.375, 5, 6.15625], "texture": "#0"},
				"south": {"uv": [2, 2.5, 4, 3.28125], "texture": "#0"},
				"west": {"uv": [0.75, 9.375, 1, 10.15625], "texture": "#0"},
				"up": {"uv": [9.125, 3.375, 7.125, 3.125], "texture": "#0"},
				"down": {"uv": [9.125, 3.375, 7.125, 3.625], "texture": "#0"}
			}
		},
		{
			"name": "hexadecagon",
			"from": [8, 13, 5.4087],
			"to": [16, 15, 8.5913],
			"rotation": {"angle": 22.5, "axis": "y", "origin": [8, 14, 7]},
			"faces": {
				"north": {"uv": [9.125, 8.75, 10.125, 9], "texture": "#0"},
				"east": {"uv": [10.125, 8.375, 10.53125, 8.625], "texture": "#0"},
				"south": {"uv": [9.25, 0, 10.25, 0.25], "texture": "#0"},
				"west": {"uv": [10.125, 8.625, 10.53125, 8.875], "texture": "#0"},
				"up": {"uv": [2.875, 8.65625, 1.875, 8.25], "texture": "#0"},
				"down": {"uv": [9.25, 2, 8.25, 2.40625], "texture": "#0"}
			}
		},
		{
			"name": "hexadecagon",
			"from": [9.1587, 16.5, -0.6],
			"to": [10.1587, 17.5, 0.4],
			"rotation": {"angle": -45, "axis": "z", "origin": [8, 14, 7]},
			"faces": {
				"north": {"uv": [4, 3.25, 4.125, 3.375], "texture": "#0"},
				"east": {"uv": [7.375, 0.5, 7.5, 0.625], "texture": "#0"},
				"south": {"uv": [7.5, 2.375, 7.625, 2.5], "texture": "#0"},
				"west": {"uv": [7.5, 2.5, 7.625, 2.625], "texture": "#0"},
				"up": {"uv": [4.75, 7.875, 4.625, 7.75], "texture": "#0"},
				"down": {"uv": [4.75, 7.875, 4.625, 8], "texture": "#0"}
			}
		},
		{
			"name": "hexadecagon",
			"from": [5.8413, 16.5, -0.6],
			"to": [6.8413, 17.5, 0.4],
			"rotation": {"angle": 45, "axis": "z", "origin": [8, 14, 7]},
			"faces": {
				"north": {"uv": [7.875, 6.375, 8, 6.5], "texture": "#0"},
				"east": {"uv": [7.875, 6.5, 8, 6.625], "texture": "#0"},
				"south": {"uv": [4.625, 8, 4.75, 8.125], "texture": "#0"},
				"west": {"uv": [8, 5.375, 8.125, 5.5], "texture": "#0"},
				"up": {"uv": [8.125, 5.625, 8, 5.5], "texture": "#0"},
				"down": {"uv": [8.25, 0, 8.125, 0.125], "texture": "#0"}
			}
		},
		{
			"name": "hexadecagon",
			"from": [7.8413, 14.9, -1.3],
			"to": [9.8413, 15.9, -0.3],
			"rotation": {"angle": 45, "axis": "z", "origin": [8, 14, 7]},
			"faces": {
				"north": {"uv": [5.75, 1.125, 6, 1.25], "texture": "#0"},
				"east": {"uv": [8.125, 0.125, 8.25, 0.25], "texture": "#0"},
				"south": {"uv": [6.875, 4, 7.125, 4.125], "texture": "#0"},
				"west": {"uv": [8.125, 0.25, 8.25, 0.375], "texture": "#0"},
				"up": {"uv": [1.5, 8.125, 1.25, 8], "texture": "#0"},
				"down": {"uv": [2.125, 8.125, 1.875, 8.25], "texture": "#0"}
			}
		},
		{
			"name": "hexadecagon",
			"from": [7.8413, 13.9, -1.3],
			"to": [9.8413, 14.9, -0.3],
			"rotation": {"angle": 45, "axis": "z", "origin": [8, 14, 7]},
			"faces": {
				"north": {"uv": [8.75, 0.875, 9, 1], "texture": "#0"},
				"east": {"uv": [8.125, 0.375, 8.25, 0.5], "texture": "#0"},
				"south": {"uv": [1, 8.75, 1.25, 8.875], "texture": "#0"},
				"west": {"uv": [2.125, 8.125, 2.25, 8.25], "texture": "#0"},
				"up": {"uv": [9.125, 2.875, 8.875, 2.75], "texture": "#0"},
				"down": {"uv": [9.25, 0.875, 9, 1], "texture": "#0"}
			}
		},
		{
			"name": "hexadecagon",
			"from": [2.5, 15, 1.2261],
			"to": [13.25, 17, 2.4087],
			"rotation": {"angle": 0, "axis": "x", "origin": [8, 14, 7.0174]},
			"faces": {
				"north": {"uv": [7.5, 2.625, 8.84375, 2.875], "texture": "#0"},
				"east": {"uv": [10.375, 1.5, 10.53125, 1.75], "texture": "#0"},
				"south": {"uv": [8.125, 6.125, 9.46875, 6.375], "texture": "#0"},
				"west": {"uv": [10.375, 1.75, 10.53125, 2], "texture": "#0"},
				"up": {"uv": [10.59375, 5.15625, 9.25, 5], "texture": "#0"},
				"down": {"uv": [10.59375, 9, 9.25, 9.15625], "texture": "#0"}
			}
		},
		{
			"name": "hexadecagon",
			"from": [-1, 15, 2.4087],
			"to": [17, 17, 5.5913],
			"rotation": {"angle": 0, "axis": "x", "origin": [8, 14, 7]},
			"faces": {
				"north": {"uv": [6, 1.125, 8.25, 1.375], "texture": "#0"},
				"east": {"uv": [9.375, 10.125, 9.78125, 10.375], "texture": "#0"},
				"south": {"uv": [6, 1.375, 8.25, 1.625], "texture": "#0"},
				"west": {"uv": [10.125, 9.625, 10.53125, 9.875], "texture": "#0"},
				"up": {"uv": [7.5, 1.03125, 5.25, 0.625], "texture": "#0"},
				"down": {"uv": [7.625, 1.875, 5.375, 2.28125], "texture": "#0"}
			}
		},
		{
			"name": "hexadecagon",
			"from": [-4, 1.32122, 7.94154],
			"to": [1, 11.50381, 13.94154],
			"rotation": {"angle": 22.5, "axis": "x", "origin": [8, 11.91251, 6.94154]},
			"faces": {
				"north": {"uv": [2.25, 5.5, 2.875, 6.78125], "texture": "#0"},
				"east": {"uv": [4, 5.375, 4.75, 6.65625], "texture": "#0"},
				"south": {"uv": [2.875, 5.5, 3.5, 6.78125], "texture": "#0"},
				"west": {"uv": [0, 5.5, 0.75, 6.78125], "texture": "#0"},
				"up": {"uv": [5.375, 8.125, 4.75, 7.375], "texture": "#0"},
				"down": {"uv": [8.125, 4.625, 7.5, 5.375], "texture": "#0"}
			}
		},
		{
			"name": "hexadecagon",
			"from": [-3, -3.80611, 10.87294],
			"to": [1, 4.37649, 15.87294],
			"rotation": {"angle": 45, "axis": "x", "origin": [10, 10.78519, 6.87294]},
			"faces": {
				"north": {"uv": [6.75, 6.625, 7.25, 7.65625], "texture": "#0"},
				"east": {"uv": [5.875, 2.875, 6.5, 3.90625], "texture": "#0"},
				"south": {"uv": [0, 6.875, 0.5, 7.90625], "texture": "#0"},
				"west": {"uv": [4.75, 6.25, 5.375, 7.28125], "texture": "#0"},
				"up": {"uv": [9.125, 7, 8.625, 6.375], "texture": "#0"},
				"down": {"uv": [0.5, 8.75, 0, 9.375], "texture": "#0"}
			}
		},
		{
			"name": "hexadecagon",
			"from": [-2, -4.57666, 2.52343],
			"to": [1, -1.39407, 5.52343],
			"rotation": {"angle": 22.5, "axis": "x", "origin": [10, 6.01463, -1.47657]},
			"faces": {
				"north": {"uv": [6.75, 9.5, 7.125, 9.90625], "texture": "#0"},
				"east": {"uv": [1, 9.625, 1.375, 10.03125], "texture": "#0"},
				"south": {"uv": [3.625, 9.625, 4, 10.03125], "texture": "#0"},
				"west": {"uv": [4, 9.625, 4.375, 10.03125], "texture": "#0"},
				"up": {"uv": [4.125, 8.875, 3.75, 8.5], "texture": "#0"},
				"down": {"uv": [10.125, 3.25, 9.75, 3.625], "texture": "#0"}
			}
		},
		{
			"name": "hexadecagon",
			"from": [-2, -7.48378, -1.83416],
			"to": [1, -5.30118, 1.16584],
			"rotation": {"angle": 0, "axis": "x", "origin": [10, 2.10752, -5.83416]},
			"faces": {
				"north": {"uv": [0.375, 10, 0.75, 10.28125], "texture": "#0"},
				"east": {"uv": [10, 9.25, 10.375, 9.53125], "texture": "#0"},
				"south": {"uv": [10.125, 0.25, 10.5, 0.53125], "texture": "#0"},
				"west": {"uv": [10.125, 0.625, 10.5, 0.90625], "texture": "#0"},
				"up": {"uv": [10.125, 5.625, 9.75, 5.25], "texture": "#0"},
				"down": {"uv": [10.125, 5.625, 9.75, 6], "texture": "#0"}
			}
		},
		{
			"name": "hexadecagon",
			"from": [-5, 7.96964, 7.70902],
			"to": [6, 17.96964, 14.70902],
			"rotation": {"angle": 0, "axis": "x", "origin": [8, 18.56094, -6.29098]},
			"faces": {
				"north": {"uv": [0, 0, 1.375, 1.25], "texture": "#0"},
				"east": {"uv": [4.125, 2.875, 5, 4.125], "texture": "#0"},
				"south": {"uv": [0, 1.25, 1.375, 2.5], "texture": "#0"},
				"west": {"uv": [4.125, 4.125, 5, 5.375], "texture": "#0"},
				"up": {"uv": [1.375, 4.25, 0, 3.375], "texture": "#0"},
				"down": {"uv": [2.75, 3.375, 1.375, 4.25], "texture": "#0"}
			}
		},
		{
			"name": "hexadecagon",
			"from": [-1, 16.16964, 5.55902],
			"to": [6, 19.35224, 15.55902],
			"rotation": {"angle": 0, "axis": "x", "origin": [8, 18.56094, -6.29098]},
			"faces": {
				"north": {"uv": [8.25, 3.625, 9.125, 4.03125], "texture": "#0"},
				"east": {"uv": [2.75, 2, 4, 2.40625], "texture": "#0"},
				"south": {"uv": [2.875, 8.5, 3.75, 8.90625], "texture": "#0"},
				"west": {"uv": [6.875, 0, 8.125, 0.40625], "texture": "#0"},
				"up": {"uv": [0.875, 5.5, 0, 4.25], "texture": "#0"},
				"down": {"uv": [1.75, 4.25, 0.875, 5.5], "texture": "#0"}
			}
		},
		{
			"name": "hexadecagon",
			"from": [0, 19.56964, 8.55902],
			"to": [6, 24.75224, 13.55902],
			"rotation": {"angle": 22.5, "axis": "z", "origin": [8, 18.56094, -6.29098]},
			"faces": {
				"north": {"uv": [2.75, 6.875, 3.5, 7.53125], "texture": "#0"},
				"east": {"uv": [0, 8, 0.625, 8.65625], "texture": "#0"},
				"south": {"uv": [7.25, 6.625, 8, 7.28125], "texture": "#0"},
				"west": {"uv": [0.625, 8, 1.25, 8.65625], "texture": "#0"},
				"up": {"uv": [8.25, 1.125, 7.5, 0.5], "texture": "#0"},
				"down": {"uv": [6.125, 7.5, 5.375, 8.125], "texture": "#0"}
			}
		},
		{
			"name": "hexadecagon",
			"from": [4, 25.56964, 9.55902],
			"to": [7, 29.75224, 12.55902],
			"rotation": {"angle": 45, "axis": "z", "origin": [8, 18.56094, -6.29098]},
			"faces": {
				"north": {"uv": [3.75, 7.875, 4.125, 8.40625], "texture": "#0"},
				"east": {"uv": [1.5, 8.875, 1.875, 9.40625], "texture": "#0"},
				"south": {"uv": [9.25, 9.25, 9.625, 9.78125], "texture": "#0"},
				"west": {"uv": [0, 9.375, 0.375, 9.90625], "texture": "#0"},
				"up": {"uv": [7.875, 10.125, 7.5, 9.75], "texture": "#0"},
				"down": {"uv": [10.125, 7.625, 9.75, 8], "texture": "#0"}
			}
		},
		{
			"name": "hexadecagon",
			"from": [-4.9413, 19.81094, 10.30902],
			"to": [-2.0087, 21.31094, 11.80902],
			"rotation": {"angle": -22.5, "axis": "z", "origin": [8, 18.56094, -6.29098]},
			"faces": {
				"north": {"uv": [8, 7.125, 8.375, 7.3125], "texture": "#0"},
				"east": {"uv": [10.375, 2, 10.5625, 2.1875], "texture": "#0"},
				"south": {"uv": [4.25, 8.875, 4.625, 9.0625], "texture": "#0"},
				"west": {"uv": [2.625, 10.375, 2.8125, 10.5625], "texture": "#0"},
				"up": {"uv": [10.625, 4.9375, 10.25, 4.75], "texture": "#0"},
				"down": {"uv": [10.625, 6, 10.25, 6.1875], "texture": "#0"}
			}
		},
		{
			"name": "hexadecagon",
			"from": [1, 16.16964, 2.55902],
			"to": [6, 19.35224, 5.55902],
			"rotation": {"angle": 0, "axis": "x", "origin": [8, 18.56094, -6.29098]},
			"faces": {
				"north": {"uv": [9.125, 2.75, 9.75, 3.15625], "texture": "#0"},
				"east": {"uv": [4.375, 9.625, 4.75, 10.03125], "texture": "#0"},
				"south": {"uv": [9.125, 3.25, 9.75, 3.65625], "texture": "#0"},
				"west": {"uv": [4.75, 9.625, 5.125, 10.03125], "texture": "#0"},
				"up": {"uv": [7.125, 9.5, 6.5, 9.125], "texture": "#0"},
				"down": {"uv": [9.875, 1.25, 9.25, 1.625], "texture": "#0"}
			}
		},
		{
			"name": "hexadecagon",
			"from": [3, 19.35224, 4.55902],
			"to": [6, 20.53484, 8.55902],
			"rotation": {"angle": 0, "axis": "x", "origin": [8, 17.74354, -6.29098]},
			"faces": {
				"north": {"uv": [9.125, 2.75, 9.75, 3.15625], "texture": "#0"},
				"east": {"uv": [4.375, 9.625, 4.75, 10.03125], "texture": "#0"},
				"south": {"uv": [9.125, 3.25, 9.75, 3.65625], "texture": "#0"},
				"west": {"uv": [4.75, 9.625, 5.125, 10.03125], "texture": "#0"},
				"up": {"uv": [7.125, 9.5, 6.5, 9.125], "texture": "#0"},
				"down": {"uv": [9.875, 1.25, 9.25, 1.625], "texture": "#0"}
			}
		},
		{
			"name": "hexadecagon",
			"from": [2, 17.01964, 0.30902],
			"to": [6, 19.35224, 2.55902],
			"rotation": {"angle": 0, "axis": "x", "origin": [8, 18.56094, -6.29098]},
			"faces": {
				"north": {"uv": [9.625, 9.75, 10.125, 10.03125], "texture": "#0"},
				"east": {"uv": [10.25, 4, 10.53125, 4.28125], "texture": "#0"},
				"south": {"uv": [9.875, 1.25, 10.375, 1.53125], "texture": "#0"},
				"west": {"uv": [10.25, 4.375, 10.53125, 4.65625], "texture": "#0"},
				"up": {"uv": [10.375, 1.90625, 9.875, 1.625], "texture": "#0"},
				"down": {"uv": [10.375, 2, 9.875, 2.28125], "texture": "#0"}
			}
		},
		{
			"name": "hexadecagon",
			"from": [-2, -9.48378, -1.83416],
			"to": [0, -7.48378, 0.16584],
			"rotation": {"angle": 0, "axis": "x", "origin": [10, 2.05752, -5.83416]},
			"faces": {
				"north": {"uv": [8, 1.625, 8.25, 1.875], "texture": "#0"},
				"east": {"uv": [9, 9.375, 9.25, 9.625], "texture": "#0"},
				"south": {"uv": [2.625, 9.5, 2.875, 9.75], "texture": "#0"},
				"west": {"uv": [9, 9.625, 9.25, 9.875], "texture": "#0"},
				"up": {"uv": [2.875, 10, 2.625, 9.75], "texture": "#0"},
				"down": {"uv": [10.125, 0.625, 9.875, 0.875], "texture": "#0"}
			}
		},
		{
			"name": "hexadecagon",
			"from": [-4.79364, 15, 3.48063],
			"to": [-1.61104, 17, 9.48063],
			"rotation": {"angle": -22.5, "axis": "y", "origin": [-0.20234, 14, 12.48063]},
			"faces": {
				"north": {"uv": [9.875, 10.125, 10.28125, 10.375], "texture": "#0"},
				"east": {"uv": [1.875, 9.5, 2.625, 9.75], "texture": "#0"},
				"south": {"uv": [10.125, 9.875, 10.53125, 10.125], "texture": "#0"},
				"west": {"uv": [9.5, 4, 10.25, 4.25], "texture": "#0"},
				"up": {"uv": [2.28125, 9.5, 1.875, 8.75], "texture": "#0"},
				"down": {"uv": [2.78125, 8.75, 2.375, 9.5], "texture": "#0"}
			}
		},
		{
			"name": "hexadecagon",
			"from": [15, 1.32122, 7.94154],
			"to": [20, 11.50381, 13.94154],
			"rotation": {"angle": 22.5, "axis": "x", "origin": [8, 11.91251, 6.94154]},
			"faces": {
				"north": {"uv": [5.5, 5.625, 6.125, 6.90625], "texture": "#0"},
				"east": {"uv": [0.75, 5.5, 1.5, 6.78125], "texture": "#0"},
				"south": {"uv": [6.125, 5.625, 6.75, 6.90625], "texture": "#0"},
				"west": {"uv": [1.5, 5.5, 2.25, 6.78125], "texture": "#0"},
				"up": {"uv": [6.75, 8.25, 6.125, 7.5], "texture": "#0"},
				"down": {"uv": [8.25, 1.875, 7.625, 2.625], "texture": "#0"}
			}
		},
		{
			"name": "hexadecagon",
			"from": [15, -3.80611, 10.87294],
			"to": [19, 4.37649, 15.87294],
			"rotation": {"angle": 45, "axis": "x", "origin": [6, 10.78519, 6.87294]},
			"faces": {
				"north": {"uv": [0.5, 6.875, 1, 7.90625], "texture": "#0"},
				"east": {"uv": [6.5, 2.875, 7.125, 3.90625], "texture": "#0"},
				"south": {"uv": [1, 6.875, 1.5, 7.90625], "texture": "#0"},
				"west": {"uv": [3.5, 6.75, 4.125, 7.78125], "texture": "#0"},
				"up": {"uv": [9.25, 0.625, 8.75, 0], "texture": "#0"},
				"down": {"uv": [1, 8.75, 0.5, 9.375], "texture": "#0"}
			}
		},
		{
			"name": "hexadecagon",
			"from": [15, -4.57666, 2.52343],
			"to": [18, -1.39407, 5.52343],
			"rotation": {"angle": 22.5, "axis": "x", "origin": [6, 6.01463, -1.47657]},
			"faces": {
				"north": {"uv": [5.125, 9.625, 5.5, 10.03125], "texture": "#0"},
				"east": {"uv": [7.125, 9.625, 7.5, 10.03125], "texture": "#0"},
				"south": {"uv": [9.625, 9.25, 10, 9.65625], "texture": "#0"},
				"west": {"uv": [1.875, 9.75, 2.25, 10.15625], "texture": "#0"},
				"up": {"uv": [8.25, 10.125, 7.875, 9.75], "texture": "#0"},
				"down": {"uv": [10.25, 4.5, 9.875, 4.875], "texture": "#0"}
			}
		},
		{
			"name": "hexadecagon",
			"from": [15, -7.48378, -1.83416],
			"to": [18, -5.30118, 1.16584],
			"rotation": {"angle": 0, "axis": "x", "origin": [6, 2.10752, -5.83416]},
			"faces": {
				"north": {"uv": [1, 10.125, 1.375, 10.40625], "texture": "#0"},
				"east": {"uv": [1.375, 10.125, 1.75, 10.40625], "texture": "#0"},
				"south": {"uv": [10.125, 2.75, 10.5, 3.03125], "texture": "#0"},
				"west": {"uv": [10.125, 3.125, 10.5, 3.40625], "texture": "#0"},
				"up": {"uv": [6.625, 10.25, 6.25, 9.875], "texture": "#0"},
				"down": {"uv": [10.25, 8, 9.875, 8.375], "texture": "#0"}
			}
		},
		{
			"name": "hexadecagon",
			"from": [10, 7.96964, 7.70902],
			"to": [21, 17.96964, 14.70902],
			"rotation": {"angle": 0, "axis": "x", "origin": [8, 18.56094, -6.29098]},
			"faces": {
				"north": {"uv": [1.375, 0, 2.75, 1.25], "texture": "#0"},
				"east": {"uv": [1.75, 4.25, 2.625, 5.5], "texture": "#0"},
				"south": {"uv": [1.375, 1.25, 2.75, 2.5], "texture": "#0"},
				"west": {"uv": [2.625, 4.25, 3.5, 5.5], "texture": "#0"},
				"up": {"uv": [4.125, 4.25, 2.75, 3.375], "texture": "#0"},
				"down": {"uv": [5.375, 2, 4, 2.875], "texture": "#0"}
			}
		},
		{
			"name": "hexadecagon",
			"from": [10, 16.16964, 5.55902],
			"to": [17, 19.35224, 15.55902],
			"rotation": {"angle": 0, "axis": "x", "origin": [8, 18.56094, -6.29098]},
			"faces": {
				"north": {"uv": [8.25, 8.5, 9.125, 8.90625], "texture": "#0"},
				"east": {"uv": [1.5, 6.875, 2.75, 7.28125], "texture": "#0"},
				"south": {"uv": [8.625, 4.125, 9.5, 4.53125], "texture": "#0"},
				"west": {"uv": [5.375, 7, 6.625, 7.40625], "texture": "#0"},
				"up": {"uv": [5.25, 1.25, 4.375, 0], "texture": "#0"},
				"down": {"uv": [5.875, 2.875, 5, 4.125], "texture": "#0"}
			}
		},
		{
			"name": "hexadecagon",
			"from": [10, 19.56964, 8.55902],
			"to": [16, 24.75224, 13.55902],
			"rotation": {"angle": -22.5, "axis": "z", "origin": [8, 18.56094, -6.29098]},
			"faces": {
				"north": {"uv": [1.5, 7.375, 2.25, 8.03125], "texture": "#0"},
				"east": {"uv": [8, 6.375, 8.625, 7.03125], "texture": "#0"},
				"south": {"uv": [7.375, 5.625, 8.125, 6.28125], "texture": "#0"},
				"west": {"uv": [1.25, 8.125, 1.875, 8.78125], "texture": "#0"},
				"up": {"uv": [3, 8.25, 2.25, 7.625], "texture": "#0"},
				"down": {"uv": [3.75, 7.875, 3, 8.5], "texture": "#0"}
			}
		},
		{
			"name": "hexadecagon",
			"from": [9, 25.56964, 9.55902],
			"to": [12, 29.75224, 12.55902],
			"rotation": {"angle": -45, "axis": "z", "origin": [8, 18.56094, -6.29098]},
			"faces": {
				"north": {"uv": [0.375, 9.375, 0.75, 9.90625], "texture": "#0"},
				"east": {"uv": [2.875, 9.375, 3.25, 9.90625], "texture": "#0"},
				"south": {"uv": [3.25, 9.375, 3.625, 9.90625], "texture": "#0"},
				"west": {"uv": [5.5, 9.375, 5.875, 9.90625], "texture": "#0"},
				"up": {"uv": [9.375, 10.25, 9, 9.875], "texture": "#0"},
				"down": {"uv": [0.375, 10, 0, 10.375], "texture": "#0"}
			}
		},
		{
			"name": "hexadecagon",
			"from": [10, 16.16964, 2.55902],
			"to": [15, 19.35224, 5.55902],
			"rotation": {"angle": 0, "axis": "x", "origin": [8, 18.56094, -6.29098]},
			"faces": {
				"north": {"uv": [4.25, 9.125, 4.875, 9.53125], "texture": "#0"},
				"east": {"uv": [2.25, 9.75, 2.625, 10.15625], "texture": "#0"},
				"south": {"uv": [4.875, 9.125, 5.5, 9.53125], "texture": "#0"},
				"west": {"uv": [9.75, 2.75, 10.125, 3.15625], "texture": "#0"},
				"up": {"uv": [9.875, 2, 9.25, 1.625], "texture": "#0"},
				"down": {"uv": [9.875, 2, 9.25, 2.375], "texture": "#0"}
			}
		},
		{
			"name": "hexadecagon",
			"from": [6, 16.16964, -0.44098],
			"to": [10, 19.35224, 16.55902],
			"rotation": {"angle": 0, "axis": "x", "origin": [8, 18.56094, -6.29098]},
			"faces": {
				"north": {"uv": [7.625, 4.125, 8.125, 4.53125], "texture": "#0"},
				"east": {"uv": [5.375, 2.375, 7.5, 2.78125], "texture": "#0"},
				"south": {"uv": [7.75, 9.25, 8.25, 9.65625], "texture": "#0"},
				"west": {"uv": [5.5, 4.125, 7.625, 4.53125], "texture": "#0"},
				"up": {"uv": [4, 6.375, 3.5, 4.25], "texture": "#0"},
				"down": {"uv": [5.5, 4.125, 5, 6.25], "texture": "#0"}
			}
		},
		{
			"name": "hexadecagon",
			"from": [6, 19.35224, 3.55902],
			"to": [10, 21.53484, 14.55902],
			"rotation": {"angle": 0, "axis": "x", "origin": [8, 18.74354, -6.29098]},
			"faces": {
				"north": {"uv": [7.625, 4.125, 8.125, 4.53125], "texture": "#0"},
				"east": {"uv": [5.375, 2.375, 7.5, 2.78125], "texture": "#0"},
				"south": {"uv": [7.75, 9.25, 8.25, 9.65625], "texture": "#0"},
				"west": {"uv": [5.5, 4.125, 7.625, 4.53125], "texture": "#0"},
				"up": {"uv": [4, 6.375, 3.5, 4.25], "texture": "#0"},
				"down": {"uv": [5.5, 4.125, 5, 6.25], "texture": "#0"}
			}
		},
		{
			"name": "hexadecagon",
			"from": [1, 8.98705, 13.55902],
			"to": [14, 16.16964, 18.55902],
			"rotation": {"angle": 0, "axis": "x", "origin": [8, 18.37834, -6.29098]},
			"faces": {
				"north": {"uv": [2.75, 0, 4.375, 0.90625], "texture": "#0"},
				"east": {"uv": [4.125, 6.75, 4.75, 7.65625], "texture": "#0"},
				"south": {"uv": [2.75, 1, 4.375, 1.90625], "texture": "#0"},
				"west": {"uv": [6.75, 5.625, 7.375, 6.53125], "texture": "#0"},
				"up": {"uv": [6, 1.875, 4.375, 1.25], "texture": "#0"},
				"down": {"uv": [6.875, 0, 5.25, 0.625], "texture": "#0"}
			}
		},
		{
			"name": "hexadecagon",
			"from": [-4, 11.98705, 13.55902],
			"to": [1, 16.16964, 16.55902],
			"rotation": {"angle": 0, "axis": "x", "origin": [8, 18.37834, -6.29098]},
			"faces": {
				"north": {"uv": [6.125, 8.25, 6.75, 8.78125], "texture": "#0"},
				"east": {"uv": [5.875, 9.375, 6.25, 9.90625], "texture": "#0"},
				"south": {"uv": [8.625, 4.625, 9.25, 5.15625], "texture": "#0"},
				"west": {"uv": [8.25, 9.375, 8.625, 9.90625], "texture": "#0"},
				"up": {"uv": [9.875, 5, 9.25, 4.625], "texture": "#0"},
				"down": {"uv": [7.75, 9.25, 7.125, 9.625], "texture": "#0"}
			}
		},
		{
			"name": "hexadecagon",
			"from": [14, 11.98705, 13.55902],
			"to": [20, 16.16964, 16.55902],
			"rotation": {"angle": 0, "axis": "x", "origin": [8, 18.37834, -6.29098]},
			"faces": {
				"north": {"uv": [8.25, 7.875, 9, 8.40625], "texture": "#0"},
				"east": {"uv": [8.625, 9.375, 9, 9.90625], "texture": "#0"},
				"south": {"uv": [8.375, 7.125, 9.125, 7.65625], "texture": "#0"},
				"west": {"uv": [1.5, 9.5, 1.875, 10.03125], "texture": "#0"},
				"up": {"uv": [3.625, 9.375, 2.875, 9], "texture": "#0"},
				"down": {"uv": [9.75, 7.75, 9, 8.125], "texture": "#0"}
			}
		},
		{
			"name": "hexadecagon",
			"from": [3, 6.80445, 14.15902],
			"to": [12, 8.98705, 17.55902],
			"rotation": {"angle": 0, "axis": "x", "origin": [8, 19.19575, -6.29098]},
			"faces": {
				"north": {"uv": [8.625, 5.25, 9.75, 5.53125], "texture": "#0"},
				"east": {"uv": [6.625, 10, 7.0625, 10.28125], "texture": "#0"},
				"south": {"uv": [8.625, 5.625, 9.75, 5.90625], "texture": "#0"},
				"west": {"uv": [8.25, 10, 8.6875, 10.28125], "texture": "#0"},
				"up": {"uv": [8.25, 4.0625, 7.125, 3.625], "texture": "#0"},
				"down": {"uv": [8.375, 7.375, 7.25, 7.8125], "texture": "#0"}
			}
		},
		{
			"name": "hexadecagon",
			"from": [4, 4.62185, 14.15902],
			"to": [11, 6.80445, 16.55902],
			"rotation": {"angle": 0, "axis": "x", "origin": [8, 20.01315, -6.29098]},
			"faces": {
				"north": {"uv": [9.25, 0.25, 10.125, 0.53125], "texture": "#0"},
				"east": {"uv": [5.125, 10.125, 5.4375, 10.40625], "texture": "#0"},
				"south": {"uv": [9.25, 0.875, 10.125, 1.15625], "texture": "#0"},
				"west": {"uv": [2.25, 10.25, 2.5625, 10.53125], "texture": "#0"},
				"up": {"uv": [9.875, 8.4375, 9, 8.125], "texture": "#0"},
				"down": {"uv": [9.25, 9, 8.375, 9.3125], "texture": "#0"}
			}
		},
		{
			"name": "hexadecagon",
			"from": [16, -9.48378, -1.83416],
			"to": [18, -7.48378, 0.16584],
			"rotation": {"angle": 0, "axis": "x", "origin": [6, 2.05752, -5.83416]},
			"faces": {
				"north": {"uv": [9.375, 9.875, 9.625, 10.125], "texture": "#0"},
				"east": {"uv": [6, 10, 6.25, 10.25], "texture": "#0"},
				"south": {"uv": [8.75, 10, 9, 10.25], "texture": "#0"},
				"west": {"uv": [0.75, 10.25, 1, 10.5], "texture": "#0"},
				"up": {"uv": [6.625, 10.5, 6.375, 10.25], "texture": "#0"},
				"down": {"uv": [9.375, 10.25, 9.125, 10.5], "texture": "#0"}
			}
		},
		{
			"name": "hexadecagon",
			"from": [17.61104, 15, 3.48063],
			"to": [20.79364, 17, 9.48063],
			"rotation": {"angle": 22.5, "axis": "y", "origin": [16.20234, 14, 12.48063]},
			"faces": {
				"north": {"uv": [10.25, 0, 10.65625, 0.25], "texture": "#0"},
				"east": {"uv": [9.5, 4.25, 10.25, 4.5], "texture": "#0"},
				"south": {"uv": [1.75, 10.25, 2.15625, 10.5], "texture": "#0"},
				"west": {"uv": [9.5, 6, 10.25, 6.25], "texture": "#0"},
				"up": {"uv": [1.40625, 9.625, 1, 8.875], "texture": "#0"},
				"down": {"uv": [4.15625, 8.875, 3.75, 9.625], "texture": "#0"}
			}
		},
		{
			"name": "hexadecagon",
			"from": [10, 17.01964, 0.30902],
			"to": [14, 19.35224, 2.55902],
			"rotation": {"angle": 0, "axis": "x", "origin": [8, 18.56094, -6.29098]},
			"faces": {
				"north": {"uv": [10, 2.375, 10.5, 2.65625], "texture": "#0"},
				"east": {"uv": [6, 10.25, 6.28125, 10.53125], "texture": "#0"},
				"south": {"uv": [2.625, 10, 3.125, 10.28125], "texture": "#0"},
				"west": {"uv": [10.25, 8, 10.53125, 8.28125], "texture": "#0"},
				"up": {"uv": [3.625, 10.28125, 3.125, 10], "texture": "#0"},
				"down": {"uv": [6, 10, 5.5, 10.28125], "texture": "#0"}
			}
		},
		{
			"name": "hexadecagon",
			"from": [18.0087, 19.81094, 10.30902],
			"to": [20.9413, 21.31094, 11.80902],
			"rotation": {"angle": 22.5, "axis": "z", "origin": [8, 18.56094, -6.29098]},
			"faces": {
				"north": {"uv": [8.75, 10.25, 9.125, 10.4375], "texture": "#0"},
				"east": {"uv": [2.875, 10.375, 3.0625, 10.5625], "texture": "#0"},
				"south": {"uv": [0, 10.375, 0.375, 10.5625], "texture": "#0"},
				"west": {"uv": [3.125, 10.375, 3.3125, 10.5625], "texture": "#0"},
				"up": {"uv": [0.75, 10.5625, 0.375, 10.375], "texture": "#0"},
				"down": {"uv": [10.75, 1.25, 10.375, 1.4375], "texture": "#0"}
			}
		},
		{
			"name": "hexadecagon",
			"from": [10, 19.35224, 4.55902],
			"to": [13, 20.53484, 8.55902],
			"rotation": {"angle": 0, "axis": "x", "origin": [8, 17.74354, -6.29098]},
			"faces": {
				"north": {"uv": [9.125, 2.75, 9.75, 3.15625], "texture": "#0"},
				"east": {"uv": [4.375, 9.625, 4.75, 10.03125], "texture": "#0"},
				"south": {"uv": [9.125, 3.25, 9.75, 3.65625], "texture": "#0"},
				"west": {"uv": [4.75, 9.625, 5.125, 10.03125], "texture": "#0"},
				"up": {"uv": [7.125, 9.5, 6.5, 9.125], "texture": "#0"},
				"down": {"uv": [9.875, 1.25, 9.25, 1.625], "texture": "#0"}
			}
		}
	],
	"display": {
		"thirdperson_righthand": {
			"translation": [0, 0.75, 0],
			"scale": [0.5, 0.5, 0.5]
		},
		"thirdperson_lefthand": {
			"translation": [0, 0.75, 0],
			"scale": [0.5, 0.5, 0.5]
		},
		"firstperson_righthand": {
			"scale": [0.5, 0.5, 0.5]
		},
		"firstperson_lefthand": {
			"scale": [0.5, 0.5, 0.5]
		},
		"ground": {
			"translation": [0, 1.5, 0],
			"scale": [0.3, 0.3, 0.3]
		},
		"head": {
			"translation": [0, -0.75, -0.5]
		}
	},
	"groups": [
		{
			"name": "Head Tails",
			"origin": [8, 8, 8],
			"children": [
				{
					"name": "Brown",
					"origin": [8, 8, 8],
					"children": [
						{
							"name": "hexadecagon",
							"origin": [8, 8, 8],
							"children": [0, 1, 2, 3, 4, 5, 6, 7, 8, 9, 10, 11, 12, 13]
						}
					]
				},
				{
					"name": "Details",
					"origin": [8, 8, 8],
					"children": [
						{
							"name": "Diamond Shape",
							"origin": [8, 8, 8],
							"children": []
						},
						{
							"name": "Side",
							"origin": [8, 8, 8],
							"children": [14, 15, 16, 17]
						}
					]
				},
				{
					"name": "Shape",
					"origin": [8, 8, 8],
					"children": [
						{
							"name": "Middle",
							"origin": [8, 8, 8],
							"children": [18, 19]
						},
						{
							"name": "Side",
							"origin": [8, 8, 8],
							"children": [20, 21, 22, 23, 24, 25, 26, 27, 28, 29, 30, 31, 32, 33]
						},
						{
							"name": "Side",
							"origin": [8, 8, 8],
							"children": [34, 35, 36, 37, 38, 39, 40, 41, 42, 43, 44, 45, 46, 47, 48, 49, 50, 51, 52, 53, 54]
						}
					]
				}
			]
		}
	]
}