{"file_name":"capa","texture_size":[128,128],"textures":{"a6f54b2e-09e4-3daa-c557-2d8115a194b4":"modelengine:entity/reapercloak","cc1302b3-ba58-96b2-703a-6e3a6cb31093":"modelengine:entity/reaperfald","f4e90b98-015c-e3c5-c8ad-a9295f4523d9":"modelengine:entity/boneshadin2heraldxd","0cd8140a-8c12-20fb-db00-edd21537a8ca":"modelengine:entity/fallenreaper","54e1c98d-cbb5-3f45-2868-f1ee52e55c7f":"modelengine:entity/boneshadingreaper","207c0d20-03fb-b731-ac36-67e40842ac1a":"modelengine:entity/osdes"},"elements":[{"name":"reapercloak_0","from":[4.955,-0.10000038,7.7],"to":[10.955,7.7,8.09375],"rotation":{"angle":0.0,"axis":"x","origin":[4.355,7.4,7.7]},"faces":{"down":{"uv":[12.1125,10.2625,10.8875,10.3625],"rotation":0,"texture":"#0cd8140a-8c12-20fb-db00-edd21537a8ca","tintindex":0},"east":{"uv":[6.6375,10.1375,6.7375,11.7375],"rotation":0,"texture":"#0cd8140a-8c12-20fb-db00-edd21537a8ca","tintindex":0},"north":{"uv":[0.0125,0.0125,1.2375,1.6125],"rotation":0,"texture":"#0cd8140a-8c12-20fb-db00-edd21537a8ca","tintindex":0},"south":{"uv":[1.3875,0.0125,2.6125,1.6125],"rotation":0,"texture":"#0cd8140a-8c12-20fb-db00-edd21537a8ca","tintindex":0},"up":{"uv":[12.1125,10.1125,10.8875,10.0125],"rotation":0,"texture":"#0cd8140a-8c12-20fb-db00-edd21537a8ca","tintindex":0},"west":{"uv":[9.0125,10.1375,9.1125,11.7375],"rotation":0,"texture":"#0cd8140a-8c12-20fb-db00-edd21537a8ca","tintindex":0}}},{"name":"reapercloak_1","from":[4.355,2.2999997,7.7],"to":[4.955,7.1,8.09375],"rotation":{"angle":0.0,"axis":"x","origin":[4.355,7.4,7.7]},"faces":{"down":{"uv":[14.3625,15.3875,14.2625,15.4875],"rotation":0,"texture":"#0cd8140a-8c12-20fb-db00-edd21537a8ca","tintindex":0},"east":{"uv":[1.0125,11.5125,1.1125,12.4875],"rotation":0,"texture":"#0cd8140a-8c12-20fb-db00-edd21537a8ca","tintindex":0},"north":{"uv":[3.2625,11.1375,3.3625,12.1125],"rotation":0,"texture":"#0cd8140a-8c12-20fb-db00-edd21537a8ca","tintindex":0},"south":{"uv":[4.1375,11.5125,4.2375,12.4875],"rotation":0,"texture":"#0cd8140a-8c12-20fb-db00-edd21537a8ca","tintindex":0},"up":{"uv":[14.1125,15.4875,14.0125,15.3875],"rotation":0,"texture":"#0cd8140a-8c12-20fb-db00-edd21537a8ca","tintindex":0},"west":{"uv":[4.3875,11.5125,4.4875,12.4875],"rotation":0,"texture":"#0cd8140a-8c12-20fb-db00-edd21537a8ca","tintindex":0}}},{"name":"reapercloak_2","from":[10.955,2.2999997,7.7],"to":[11.555,7.1,8.09375],"rotation":{"angle":0.0,"axis":"x","origin":[4.355,7.4,7.7]},"faces":{"down":{"uv":[15.4875,14.8875,15.3875,14.9875],"rotation":0,"texture":"#0cd8140a-8c12-20fb-db00-edd21537a8ca","tintindex":0},"east":{"uv":[9.6375,11.5125,9.7375,12.4875],"rotation":0,"texture":"#0cd8140a-8c12-20fb-db00-edd21537a8ca","tintindex":0},"north":{"uv":[11.5125,6.1375,11.6125,7.1125],"rotation":0,"texture":"#0cd8140a-8c12-20fb-db00-edd21537a8ca","tintindex":0},"south":{"uv":[9.8875,11.5125,9.9875,12.4875],"rotation":0,"texture":"#0cd8140a-8c12-20fb-db00-edd21537a8ca","tintindex":0},"up":{"uv":[15.4875,14.4875,15.3875,14.3875],"rotation":0,"texture":"#0cd8140a-8c12-20fb-db00-edd21537a8ca","tintindex":0},"west":{"uv":[0.0125,11.6375,0.1125,12.6125],"rotation":0,"texture":"#0cd8140a-8c12-20fb-db00-edd21537a8ca","tintindex":0}}},{"name":"reapercloak_3","from":[5.5550003,-1.9000006,7.7],"to":[7.355,-0.10000038,8.09375],"rotation":{"angle":0.0,"axis":"x","origin":[4.355,7.4,7.7]},"faces":{"down":{"uv":[11.3625,14.2625,11.0125,14.3625],"rotation":0,"texture":"#0cd8140a-8c12-20fb-db00-edd21537a8ca","tintindex":0},"east":{"uv":[7.7625,14.2625,7.8625,14.6125],"rotation":0,"texture":"#0cd8140a-8c12-20fb-db00-edd21537a8ca","tintindex":0},"north":{"uv":[8.6375,5.8875,8.9875,6.2375],"rotation":0,"texture":"#0cd8140a-8c12-20fb-db00-edd21537a8ca","tintindex":0},"south":{"uv":[6.2625,9.0125,6.6125,9.3625],"rotation":0,"texture":"#0cd8140a-8c12-20fb-db00-edd21537a8ca","tintindex":0},"up":{"uv":[14.6125,3.1125,14.2625,3.0125],"rotation":0,"texture":"#0cd8140a-8c12-20fb-db00-edd21537a8ca","tintindex":0},"west":{"uv":[8.0125,14.2625,8.1125,14.6125],"rotation":0,"texture":"#0cd8140a-8c12-20fb-db00-edd21537a8ca","tintindex":0}}},{"name":"reapercloak_4","from":[7.355,-0.7000003,7.7],"to":[7.955,-0.10000038,8.09375],"rotation":{"angle":0.0,"axis":"x","origin":[4.355,7.4,7.7]},"faces":{"down":{"uv":[0.3625,15.5125,0.2625,15.6125],"rotation":0,"texture":"#0cd8140a-8c12-20fb-db00-edd21537a8ca","tintindex":0},"east":{"uv":[15.3875,15.1375,15.4875,15.2375],"rotation":0,"texture":"#0cd8140a-8c12-20fb-db00-edd21537a8ca","tintindex":0},"north":{"uv":[15.1375,15.3875,15.2375,15.4875],"rotation":0,"texture":"#0cd8140a-8c12-20fb-db00-edd21537a8ca","tintindex":0},"south":{"uv":[15.3875,15.3875,15.4875,15.4875],"rotation":0,"texture":"#0cd8140a-8c12-20fb-db00-edd21537a8ca","tintindex":0},"up":{"uv":[15.6125,0.1125,15.5125,0.0125],"rotation":0,"texture":"#0cd8140a-8c12-20fb-db00-edd21537a8ca","tintindex":0},"west":{"uv":[0.0125,15.5125,0.1125,15.6125],"rotation":0,"texture":"#0cd8140a-8c12-20fb-db00-edd21537a8ca","tintindex":0}}},{"name":"reapercloak_5","from":[8.555,-1.9000006,7.7],"to":[10.355,-0.10000038,8.09375],"rotation":{"angle":0.0,"axis":"x","origin":[4.355,7.4,7.7]},"faces":{"down":{"uv":[0.3625,14.3875,0.0125,14.4875],"rotation":0,"texture":"#0cd8140a-8c12-20fb-db00-edd21537a8ca","tintindex":0},"east":{"uv":[11.5125,14.2625,11.6125,14.6125],"rotation":0,"texture":"#0cd8140a-8c12-20fb-db00-edd21537a8ca","tintindex":0},"north":{"uv":[11.0125,6.3875,11.3625,6.7375],"rotation":0,"texture":"#0cd8140a-8c12-20fb-db00-edd21537a8ca","tintindex":0},"south":{"uv":[11.0125,6.8875,11.3625,7.2375],"rotation":0,"texture":"#0cd8140a-8c12-20fb-db00-edd21537a8ca","tintindex":0},"up":{"uv":[14.6125,13.2375,14.2625,13.1375],"rotation":0,"texture":"#0cd8140a-8c12-20fb-db00-edd21537a8ca","tintindex":0},"west":{"uv":[14.2625,12.6375,14.3625,12.9875],"rotation":0,"texture":"#0cd8140a-8c12-20fb-db00-edd21537a8ca","tintindex":0}}},{"name":"reapercloak_6","from":[6.1549997,-3.7000003,7.7],"to":[7.355,-1.9000006,8.09375],"rotation":{"angle":0.0,"axis":"x","origin":[4.355,7.4,7.7]},"faces":{"down":{"uv":[3.3625,14.8875,3.1375,14.9875],"rotation":0,"texture":"#0cd8140a-8c12-20fb-db00-edd21537a8ca","tintindex":0},"east":{"uv":[13.7625,14.2625,13.8625,14.6125],"rotation":0,"texture":"#0cd8140a-8c12-20fb-db00-edd21537a8ca","tintindex":0},"north":{"uv":[4.6375,12.2625,4.8625,12.6125],"rotation":0,"texture":"#0cd8140a-8c12-20fb-db00-edd21537a8ca","tintindex":0},"south":{"uv":[8.1375,12.2625,8.3625,12.6125],"rotation":0,"texture":"#0cd8140a-8c12-20fb-db00-edd21537a8ca","tintindex":0},"up":{"uv":[2.9875,14.9875,2.7625,14.8875],"rotation":0,"texture":"#0cd8140a-8c12-20fb-db00-edd21537a8ca","tintindex":0},"west":{"uv":[0.8875,14.3875,0.9875,14.7375],"rotation":0,"texture":"#0cd8140a-8c12-20fb-db00-edd21537a8ca","tintindex":0}}},{"name":"reapercloak_7","from":[8.555,-3.7000003,7.7],"to":[9.755,-1.9000006,8.09375],"rotation":{"angle":0.0,"axis":"x","origin":[4.355,7.4,7.7]},"faces":{"down":{"uv":[15.1125,3.5125,14.8875,3.6125],"rotation":0,"texture":"#0cd8140a-8c12-20fb-db00-edd21537a8ca","tintindex":0},"east":{"uv":[2.8875,14.3875,2.9875,14.7375],"rotation":0,"texture":"#0cd8140a-8c12-20fb-db00-edd21537a8ca","tintindex":0},"north":{"uv":[12.2625,9.8875,12.4875,10.2375],"rotation":0,"texture":"#0cd8140a-8c12-20fb-db00-edd21537a8ca","tintindex":0},"south":{"uv":[12.2625,10.7625,12.4875,11.1125],"rotation":0,"texture":"#0cd8140a-8c12-20fb-db00-edd21537a8ca","tintindex":0},"up":{"uv":[3.7375,14.9875,3.5125,14.8875],"rotation":0,"texture":"#0cd8140a-8c12-20fb-db00-edd21537a8ca","tintindex":0},"west":{"uv":[14.3875,3.2625,14.4875,3.6125],"rotation":0,"texture":"#0cd8140a-8c12-20fb-db00-edd21537a8ca","tintindex":0}}},{"name":"reapercloak_8","from":[6.755,-4.9000006,7.7],"to":[7.355,-3.7000003,8.09375],"rotation":{"angle":0.0,"axis":"x","origin":[4.355,7.4,7.7]},"faces":{"down":{"uv":[1.1125,15.5125,1.0125,15.6125],"rotation":0,"texture":"#0cd8140a-8c12-20fb-db00-edd21537a8ca","tintindex":0},"east":{"uv":[14.8875,4.1375,14.9875,4.3625],"rotation":0,"texture":"#0cd8140a-8c12-20fb-db00-edd21537a8ca","tintindex":0},"north":{"uv":[14.8875,3.7625,14.9875,3.9875],"rotation":0,"texture":"#0cd8140a-8c12-20fb-db00-edd21537a8ca","tintindex":0},"south":{"uv":[14.8875,4.5125,14.9875,4.7375],"rotation":0,"texture":"#0cd8140a-8c12-20fb-db00-edd21537a8ca","tintindex":0},"up":{"uv":[0.8625,15.6125,0.7625,15.5125],"rotation":0,"texture":"#0cd8140a-8c12-20fb-db00-edd21537a8ca","tintindex":0},"west":{"uv":[14.8875,4.8875,14.9875,5.1125],"rotation":0,"texture":"#0cd8140a-8c12-20fb-db00-edd21537a8ca","tintindex":0}}},{"name":"reapercloak_9","from":[8.555,-4.9000006,7.7],"to":[9.155001,-3.7000003,8.09375],"rotation":{"angle":0.0,"axis":"x","origin":[4.355,7.4,7.7]},"faces":{"down":{"uv":[15.6125,1.2625,15.5125,1.3625],"rotation":0,"texture":"#0cd8140a-8c12-20fb-db00-edd21537a8ca","tintindex":0},"east":{"uv":[14.8875,5.6375,14.9875,5.8625],"rotation":0,"texture":"#0cd8140a-8c12-20fb-db00-edd21537a8ca","tintindex":0},"north":{"uv":[14.8875,5.2625,14.9875,5.4875],"rotation":0,"texture":"#0cd8140a-8c12-20fb-db00-edd21537a8ca","tintindex":0},"south":{"uv":[14.8875,6.2625,14.9875,6.4875],"rotation":0,"texture":"#0cd8140a-8c12-20fb-db00-edd21537a8ca","tintindex":0},"up":{"uv":[1.3625,15.6125,1.2625,15.5125],"rotation":0,"texture":"#0cd8140a-8c12-20fb-db00-edd21537a8ca","tintindex":0},"west":{"uv":[14.8875,7.0125,14.9875,7.2375],"rotation":0,"texture":"#0cd8140a-8c12-20fb-db00-edd21537a8ca","tintindex":0}}}],"display":{"head":{"translation":[0.0,-6.4,0.0],"rotation":[0.0,0.0,0.0],"scale":[3.8095,3.8095,3.8095]},"gui":{"translation":[0.0,0.0,0.0],"rotation":[35.0,225.0,0.0],"scale":[0.625,0.625,0.625]}}}