{"file_name":"faldcentral","texture_size":[128,128],"textures":{"a6f54b2e-09e4-3daa-c557-2d8115a194b4":"modelengine:entity/reapercloak","cc1302b3-ba58-96b2-703a-6e3a6cb31093":"modelengine:entity/reaperfald","f4e90b98-015c-e3c5-c8ad-a9295f4523d9":"modelengine:entity/boneshadin2heraldxd","0cd8140a-8c12-20fb-db00-edd21537a8ca":"modelengine:entity/fallenreaper","54e1c98d-cbb5-3f45-2868-f1ee52e55c7f":"modelengine:entity/boneshadingreaper","207c0d20-03fb-b731-ac36-67e40842ac1a":"modelengine:entity/osdes"},"elements":[{"name":"reaperfald_1","from":[6.74,2.65454,7.85],"to":[9.139999,8.054541,8.15],"rotation":{"angle":0.0,"axis":"x","origin":[2.5399995,21.25454,7.85]},"faces":{"down":{"uv":[14.4875,12.1375,14.0125,12.2375],"rotation":0,"texture":"#0cd8140a-8c12-20fb-db00-edd21537a8ca","tintindex":0},"east":{"uv":[1.0125,10.2625,1.1125,11.3625],"rotation":0,"texture":"#0cd8140a-8c12-20fb-db00-edd21537a8ca","tintindex":0},"north":{"uv":[2.6375,5.3875,3.1125,6.4875],"rotation":0,"texture":"#0cd8140a-8c12-20fb-db00-edd21537a8ca","tintindex":0},"south":{"uv":[3.2625,5.3875,3.7375,6.4875],"rotation":0,"texture":"#0cd8140a-8c12-20fb-db00-edd21537a8ca","tintindex":0},"up":{"uv":[14.4875,11.9875,14.0125,11.8875],"rotation":0,"texture":"#0cd8140a-8c12-20fb-db00-edd21537a8ca","tintindex":0},"west":{"uv":[7.6375,10.8875,7.7375,11.9875],"rotation":0,"texture":"#0cd8140a-8c12-20fb-db00-edd21537a8ca","tintindex":0}}},{"name":"reaperfald_5","from":[6.14,4.4545403,7.85],"to":[6.74,7.4545403,8.15],"rotation":{"angle":0.0,"axis":"x","origin":[2.5399995,21.25454,7.85]},"faces":{"down":{"uv":[15.6125,2.5125,15.5125,2.6125],"rotation":0,"texture":"#0cd8140a-8c12-20fb-db00-edd21537a8ca","tintindex":0},"east":{"uv":[11.5125,12.6375,11.6125,13.2375],"rotation":0,"texture":"#0cd8140a-8c12-20fb-db00-edd21537a8ca","tintindex":0},"north":{"uv":[11.2625,12.6375,11.3625,13.2375],"rotation":0,"texture":"#0cd8140a-8c12-20fb-db00-edd21537a8ca","tintindex":0},"south":{"uv":[12.6375,12.5125,12.7375,13.1125],"rotation":0,"texture":"#0cd8140a-8c12-20fb-db00-edd21537a8ca","tintindex":0},"up":{"uv":[15.6125,2.3625,15.5125,2.2625],"rotation":0,"texture":"#0cd8140a-8c12-20fb-db00-edd21537a8ca","tintindex":0},"west":{"uv":[0.0125,12.7625,0.1125,13.3625],"rotation":0,"texture":"#0cd8140a-8c12-20fb-db00-edd21537a8ca","tintindex":0}}},{"name":"reaperfald_10","from":[7.34,0.25453997,7.85],"to":[8.54,2.65454,8.15],"rotation":{"angle":0.0,"axis":"x","origin":[2.5399995,21.25454,7.85]},"faces":{"down":{"uv":[15.1125,8.6375,14.8875,8.7375],"rotation":0,"texture":"#0cd8140a-8c12-20fb-db00-edd21537a8ca","tintindex":0},"east":{"uv":[7.2625,14.0125,7.3625,14.4875],"rotation":0,"texture":"#0cd8140a-8c12-20fb-db00-edd21537a8ca","tintindex":0},"north":{"uv":[11.5125,4.2625,11.7375,4.7375],"rotation":0,"texture":"#0cd8140a-8c12-20fb-db00-edd21537a8ca","tintindex":0},"south":{"uv":[4.6375,11.6375,4.8625,12.1125],"rotation":0,"texture":"#0cd8140a-8c12-20fb-db00-edd21537a8ca","tintindex":0},"up":{"uv":[15.1125,8.4875,14.8875,8.3875],"rotation":0,"texture":"#0cd8140a-8c12-20fb-db00-edd21537a8ca","tintindex":0},"west":{"uv":[7.5125,14.0125,7.6125,14.4875],"rotation":0,"texture":"#0cd8140a-8c12-20fb-db00-edd21537a8ca","tintindex":0}}},{"name":"reaperfald_6","from":[9.139999,4.4545403,7.85],"to":[9.74,7.4545403,8.15],"rotation":{"angle":0.0,"axis":"x","origin":[2.5399995,21.25454,7.85]},"faces":{"down":{"uv":[15.6125,3.2625,15.5125,3.3625],"rotation":0,"texture":"#0cd8140a-8c12-20fb-db00-edd21537a8ca","tintindex":0},"east":{"uv":[0.5125,12.7625,0.6125,13.3625],"rotation":0,"texture":"#0cd8140a-8c12-20fb-db00-edd21537a8ca","tintindex":0},"north":{"uv":[0.2625,12.7625,0.3625,13.3625],"rotation":0,"texture":"#0cd8140a-8c12-20fb-db00-edd21537a8ca","tintindex":0},"south":{"uv":[12.7625,1.3875,12.8625,1.9875],"rotation":0,"texture":"#0cd8140a-8c12-20fb-db00-edd21537a8ca","tintindex":0},"up":{"uv":[15.6125,3.1125,15.5125,3.0125],"rotation":0,"texture":"#0cd8140a-8c12-20fb-db00-edd21537a8ca","tintindex":0},"west":{"uv":[12.7625,2.1375,12.8625,2.7375],"rotation":0,"texture":"#0cd8140a-8c12-20fb-db00-edd21537a8ca","tintindex":0}}},{"name":"reaperfald_14","from":[7.94,-0.34546018,7.85],"to":[8.54,0.25453997,8.15],"rotation":{"angle":0.0,"axis":"x","origin":[2.5399995,21.25454,7.85]},"faces":{"down":{"uv":[15.6125,5.8875,15.5125,5.9875],"rotation":0,"texture":"#0cd8140a-8c12-20fb-db00-edd21537a8ca","tintindex":0},"east":{"uv":[4.8875,15.5125,4.9875,15.6125],"rotation":0,"texture":"#0cd8140a-8c12-20fb-db00-edd21537a8ca","tintindex":0},"north":{"uv":[4.6375,15.5125,4.7375,15.6125],"rotation":0,"texture":"#0cd8140a-8c12-20fb-db00-edd21537a8ca","tintindex":0},"south":{"uv":[5.1375,15.5125,5.2375,15.6125],"rotation":0,"texture":"#0cd8140a-8c12-20fb-db00-edd21537a8ca","tintindex":0},"up":{"uv":[5.9875,15.6125,5.8875,15.5125],"rotation":0,"texture":"#0cd8140a-8c12-20fb-db00-edd21537a8ca","tintindex":0},"west":{"uv":[5.3875,15.5125,5.4875,15.6125],"rotation":0,"texture":"#0cd8140a-8c12-20fb-db00-edd21537a8ca","tintindex":0}}}],"display":{"head":{"translation":[0.0,-6.4,0.0],"rotation":[0.0,0.0,0.0],"scale":[3.8095,3.8095,3.8095]},"gui":{"translation":[0.0,0.0,0.0],"rotation":[35.0,225.0,0.0],"scale":[0.625,0.625,0.625]}}}