{"file_name":"hand","texture_size":[128,128],"textures":{"a6f54b2e-09e4-3daa-c557-2d8115a194b4":"modelengine:entity/reapercloak","cc1302b3-ba58-96b2-703a-6e3a6cb31093":"modelengine:entity/reaperfald","f4e90b98-015c-e3c5-c8ad-a9295f4523d9":"modelengine:entity/boneshadin2heraldxd","0cd8140a-8c12-20fb-db00-edd21537a8ca":"modelengine:entity/fallenreaper","54e1c98d-cbb5-3f45-2868-f1ee52e55c7f":"modelengine:entity/boneshadingreaper","207c0d20-03fb-b731-ac36-67e40842ac1a":"modelengine:entity/osdes"},"elements":[{"name":"right hand","from":[7.0041566,5.846078,7.044278],"to":[9.404158,8.2460785,9.444279],"rotation":{"angle":0.0,"axis":"x","origin":[4.6041565,0.44607806,8.244278]},"faces":{"down":{"uv":[9.2375,8.8875,8.7625,9.3625],"rotation":0,"texture":"#0cd8140a-8c12-20fb-db00-edd21537a8ca","tintindex":0},"east":{"uv":[1.8875,8.8875,2.3625,9.3625],"rotation":0,"texture":"#0cd8140a-8c12-20fb-db00-edd21537a8ca","tintindex":0},"north":{"uv":[1.2625,8.8875,1.7375,9.3625],"rotation":0,"texture":"#0cd8140a-8c12-20fb-db00-edd21537a8ca","tintindex":0},"south":{"uv":[2.5125,8.8875,2.9875,9.3625],"rotation":0,"texture":"#0cd8140a-8c12-20fb-db00-edd21537a8ca","tintindex":0},"up":{"uv":[7.2375,9.3625,6.7625,8.8875],"rotation":0,"texture":"#0cd8140a-8c12-20fb-db00-edd21537a8ca","tintindex":0},"west":{"uv":[4.3875,8.8875,4.8625,9.3625],"rotation":0,"texture":"#0cd8140a-8c12-20fb-db00-edd21537a8ca","tintindex":0}}}],"display":{"head":{"translation":[0.0,-6.4,0.0],"rotation":[0.0,0.0,0.0],"scale":[3.8095,3.8095,3.8095]},"gui":{"translation":[0.0,0.0,0.0],"rotation":[35.0,225.0,0.0],"scale":[0.625,0.625,0.625]}}}