{"file_name":"head","texture_size":[128,128],"textures":{"a6f54b2e-09e4-3daa-c557-2d8115a194b4":"modelengine:entity/reapercloak","cc1302b3-ba58-96b2-703a-6e3a6cb31093":"modelengine:entity/reaperfald","f4e90b98-015c-e3c5-c8ad-a9295f4523d9":"modelengine:entity/boneshadin2heraldxd","0cd8140a-8c12-20fb-db00-edd21537a8ca":"modelengine:entity/fallenreaper","54e1c98d-cbb5-3f45-2868-f1ee52e55c7f":"modelengine:entity/boneshadingreaper","207c0d20-03fb-b731-ac36-67e40842ac1a":"modelengine:entity/osdes"},"elements":[{"name":"vacuum","from":[6.2,10.700001,6.3050003],"to":[9.8,12.5,10.31],"rotation":{"angle":0.0,"axis":"x","origin":[-9.085769,13.977153,2.2072997]},"faces":{"down":{"uv":[4.8625,4.3875,4.1375,5.2375],"rotation":0,"texture":"#0cd8140a-8c12-20fb-db00-edd21537a8ca","tintindex":0},"east":{"uv":[7.6375,2.3875,8.4875,2.7375],"rotation":0,"texture":"#0cd8140a-8c12-20fb-db00-edd21537a8ca","tintindex":0},"north":{"uv":[3.7625,8.2625,4.4875,8.6125],"rotation":0,"texture":"#0cd8140a-8c12-20fb-db00-edd21537a8ca","tintindex":0},"south":{"uv":[4.6375,8.3875,5.3625,8.7375],"rotation":0,"texture":"#0cd8140a-8c12-20fb-db00-edd21537a8ca","tintindex":0},"up":{"uv":[4.8625,4.2375,4.1375,3.3875],"rotation":0,"texture":"#0cd8140a-8c12-20fb-db00-edd21537a8ca","tintindex":0},"west":{"uv":[7.6375,3.3875,8.4875,3.7375],"rotation":0,"texture":"#0cd8140a-8c12-20fb-db00-edd21537a8ca","tintindex":0}}},{"name":"vacuum","from":[5.75,7.7,6.545],"to":[10.25,8.9,10.31],"rotation":{"angle":0.0,"axis":"x","origin":[-9.085769,10.977154,2.2072997]},"faces":{"down":{"uv":[3.9875,1.6375,3.0125,2.3625],"rotation":0,"texture":"#0cd8140a-8c12-20fb-db00-edd21537a8ca","tintindex":0},"east":{"uv":[6.1375,2.1375,6.8625,2.7375],"rotation":0,"texture":"#0cd8140a-8c12-20fb-db00-edd21537a8ca","tintindex":0},"north":{"uv":[5.0125,2.3875,5.9875,2.9875],"rotation":0,"texture":"#0cd8140a-8c12-20fb-db00-edd21537a8ca","tintindex":0},"south":{"uv":[5.0125,3.1375,5.9875,3.7375],"rotation":0,"texture":"#0cd8140a-8c12-20fb-db00-edd21537a8ca","tintindex":0},"up":{"uv":[3.8625,3.4875,2.8875,2.7625],"rotation":0,"texture":"#0cd8140a-8c12-20fb-db00-edd21537a8ca","tintindex":0},"west":{"uv":[6.1375,2.8875,6.8625,3.4875],"rotation":0,"texture":"#0cd8140a-8c12-20fb-db00-edd21537a8ca","tintindex":0}}},{"name":"vacuum","from":[6.35,7.1,7.1449995],"to":[9.65,7.7,10.16],"rotation":{"angle":0.0,"axis":"x","origin":[-9.085769,10.977154,2.2072997]},"faces":{"down":{"uv":[6.2375,6.5125,5.5125,7.1125],"rotation":0,"texture":"#0cd8140a-8c12-20fb-db00-edd21537a8ca","tintindex":0},"east":{"uv":[12.6375,9.8875,13.2375,9.9875],"rotation":0,"texture":"#0cd8140a-8c12-20fb-db00-edd21537a8ca","tintindex":0},"north":{"uv":[12.2625,11.2625,12.9875,11.3625],"rotation":0,"texture":"#0cd8140a-8c12-20fb-db00-edd21537a8ca","tintindex":0},"south":{"uv":[11.8875,12.2625,12.6125,12.3625],"rotation":0,"texture":"#0cd8140a-8c12-20fb-db00-edd21537a8ca","tintindex":0},"up":{"uv":[5.3625,7.1125,4.6375,6.5125],"rotation":0,"texture":"#0cd8140a-8c12-20fb-db00-edd21537a8ca","tintindex":0},"west":{"uv":[10.0125,12.6375,10.6125,12.7375],"rotation":0,"texture":"#0cd8140a-8c12-20fb-db00-edd21537a8ca","tintindex":0}}},{"name":"vacuum","from":[6.0199995,8.465,6.294374],"to":[9.965,12.2,7.209374],"rotation":{"angle":0.0,"axis":"x","origin":[-9.010769,10.677153,2.8072999]},"faces":{"down":{"uv":[10.8625,5.0125,10.0125,5.2375],"rotation":0,"texture":"#0cd8140a-8c12-20fb-db00-edd21537a8ca","tintindex":0},"east":{"uv":[7.8875,10.3875,8.1125,11.1125],"rotation":0,"texture":"#0cd8140a-8c12-20fb-db00-edd21537a8ca","tintindex":0},"north":{"uv":[8.0125,0.0125,15.9875,7.9875],"rotation":0,"texture":"#54e1c98d-cbb5-3f45-2868-f1ee52e55c7f","tintindex":0},"south":{"uv":[4.1375,0.8875,4.9875,1.6125],"rotation":0,"texture":"#0cd8140a-8c12-20fb-db00-edd21537a8ca","tintindex":0},"up":{"uv":[10.7375,4.8625,9.8875,4.6375],"rotation":0,"texture":"#0cd8140a-8c12-20fb-db00-edd21537a8ca","tintindex":0},"west":{"uv":[6.8875,10.5125,7.1125,11.2375],"rotation":0,"texture":"#0cd8140a-8c12-20fb-db00-edd21537a8ca","tintindex":0}}},{"name":"vacuum","from":[6.5,8.6,6.95],"to":[9.5,12.2,10.31],"rotation":{"angle":0.0,"axis":"x","origin":[-9.085769,10.677153,2.2072997]},"faces":{"down":{"uv":[4.4875,6.0125,3.8875,6.7375],"rotation":0,"texture":"#0cd8140a-8c12-20fb-db00-edd21537a8ca","tintindex":0},"east":{"uv":[5.0125,3.8875,5.7375,4.6125],"rotation":0,"texture":"#0cd8140a-8c12-20fb-db00-edd21537a8ca","tintindex":0},"north":{"uv":[5.8875,3.8875,6.4875,4.6125],"rotation":0,"texture":"#0cd8140a-8c12-20fb-db00-edd21537a8ca","tintindex":0},"south":{"uv":[5.8875,4.7625,6.4875,5.4875],"rotation":0,"texture":"#0cd8140a-8c12-20fb-db00-edd21537a8ca","tintindex":0},"up":{"uv":[6.6125,0.7375,6.0125,0.0125],"rotation":0,"texture":"#0cd8140a-8c12-20fb-db00-edd21537a8ca","tintindex":0},"west":{"uv":[5.0125,4.7625,5.7375,5.4875],"rotation":0,"texture":"#0cd8140a-8c12-20fb-db00-edd21537a8ca","tintindex":0}}},{"name":"vacuum","from":[6.5,12.5,6.95],"to":[9.5,13.054999,10.31],"rotation":{"angle":0.0,"axis":"x","origin":[-9.085769,14.577153,2.2072997]},"faces":{"down":{"uv":[1.3625,6.3875,0.7625,7.1125],"rotation":0,"texture":"#0cd8140a-8c12-20fb-db00-edd21537a8ca","tintindex":0},"east":{"uv":[12.0125,0.0125,12.7375,0.1125],"rotation":0,"texture":"#0cd8140a-8c12-20fb-db00-edd21537a8ca","tintindex":0},"north":{"uv":[9.2625,12.6375,9.8625,12.7375],"rotation":0,"texture":"#0cd8140a-8c12-20fb-db00-edd21537a8ca","tintindex":0},"south":{"uv":[12.6375,9.6375,13.2375,9.7375],"rotation":0,"texture":"#0cd8140a-8c12-20fb-db00-edd21537a8ca","tintindex":0},"up":{"uv":[2.2375,6.9875,1.6375,6.2625],"rotation":0,"texture":"#0cd8140a-8c12-20fb-db00-edd21537a8ca","tintindex":0},"west":{"uv":[12.0125,3.5125,12.7375,3.6125],"rotation":0,"texture":"#0cd8140a-8c12-20fb-db00-edd21537a8ca","tintindex":0}}},{"name":"vacuum","from":[5.8999996,11.900001,6.05],"to":[6.2,12.5,10.4],"rotation":{"angle":0.0,"axis":"x","origin":[5.3,11.0,8.3]},"faces":{"down":{"uv":[11.8625,4.8875,11.7625,5.7375],"rotation":0,"texture":"#0cd8140a-8c12-20fb-db00-edd21537a8ca","tintindex":0},"east":{"uv":[11.7625,0.3875,12.6125,0.4875],"rotation":0,"texture":"#0cd8140a-8c12-20fb-db00-edd21537a8ca","tintindex":0},"north":{"uv":[15.2625,8.1375,15.3625,8.2375],"rotation":0,"texture":"#0cd8140a-8c12-20fb-db00-edd21537a8ca","tintindex":0},"south":{"uv":[15.2625,8.3875,15.3625,8.4875],"rotation":0,"texture":"#0cd8140a-8c12-20fb-db00-edd21537a8ca","tintindex":0},"up":{"uv":[3.6125,12.6125,3.5125,11.7625],"rotation":0,"texture":"#0cd8140a-8c12-20fb-db00-edd21537a8ca","tintindex":0},"west":{"uv":[11.7625,0.6375,12.6125,0.7375],"rotation":0,"texture":"#0cd8140a-8c12-20fb-db00-edd21537a8ca","tintindex":0}}},{"name":"vacuum","from":[9.8,8.9,6.05],"to":[11.0,10.115,10.4],"rotation":{"angle":0.0,"axis":"x","origin":[11.6,8.6,8.3]},"faces":{"down":{"uv":[8.4875,10.0125,8.2625,10.8625],"rotation":0,"texture":"#0cd8140a-8c12-20fb-db00-edd21537a8ca","tintindex":0},"east":{"uv":[10.0125,6.8875,10.8625,7.1125],"rotation":0,"texture":"#0cd8140a-8c12-20fb-db00-edd21537a8ca","tintindex":0},"north":{"uv":[10.1375,13.7625,10.3625,13.9875],"rotation":0,"texture":"#0cd8140a-8c12-20fb-db00-edd21537a8ca","tintindex":0},"south":{"uv":[13.7625,12.3875,13.9875,12.6125],"rotation":0,"texture":"#0cd8140a-8c12-20fb-db00-edd21537a8ca","tintindex":0},"up":{"uv":[10.2375,8.1125,10.0125,7.2625],"rotation":0,"texture":"#0cd8140a-8c12-20fb-db00-edd21537a8ca","tintindex":0},"west":{"uv":[7.2625,10.0125,8.1125,10.2375],"rotation":0,"texture":"#0cd8140a-8c12-20fb-db00-edd21537a8ca","tintindex":0}}},{"name":"vacuum","from":[10.075907,8.112924,6.05],"to":[11.275907,9.312923,10.4],"rotation":{"angle":22.5,"axis":"z","origin":[10.975906,8.412924,8.3]},"faces":{"down":{"uv":[1.8625,10.1375,1.6375,10.9875],"rotation":0,"texture":"#0cd8140a-8c12-20fb-db00-edd21537a8ca","tintindex":0},"east":{"uv":[10.0125,8.2625,10.8625,8.4875],"rotation":0,"texture":"#0cd8140a-8c12-20fb-db00-edd21537a8ca","tintindex":0},"north":{"uv":[13.8875,0.7625,14.1125,0.9875],"rotation":0,"texture":"#0cd8140a-8c12-20fb-db00-edd21537a8ca","tintindex":0},"south":{"uv":[13.8875,1.1375,14.1125,1.3625],"rotation":0,"texture":"#0cd8140a-8c12-20fb-db00-edd21537a8ca","tintindex":0},"up":{"uv":[1.4875,10.9875,1.2625,10.1375],"rotation":0,"texture":"#0cd8140a-8c12-20fb-db00-edd21537a8ca","tintindex":0},"west":{"uv":[10.0125,8.6375,10.8625,8.8625],"rotation":0,"texture":"#0cd8140a-8c12-20fb-db00-edd21537a8ca","tintindex":0}}},{"name":"vacuum","from":[10.219347,7.0613003,6.0506],"to":[10.819347,8.7263,10.3946],"rotation":{"angle":-45.0,"axis":"z","origin":[10.519347,7.8263006,8.3]},"faces":{"down":{"uv":[8.6125,11.7625,8.5125,12.6125],"rotation":0,"texture":"#0cd8140a-8c12-20fb-db00-edd21537a8ca","tintindex":0},"east":{"uv":[7.6375,1.8875,8.4875,2.2375],"rotation":0,"texture":"#0cd8140a-8c12-20fb-db00-edd21537a8ca","tintindex":0},"north":{"uv":[2.3875,14.2625,2.4875,14.6125],"rotation":0,"texture":"#0cd8140a-8c12-20fb-db00-edd21537a8ca","tintindex":0},"south":{"uv":[14.2625,2.5125,14.3625,2.8625],"rotation":0,"texture":"#0cd8140a-8c12-20fb-db00-edd21537a8ca","tintindex":0},"up":{"uv":[6.4875,12.6125,6.3875,11.7625],"rotation":0,"texture":"#0cd8140a-8c12-20fb-db00-edd21537a8ca","tintindex":0},"west":{"uv":[2.1375,7.6375,2.9875,7.9875],"rotation":0,"texture":"#0cd8140a-8c12-20fb-db00-edd21537a8ca","tintindex":0}}},{"name":"vacuum","from":[9.5,10.1,6.05],"to":[10.700001,11.900001,10.4],"rotation":{"angle":0.0,"axis":"x","origin":[11.3,10.4,8.3]},"faces":{"down":{"uv":[3.9875,10.0125,3.7625,10.8625],"rotation":0,"texture":"#0cd8140a-8c12-20fb-db00-edd21537a8ca","tintindex":0},"east":{"uv":[7.5125,7.0125,8.3625,7.3625],"rotation":0,"texture":"#0cd8140a-8c12-20fb-db00-edd21537a8ca","tintindex":0},"north":{"uv":[4.6375,6.0125,4.8625,6.3625],"rotation":0,"texture":"#0cd8140a-8c12-20fb-db00-edd21537a8ca","tintindex":0},"south":{"uv":[12.0125,3.0125,12.2375,3.3625],"rotation":0,"texture":"#0cd8140a-8c12-20fb-db00-edd21537a8ca","tintindex":0},"up":{"uv":[7.1125,10.3625,6.8875,9.5125],"rotation":0,"texture":"#0cd8140a-8c12-20fb-db00-edd21537a8ca","tintindex":0},"west":{"uv":[7.5125,7.5125,8.3625,7.8625],"rotation":0,"texture":"#0cd8140a-8c12-20fb-db00-edd21537a8ca","tintindex":0}}},{"name":"vacuum","from":[5.3,10.1,6.05],"to":[6.5,11.900001,10.4],"rotation":{"angle":0.0,"axis":"x","origin":[4.7,10.4,8.3]},"faces":{"down":{"uv":[5.4875,10.2625,5.2625,11.1125],"rotation":0,"texture":"#0cd8140a-8c12-20fb-db00-edd21537a8ca","tintindex":0},"east":{"uv":[7.6375,3.8875,8.4875,4.2375],"rotation":0,"texture":"#0cd8140a-8c12-20fb-db00-edd21537a8ca","tintindex":0},"north":{"uv":[5.6375,12.0125,5.8625,12.3625],"rotation":0,"texture":"#0cd8140a-8c12-20fb-db00-edd21537a8ca","tintindex":0},"south":{"uv":[6.8875,12.0125,7.1125,12.3625],"rotation":0,"texture":"#0cd8140a-8c12-20fb-db00-edd21537a8ca","tintindex":0},"up":{"uv":[5.1125,11.1125,4.8875,10.2625],"rotation":0,"texture":"#0cd8140a-8c12-20fb-db00-edd21537a8ca","tintindex":0},"west":{"uv":[7.6375,4.3875,8.4875,4.7375],"rotation":0,"texture":"#0cd8140a-8c12-20fb-db00-edd21537a8ca","tintindex":0}}},{"name":"vacuum","from":[5.0,8.9,6.05],"to":[6.2,10.115,10.4],"rotation":{"angle":0.0,"axis":"x","origin":[4.3999996,8.6,8.3]},"faces":{"down":{"uv":[8.8625,10.1375,8.6375,10.9875],"rotation":0,"texture":"#0cd8140a-8c12-20fb-db00-edd21537a8ca","tintindex":0},"east":{"uv":[9.8875,10.1375,10.7375,10.3625],"rotation":0,"texture":"#0cd8140a-8c12-20fb-db00-edd21537a8ca","tintindex":0},"north":{"uv":[1.8875,13.8875,2.1125,14.1125],"rotation":0,"texture":"#0cd8140a-8c12-20fb-db00-edd21537a8ca","tintindex":0},"south":{"uv":[13.8875,2.8875,14.1125,3.1125],"rotation":0,"texture":"#0cd8140a-8c12-20fb-db00-edd21537a8ca","tintindex":0},"up":{"uv":[6.4875,10.9875,6.2625,10.1375],"rotation":0,"texture":"#0cd8140a-8c12-20fb-db00-edd21537a8ca","tintindex":0},"west":{"uv":[0.0125,10.2625,0.8625,10.4875],"rotation":0,"texture":"#0cd8140a-8c12-20fb-db00-edd21537a8ca","tintindex":0}}},{"name":"vacuum","from":[4.724093,8.112924,6.05],"to":[5.9240932,9.312923,10.4],"rotation":{"angle":-22.5,"axis":"z","origin":[5.024093,8.412924,8.3]},"faces":{"down":{"uv":[4.7375,10.1375,4.5125,10.9875],"rotation":0,"texture":"#0cd8140a-8c12-20fb-db00-edd21537a8ca","tintindex":0},"east":{"uv":[10.0125,9.0125,10.8625,9.2375],"rotation":0,"texture":"#0cd8140a-8c12-20fb-db00-edd21537a8ca","tintindex":0},"north":{"uv":[1.5125,13.8875,1.7375,14.1125],"rotation":0,"texture":"#0cd8140a-8c12-20fb-db00-edd21537a8ca","tintindex":0},"south":{"uv":[13.8875,1.5125,14.1125,1.7375],"rotation":0,"texture":"#0cd8140a-8c12-20fb-db00-edd21537a8ca","tintindex":0},"up":{"uv":[4.3625,10.9875,4.1375,10.1375],"rotation":0,"texture":"#0cd8140a-8c12-20fb-db00-edd21537a8ca","tintindex":0},"west":{"uv":[2.0125,10.1375,2.8625,10.3625],"rotation":0,"texture":"#0cd8140a-8c12-20fb-db00-edd21537a8ca","tintindex":0}}},{"name":"vacuum","from":[5.1806526,7.0763006,6.0506],"to":[5.780652,8.7263,10.3946],"rotation":{"angle":45.0,"axis":"z","origin":[5.480653,7.8263006,8.3]},"faces":{"down":{"uv":[8.8625,11.7625,8.7625,12.6125],"rotation":0,"texture":"#0cd8140a-8c12-20fb-db00-edd21537a8ca","tintindex":0},"east":{"uv":[7.6375,4.8875,8.4875,5.2375],"rotation":0,"texture":"#0cd8140a-8c12-20fb-db00-edd21537a8ca","tintindex":0},"north":{"uv":[5.7625,14.2625,5.8625,14.6125],"rotation":0,"texture":"#0cd8140a-8c12-20fb-db00-edd21537a8ca","tintindex":0},"south":{"uv":[14.2625,7.0125,14.3625,7.3625],"rotation":0,"texture":"#0cd8140a-8c12-20fb-db00-edd21537a8ca","tintindex":0},"up":{"uv":[11.8625,9.4875,11.7625,8.6375],"rotation":0,"texture":"#0cd8140a-8c12-20fb-db00-edd21537a8ca","tintindex":0},"west":{"uv":[7.7625,5.3875,8.6125,5.7375],"rotation":0,"texture":"#0cd8140a-8c12-20fb-db00-edd21537a8ca","tintindex":0}}},{"name":"vacuum","from":[5.780652,7.0763006,7.2506],"to":[6.9806523,8.7263,10.3946],"rotation":{"angle":45.0,"axis":"z","origin":[5.480653,7.8263006,8.3]},"faces":{"down":{"uv":[3.7375,11.0125,3.5125,11.6125],"rotation":0,"texture":"#0cd8140a-8c12-20fb-db00-edd21537a8ca","tintindex":0},"east":{"uv":[9.8875,3.1375,10.4875,3.4875],"rotation":0,"texture":"#0cd8140a-8c12-20fb-db00-edd21537a8ca","tintindex":0},"north":{"uv":[12.3875,4.7625,12.6125,5.1125],"rotation":0,"texture":"#0cd8140a-8c12-20fb-db00-edd21537a8ca","tintindex":0},"south":{"uv":[12.3875,7.3875,12.6125,7.7375],"rotation":0,"texture":"#0cd8140a-8c12-20fb-db00-edd21537a8ca","tintindex":0},"up":{"uv":[11.2375,1.3625,11.0125,0.7625],"rotation":0,"texture":"#0cd8140a-8c12-20fb-db00-edd21537a8ca","tintindex":0},"west":{"uv":[9.8875,3.6375,10.4875,3.9875],"rotation":0,"texture":"#0cd8140a-8c12-20fb-db00-edd21537a8ca","tintindex":0}}},{"name":"vacuum","from":[9.019348,7.0763006,7.2506],"to":[10.219347,8.7263,10.3946],"rotation":{"angle":-45.0,"axis":"z","origin":[10.519347,7.8263006,8.3]},"faces":{"down":{"uv":[11.2375,5.6375,11.0125,6.2375],"rotation":0,"texture":"#0cd8140a-8c12-20fb-db00-edd21537a8ca","tintindex":0},"east":{"uv":[9.8875,4.1375,10.4875,4.4875],"rotation":0,"texture":"#0cd8140a-8c12-20fb-db00-edd21537a8ca","tintindex":0},"north":{"uv":[12.3875,7.8875,12.6125,8.2375],"rotation":0,"texture":"#0cd8140a-8c12-20fb-db00-edd21537a8ca","tintindex":0},"south":{"uv":[5.2625,12.5125,5.4875,12.8625],"rotation":0,"texture":"#0cd8140a-8c12-20fb-db00-edd21537a8ca","tintindex":0},"up":{"uv":[11.2375,5.4875,11.0125,4.8875],"rotation":0,"texture":"#0cd8140a-8c12-20fb-db00-edd21537a8ca","tintindex":0},"west":{"uv":[9.8875,9.6375,10.4875,9.9875],"rotation":0,"texture":"#0cd8140a-8c12-20fb-db00-edd21537a8ca","tintindex":0}}},{"name":"vacuum","from":[9.8,11.900001,6.05],"to":[10.1,12.5,10.4],"rotation":{"angle":0.0,"axis":"x","origin":[10.700001,11.0,8.3]},"faces":{"down":{"uv":[6.2375,11.7625,6.1375,12.6125],"rotation":0,"texture":"#0cd8140a-8c12-20fb-db00-edd21537a8ca","tintindex":0},"east":{"uv":[11.7625,1.5125,12.6125,1.6125],"rotation":0,"texture":"#0cd8140a-8c12-20fb-db00-edd21537a8ca","tintindex":0},"north":{"uv":[15.2625,11.2625,15.3625,11.3625],"rotation":0,"texture":"#0cd8140a-8c12-20fb-db00-edd21537a8ca","tintindex":0},"south":{"uv":[11.3875,15.2625,11.4875,15.3625],"rotation":0,"texture":"#0cd8140a-8c12-20fb-db00-edd21537a8ca","tintindex":0},"up":{"uv":[11.8625,6.7375,11.7625,5.8875],"rotation":0,"texture":"#0cd8140a-8c12-20fb-db00-edd21537a8ca","tintindex":0},"west":{"uv":[11.7625,4.0125,12.6125,4.1125],"rotation":0,"texture":"#0cd8140a-8c12-20fb-db00-edd21537a8ca","tintindex":0}}},{"name":"vacuum","from":[6.2,11.900001,10.4],"to":[9.8,13.1,10.55],"rotation":{"angle":0.0,"axis":"x","origin":[10.1,11.0,8.3]},"faces":{"down":{"uv":[12.6125,11.7625,11.8875,11.8625],"rotation":0,"texture":"#0cd8140a-8c12-20fb-db00-edd21537a8ca","tintindex":0},"east":{"uv":[14.6375,8.7625,14.7375,8.9875],"rotation":0,"texture":"#0cd8140a-8c12-20fb-db00-edd21537a8ca","tintindex":0},"north":{"uv":[10.5125,2.0125,11.2375,2.2375],"rotation":0,"texture":"#0cd8140a-8c12-20fb-db00-edd21537a8ca","tintindex":0},"south":{"uv":[10.7625,2.3875,11.4875,2.6125],"rotation":0,"texture":"#0cd8140a-8c12-20fb-db00-edd21537a8ca","tintindex":0},"up":{"uv":[12.6125,11.6125,11.8875,11.5125],"rotation":0,"texture":"#0cd8140a-8c12-20fb-db00-edd21537a8ca","tintindex":0},"west":{"uv":[9.0125,14.6375,9.1125,14.8625],"rotation":0,"texture":"#0cd8140a-8c12-20fb-db00-edd21537a8ca","tintindex":0}}},{"name":"vacuum","from":[6.2,10.700001,10.4],"to":[9.8,11.900001,10.700001],"rotation":{"angle":0.0,"axis":"x","origin":[10.1,11.0,8.3]},"faces":{"down":{"uv":[13.1125,3.0125,12.3875,3.1125],"rotation":0,"texture":"#0cd8140a-8c12-20fb-db00-edd21537a8ca","tintindex":0},"east":{"uv":[14.8875,7.3875,14.9875,7.6125],"rotation":0,"texture":"#0cd8140a-8c12-20fb-db00-edd21537a8ca","tintindex":0},"north":{"uv":[10.7625,2.7625,11.4875,2.9875],"rotation":0,"texture":"#0cd8140a-8c12-20fb-db00-edd21537a8ca","tintindex":0},"south":{"uv":[10.7625,10.5125,11.4875,10.7375],"rotation":0,"texture":"#0cd8140a-8c12-20fb-db00-edd21537a8ca","tintindex":0},"up":{"uv":[1.9875,12.4875,1.2625,12.3875],"rotation":0,"texture":"#0cd8140a-8c12-20fb-db00-edd21537a8ca","tintindex":0},"west":{"uv":[8.1375,14.8875,8.2375,15.1125],"rotation":0,"texture":"#0cd8140a-8c12-20fb-db00-edd21537a8ca","tintindex":0}}},{"name":"vacuum","from":[6.2,7.1,10.4],"to":[9.8,10.700001,11.0],"rotation":{"angle":0.0,"axis":"x","origin":[10.1,11.0,8.3]},"faces":{"down":{"uv":[13.1125,4.5125,12.3875,4.6125],"rotation":0,"texture":"#0cd8140a-8c12-20fb-db00-edd21537a8ca","tintindex":0},"east":{"uv":[3.2625,12.2625,3.3625,12.9875],"rotation":0,"texture":"#0cd8140a-8c12-20fb-db00-edd21537a8ca","tintindex":0},"north":{"uv":[5.1375,0.6375,5.8625,1.3625],"rotation":0,"texture":"#0cd8140a-8c12-20fb-db00-edd21537a8ca","tintindex":0},"south":{"uv":[1.7625,5.3875,2.4875,6.1125],"rotation":0,"texture":"#0cd8140a-8c12-20fb-db00-edd21537a8ca","tintindex":0},"up":{"uv":[13.1125,3.3625,12.3875,3.2625],"rotation":0,"texture":"#0cd8140a-8c12-20fb-db00-edd21537a8ca","tintindex":0},"west":{"uv":[2.1375,12.3875,2.2375,13.1125],"rotation":0,"texture":"#0cd8140a-8c12-20fb-db00-edd21537a8ca","tintindex":0}}},{"name":"vacuum","from":[6.2,12.5,6.05],"to":[9.8,13.1,10.4],"rotation":{"angle":0.0,"axis":"x","origin":[10.1,11.0,8.3]},"faces":{"down":{"uv":[0.7375,4.6375,0.0125,5.4875],"rotation":0,"texture":"#0cd8140a-8c12-20fb-db00-edd21537a8ca","tintindex":0},"east":{"uv":[11.7625,6.8875,12.6125,6.9875],"rotation":0,"texture":"#0cd8140a-8c12-20fb-db00-edd21537a8ca","tintindex":0},"north":{"uv":[12.3875,0.8875,13.1125,0.9875],"rotation":0,"texture":"#0cd8140a-8c12-20fb-db00-edd21537a8ca","tintindex":0},"south":{"uv":[12.3875,1.1375,13.1125,1.2375],"rotation":0,"texture":"#0cd8140a-8c12-20fb-db00-edd21537a8ca","tintindex":0},"up":{"uv":[1.6125,5.3625,0.8875,4.5125],"rotation":0,"texture":"#0cd8140a-8c12-20fb-db00-edd21537a8ca","tintindex":0},"west":{"uv":[11.7625,7.1375,12.6125,7.2375],"rotation":0,"texture":"#0cd8140a-8c12-20fb-db00-edd21537a8ca","tintindex":0}}},{"name":"vacuum","from":[9.2,11.900001,6.05],"to":[9.8,12.5,6.8],"rotation":{"angle":0.0,"axis":"x","origin":[10.700001,10.4,4.7]},"faces":{"down":{"uv":[10.2375,15.2625,10.1375,15.3625],"rotation":0,"texture":"#0cd8140a-8c12-20fb-db00-edd21537a8ca","tintindex":0},"east":{"uv":[15.2625,9.3875,15.3625,9.4875],"rotation":0,"texture":"#0cd8140a-8c12-20fb-db00-edd21537a8ca","tintindex":0},"north":{"uv":[9.3875,15.2625,9.4875,15.3625],"rotation":0,"texture":"#0cd8140a-8c12-20fb-db00-edd21537a8ca","tintindex":0},"south":{"uv":[9.6375,15.2625,9.7375,15.3625],"rotation":0,"texture":"#0cd8140a-8c12-20fb-db00-edd21537a8ca","tintindex":0},"up":{"uv":[9.9875,15.3625,9.8875,15.2625],"rotation":0,"texture":"#0cd8140a-8c12-20fb-db00-edd21537a8ca","tintindex":0},"west":{"uv":[15.2625,9.6375,15.3625,9.7375],"rotation":0,"texture":"#0cd8140a-8c12-20fb-db00-edd21537a8ca","tintindex":0}}},{"name":"vacuum","from":[7.4,11.900001,6.05],"to":[8.6,12.5,6.8],"rotation":{"angle":0.0,"axis":"x","origin":[8.9,10.4,4.7]},"faces":{"down":{"uv":[14.8625,9.6375,14.6375,9.7375],"rotation":0,"texture":"#0cd8140a-8c12-20fb-db00-edd21537a8ca","tintindex":0},"east":{"uv":[15.2625,11.5125,15.3625,11.6125],"rotation":0,"texture":"#0cd8140a-8c12-20fb-db00-edd21537a8ca","tintindex":0},"north":{"uv":[14.6375,7.8875,14.8625,7.9875],"rotation":0,"texture":"#0cd8140a-8c12-20fb-db00-edd21537a8ca","tintindex":0},"south":{"uv":[14.6375,9.1375,14.8625,9.2375],"rotation":0,"texture":"#0cd8140a-8c12-20fb-db00-edd21537a8ca","tintindex":0},"up":{"uv":[14.8625,9.4875,14.6375,9.3875],"rotation":0,"texture":"#0cd8140a-8c12-20fb-db00-edd21537a8ca","tintindex":0},"west":{"uv":[11.6375,15.2625,11.7375,15.3625],"rotation":0,"texture":"#0cd8140a-8c12-20fb-db00-edd21537a8ca","tintindex":0}}},{"name":"vacuum","from":[7.7,11.3,6.05],"to":[8.3,11.900001,6.8],"rotation":{"angle":0.0,"axis":"x","origin":[9.2,9.8,4.7]},"faces":{"down":{"uv":[13.6125,15.2625,13.5125,15.3625],"rotation":0,"texture":"#0cd8140a-8c12-20fb-db00-edd21537a8ca","tintindex":0},"east":{"uv":[11.8875,15.2625,11.9875,15.3625],"rotation":0,"texture":"#0cd8140a-8c12-20fb-db00-edd21537a8ca","tintindex":0},"north":{"uv":[15.2625,11.7625,15.3625,11.8625],"rotation":0,"texture":"#0cd8140a-8c12-20fb-db00-edd21537a8ca","tintindex":0},"south":{"uv":[15.2625,12.0125,15.3625,12.1125],"rotation":0,"texture":"#0cd8140a-8c12-20fb-db00-edd21537a8ca","tintindex":0},"up":{"uv":[15.3625,13.4875,15.2625,13.3875],"rotation":0,"texture":"#0cd8140a-8c12-20fb-db00-edd21537a8ca","tintindex":0},"west":{"uv":[15.2625,12.2625,15.3625,12.3625],"rotation":0,"texture":"#0cd8140a-8c12-20fb-db00-edd21537a8ca","tintindex":0}}},{"name":"vacuum","from":[6.2,11.900001,6.05],"to":[6.8,12.5,6.8],"rotation":{"angle":0.0,"axis":"x","origin":[5.3,10.4,4.7]},"faces":{"down":{"uv":[11.2375,15.2625,11.1375,15.3625],"rotation":0,"texture":"#0cd8140a-8c12-20fb-db00-edd21537a8ca","tintindex":0},"east":{"uv":[10.3875,15.2625,10.4875,15.3625],"rotation":0,"texture":"#0cd8140a-8c12-20fb-db00-edd21537a8ca","tintindex":0},"north":{"uv":[15.2625,10.1375,15.3625,10.2375],"rotation":0,"texture":"#0cd8140a-8c12-20fb-db00-edd21537a8ca","tintindex":0},"south":{"uv":[15.2625,10.3875,15.3625,10.4875],"rotation":0,"texture":"#0cd8140a-8c12-20fb-db00-edd21537a8ca","tintindex":0},"up":{"uv":[10.9875,15.3625,10.8875,15.2625],"rotation":0,"texture":"#0cd8140a-8c12-20fb-db00-edd21537a8ca","tintindex":0},"west":{"uv":[10.6375,15.2625,10.7375,15.3625],"rotation":0,"texture":"#0cd8140a-8c12-20fb-db00-edd21537a8ca","tintindex":0}}},{"name":"maske","from":[8.206774,9.015478,6.215],"to":[9.4067745,9.6154785,6.365],"rotation":{"angle":22.5,"axis":"z","origin":[8.806774,9.315477,6.5150003]},"faces":{"down":{"uv":[14.8625,11.6375,14.6375,11.7375],"rotation":0,"texture":"#0cd8140a-8c12-20fb-db00-edd21537a8ca","tintindex":0},"east":{"uv":[15.2625,13.8875,15.3625,13.9875],"rotation":0,"texture":"#0cd8140a-8c12-20fb-db00-edd21537a8ca","tintindex":0},"north":{"uv":[10.5125,14.6375,10.7375,14.7375],"rotation":0,"texture":"#0cd8140a-8c12-20fb-db00-edd21537a8ca","tintindex":0},"south":{"uv":[14.6375,10.5125,14.8625,10.6125],"rotation":0,"texture":"#0cd8140a-8c12-20fb-db00-edd21537a8ca","tintindex":0},"up":{"uv":[14.8625,11.4875,14.6375,11.3875],"rotation":0,"texture":"#0cd8140a-8c12-20fb-db00-edd21537a8ca","tintindex":0},"west":{"uv":[15.2625,14.1375,15.3625,14.2375],"rotation":0,"texture":"#0cd8140a-8c12-20fb-db00-edd21537a8ca","tintindex":0}}},{"name":"maske","from":[6.2,10.655,6.2],"to":[9.8,11.255,6.35],"rotation":{"angle":0.0,"axis":"x","origin":[8.9,11.554999,4.7]},"faces":{"down":{"uv":[12.7375,8.6375,12.0125,8.7375],"rotation":0,"texture":"#0cd8140a-8c12-20fb-db00-edd21537a8ca","tintindex":0},"east":{"uv":[14.8875,15.2625,14.9875,15.3625],"rotation":0,"texture":"#0cd8140a-8c12-20fb-db00-edd21537a8ca","tintindex":0},"north":{"uv":[12.0125,6.1375,12.7375,6.2375],"rotation":0,"texture":"#0cd8140a-8c12-20fb-db00-edd21537a8ca","tintindex":0},"south":{"uv":[12.0125,6.3875,12.7375,6.4875],"rotation":0,"texture":"#0cd8140a-8c12-20fb-db00-edd21537a8ca","tintindex":0},"up":{"uv":[12.7375,6.7375,12.0125,6.6375],"rotation":0,"texture":"#0cd8140a-8c12-20fb-db00-edd21537a8ca","tintindex":0},"west":{"uv":[15.3875,0.2625,15.4875,0.3625],"rotation":0,"texture":"#0cd8140a-8c12-20fb-db00-edd21537a8ca","tintindex":0}}},{"name":"maske","from":[7.4,11.255,6.2],"to":[8.6,11.855,6.35],"rotation":{"angle":0.0,"axis":"x","origin":[8.9,12.155,4.7]},"faces":{"down":{"uv":[14.9875,0.7625,14.7625,0.8625],"rotation":0,"texture":"#0cd8140a-8c12-20fb-db00-edd21537a8ca","tintindex":0},"east":{"uv":[15.3875,3.8875,15.4875,3.9875],"rotation":0,"texture":"#0cd8140a-8c12-20fb-db00-edd21537a8ca","tintindex":0},"north":{"uv":[14.6375,14.1375,14.8625,14.2375],"rotation":0,"texture":"#0cd8140a-8c12-20fb-db00-edd21537a8ca","tintindex":0},"south":{"uv":[14.7625,0.2625,14.9875,0.3625],"rotation":0,"texture":"#0cd8140a-8c12-20fb-db00-edd21537a8ca","tintindex":0},"up":{"uv":[14.9875,0.6125,14.7625,0.5125],"rotation":0,"texture":"#0cd8140a-8c12-20fb-db00-edd21537a8ca","tintindex":0},"west":{"uv":[15.3875,4.1375,15.4875,4.2375],"rotation":0,"texture":"#0cd8140a-8c12-20fb-db00-edd21537a8ca","tintindex":0}}},{"name":"maske","from":[9.2,10.055,6.2],"to":[9.8,10.655,6.35],"rotation":{"angle":0.0,"axis":"x","origin":[8.9,10.955,4.7]},"faces":{"down":{"uv":[15.4875,1.7625,15.3875,1.8625],"rotation":0,"texture":"#0cd8140a-8c12-20fb-db00-edd21537a8ca","tintindex":0},"east":{"uv":[15.3875,0.5125,15.4875,0.6125],"rotation":0,"texture":"#0cd8140a-8c12-20fb-db00-edd21537a8ca","tintindex":0},"north":{"uv":[0.5125,15.3875,0.6125,15.4875],"rotation":0,"texture":"#0cd8140a-8c12-20fb-db00-edd21537a8ca","tintindex":0},"south":{"uv":[15.3875,0.7625,15.4875,0.8625],"rotation":0,"texture":"#0cd8140a-8c12-20fb-db00-edd21537a8ca","tintindex":0},"up":{"uv":[15.4875,1.6125,15.3875,1.5125],"rotation":0,"texture":"#0cd8140a-8c12-20fb-db00-edd21537a8ca","tintindex":0},"west":{"uv":[15.3875,1.0125,15.4875,1.1125],"rotation":0,"texture":"#0cd8140a-8c12-20fb-db00-edd21537a8ca","tintindex":0}}},{"name":"maske","from":[6.2,10.055,6.2],"to":[6.8,10.655,6.35],"rotation":{"angle":0.0,"axis":"x","origin":[7.1,10.955,4.7]},"faces":{"down":{"uv":[3.3625,15.3875,3.2625,15.4875],"rotation":0,"texture":"#0cd8140a-8c12-20fb-db00-edd21537a8ca","tintindex":0},"east":{"uv":[2.5125,15.3875,2.6125,15.4875],"rotation":0,"texture":"#0cd8140a-8c12-20fb-db00-edd21537a8ca","tintindex":0},"north":{"uv":[15.3875,2.0125,15.4875,2.1125],"rotation":0,"texture":"#0cd8140a-8c12-20fb-db00-edd21537a8ca","tintindex":0},"south":{"uv":[2.7625,15.3875,2.8625,15.4875],"rotation":0,"texture":"#0cd8140a-8c12-20fb-db00-edd21537a8ca","tintindex":0},"up":{"uv":[3.1125,15.4875,3.0125,15.3875],"rotation":0,"texture":"#0cd8140a-8c12-20fb-db00-edd21537a8ca","tintindex":0},"west":{"uv":[15.3875,2.7625,15.4875,2.8625],"rotation":0,"texture":"#0cd8140a-8c12-20fb-db00-edd21537a8ca","tintindex":0}}},{"name":"maske","from":[7.4,10.055,6.2],"to":[8.6,10.655,6.35],"rotation":{"angle":0.0,"axis":"x","origin":[8.9,10.955,4.7]},"faces":{"down":{"uv":[14.8625,13.8875,14.6375,13.9875],"rotation":0,"texture":"#0cd8140a-8c12-20fb-db00-edd21537a8ca","tintindex":0},"east":{"uv":[3.5125,15.3875,3.6125,15.4875],"rotation":0,"texture":"#0cd8140a-8c12-20fb-db00-edd21537a8ca","tintindex":0},"north":{"uv":[13.1375,14.6375,13.3625,14.7375],"rotation":0,"texture":"#0cd8140a-8c12-20fb-db00-edd21537a8ca","tintindex":0},"south":{"uv":[14.6375,13.3875,14.8625,13.4875],"rotation":0,"texture":"#0cd8140a-8c12-20fb-db00-edd21537a8ca","tintindex":0},"up":{"uv":[14.8625,13.7375,14.6375,13.6375],"rotation":0,"texture":"#0cd8140a-8c12-20fb-db00-edd21537a8ca","tintindex":0},"west":{"uv":[15.3875,3.6375,15.4875,3.7375],"rotation":0,"texture":"#0cd8140a-8c12-20fb-db00-edd21537a8ca","tintindex":0}}},{"name":"maske","from":[6.2,9.455,6.2],"to":[9.8,10.055,6.35],"rotation":{"angle":0.0,"axis":"x","origin":[8.9,10.355,4.7]},"faces":{"down":{"uv":[12.7375,5.8875,12.0125,5.9875],"rotation":0,"texture":"#0cd8140a-8c12-20fb-db00-edd21537a8ca","tintindex":0},"east":{"uv":[15.2625,13.6375,15.3625,13.7375],"rotation":0,"texture":"#0cd8140a-8c12-20fb-db00-edd21537a8ca","tintindex":0},"north":{"uv":[12.0125,3.7625,12.7375,3.8625],"rotation":0,"texture":"#0cd8140a-8c12-20fb-db00-edd21537a8ca","tintindex":0},"south":{"uv":[12.0125,5.3875,12.7375,5.4875],"rotation":0,"texture":"#0cd8140a-8c12-20fb-db00-edd21537a8ca","tintindex":0},"up":{"uv":[12.7375,5.7375,12.0125,5.6375],"rotation":0,"texture":"#0cd8140a-8c12-20fb-db00-edd21537a8ca","tintindex":0},"west":{"uv":[13.7625,15.2625,13.8625,15.3625],"rotation":0,"texture":"#0cd8140a-8c12-20fb-db00-edd21537a8ca","tintindex":0}}},{"name":"maske","from":[7.4,7.6549997,6.2],"to":[8.6,9.455,6.35],"rotation":{"angle":0.0,"axis":"x","origin":[8.9,7.3549995,4.7]},"faces":{"down":{"uv":[10.3625,14.6375,10.1375,14.7375],"rotation":0,"texture":"#0cd8140a-8c12-20fb-db00-edd21537a8ca","tintindex":0},"east":{"uv":[2.6375,14.2625,2.7375,14.6125],"rotation":0,"texture":"#0cd8140a-8c12-20fb-db00-edd21537a8ca","tintindex":0},"north":{"uv":[12.0125,4.8875,12.2375,5.2375],"rotation":0,"texture":"#0cd8140a-8c12-20fb-db00-edd21537a8ca","tintindex":0},"south":{"uv":[5.2625,12.0125,5.4875,12.3625],"rotation":0,"texture":"#0cd8140a-8c12-20fb-db00-edd21537a8ca","tintindex":0},"up":{"uv":[9.9875,14.7375,9.7625,14.6375],"rotation":0,"texture":"#0cd8140a-8c12-20fb-db00-edd21537a8ca","tintindex":0},"west":{"uv":[4.5125,14.2625,4.6125,14.6125],"rotation":0,"texture":"#0cd8140a-8c12-20fb-db00-edd21537a8ca","tintindex":0}}},{"name":"maske","from":[6.5932264,9.015478,6.215],"to":[7.7932262,9.6154785,6.365],"rotation":{"angle":-22.5,"axis":"z","origin":[7.193226,9.315477,6.5150003]},"faces":{"down":{"uv":[12.9875,14.6375,12.7625,14.7375],"rotation":0,"texture":"#0cd8140a-8c12-20fb-db00-edd21537a8ca","tintindex":0},"east":{"uv":[14.6375,15.2625,14.7375,15.3625],"rotation":0,"texture":"#0cd8140a-8c12-20fb-db00-edd21537a8ca","tintindex":0},"north":{"uv":[14.6375,11.8875,14.8625,11.9875],"rotation":0,"texture":"#0cd8140a-8c12-20fb-db00-edd21537a8ca","tintindex":0},"south":{"uv":[14.6375,12.1375,14.8625,12.2375],"rotation":0,"texture":"#0cd8140a-8c12-20fb-db00-edd21537a8ca","tintindex":0},"up":{"uv":[14.8625,12.4875,14.6375,12.3875],"rotation":0,"texture":"#0cd8140a-8c12-20fb-db00-edd21537a8ca","tintindex":0},"west":{"uv":[15.2625,14.6375,15.3625,14.7375],"rotation":0,"texture":"#0cd8140a-8c12-20fb-db00-edd21537a8ca","tintindex":0}}},{"name":"maske","from":[8.206774,10.944524,6.215],"to":[9.4067745,11.544524,6.365],"rotation":{"angle":-22.5,"axis":"z","origin":[8.806774,11.244524,6.5150003]},"faces":{"down":{"uv":[1.9875,14.7625,1.7625,14.8625],"rotation":0,"texture":"#0cd8140a-8c12-20fb-db00-edd21537a8ca","tintindex":0},"east":{"uv":[4.3875,15.3875,4.4875,15.4875],"rotation":0,"texture":"#0cd8140a-8c12-20fb-db00-edd21537a8ca","tintindex":0},"north":{"uv":[14.7625,1.0125,14.9875,1.1125],"rotation":0,"texture":"#0cd8140a-8c12-20fb-db00-edd21537a8ca","tintindex":0},"south":{"uv":[1.3875,14.7625,1.6125,14.8625],"rotation":0,"texture":"#0cd8140a-8c12-20fb-db00-edd21537a8ca","tintindex":0},"up":{"uv":[14.9875,1.7375,14.7625,1.6375],"rotation":0,"texture":"#0cd8140a-8c12-20fb-db00-edd21537a8ca","tintindex":0},"west":{"uv":[15.3875,4.3875,15.4875,4.4875],"rotation":0,"texture":"#0cd8140a-8c12-20fb-db00-edd21537a8ca","tintindex":0}}},{"name":"maske","from":[6.5932264,10.944524,6.215],"to":[7.7932262,11.544524,6.365],"rotation":{"angle":22.5,"axis":"z","origin":[7.193226,11.244524,6.5150003]},"faces":{"down":{"uv":[14.9875,3.0125,14.7625,3.1125],"rotation":0,"texture":"#0cd8140a-8c12-20fb-db00-edd21537a8ca","tintindex":0},"east":{"uv":[15.3875,4.6375,15.4875,4.7375],"rotation":0,"texture":"#0cd8140a-8c12-20fb-db00-edd21537a8ca","tintindex":0},"north":{"uv":[14.7625,1.8875,14.9875,1.9875],"rotation":0,"texture":"#0cd8140a-8c12-20fb-db00-edd21537a8ca","tintindex":0},"south":{"uv":[14.7625,2.1375,14.9875,2.2375],"rotation":0,"texture":"#0cd8140a-8c12-20fb-db00-edd21537a8ca","tintindex":0},"up":{"uv":[2.6125,14.8625,2.3875,14.7625],"rotation":0,"texture":"#0cd8140a-8c12-20fb-db00-edd21537a8ca","tintindex":0},"west":{"uv":[15.3875,4.8875,15.4875,4.9875],"rotation":0,"texture":"#0cd8140a-8c12-20fb-db00-edd21537a8ca","tintindex":0}}}],"display":{"head":{"translation":[0.0,-6.4,0.0],"rotation":[0.0,0.0,0.0],"scale":[3.8095,3.8095,3.8095]},"gui":{"translation":[0.0,0.0,0.0],"rotation":[35.0,225.0,0.0],"scale":[0.625,0.625,0.625]}}}