{"file_name":"leftarm","texture_size":[128,128],"textures":{"a6f54b2e-09e4-3daa-c557-2d8115a194b4":"modelengine:entity/reapercloak","cc1302b3-ba58-96b2-703a-6e3a6cb31093":"modelengine:entity/reaperfald","f4e90b98-015c-e3c5-c8ad-a9295f4523d9":"modelengine:entity/boneshadin2heraldxd","0cd8140a-8c12-20fb-db00-edd21537a8ca":"modelengine:entity/fallenreaper","54e1c98d-cbb5-3f45-2868-f1ee52e55c7f":"modelengine:entity/boneshadingreaper","207c0d20-03fb-b731-ac36-67e40842ac1a":"modelengine:entity/osdes"},"elements":[{"name":"layer","from":[5.7799997,3.7700002,6.7699995],"to":[8.28875,7.4299994,9.23],"rotation":{"angle":0.0,"axis":"x","origin":[11.15,-7.000001,8.0]},"faces":{"down":{"uv":[9.7625,1.2625,10.2375,1.7375],"rotation":0,"texture":"#0cd8140a-8c12-20fb-db00-edd21537a8ca","tintindex":0},"east":{"uv":[0.4875,7.5125,0.0125,8.2375],"rotation":0,"texture":"#0cd8140a-8c12-20fb-db00-edd21537a8ca","tintindex":0},"north":{"uv":[1.3625,3.6375,0.8875,4.3625],"rotation":0,"texture":"#0cd8140a-8c12-20fb-db00-edd21537a8ca","tintindex":0},"south":{"uv":[7.3625,7.2625,6.8875,7.9875],"rotation":0,"texture":"#0cd8140a-8c12-20fb-db00-edd21537a8ca","tintindex":0},"up":{"uv":[9.7625,1.1125,10.2375,0.6375],"rotation":0,"texture":"#0cd8140a-8c12-20fb-db00-edd21537a8ca","tintindex":0},"west":{"uv":[7.7375,1.0125,7.2625,1.7375],"rotation":0,"texture":"#0cd8140a-8c12-20fb-db00-edd21537a8ca","tintindex":0}}},{"name":"left arm","from":[7.55,8.9,7.4],"to":[8.15,9.2,8.6],"rotation":{"angle":0.0,"axis":"x","origin":[11.15,-4.9000006,8.0]},"faces":{"down":{"uv":[2.2375,14.8875,2.1375,15.1125],"rotation":0,"texture":"#0cd8140a-8c12-20fb-db00-edd21537a8ca","tintindex":0},"east":{"uv":[14.8875,2.3875,15.1125,2.4875],"rotation":0,"texture":"#0cd8140a-8c12-20fb-db00-edd21537a8ca","tintindex":0},"north":{"uv":[15.3875,13.0125,15.4875,13.1125],"rotation":0,"texture":"#0cd8140a-8c12-20fb-db00-edd21537a8ca","tintindex":0},"south":{"uv":[13.1375,15.3875,13.2375,15.4875],"rotation":0,"texture":"#0cd8140a-8c12-20fb-db00-edd21537a8ca","tintindex":0},"up":{"uv":[0.9875,15.1125,0.8875,14.8875],"rotation":0,"texture":"#0cd8140a-8c12-20fb-db00-edd21537a8ca","tintindex":0},"west":{"uv":[14.8875,2.6375,15.1125,2.7375],"rotation":0,"texture":"#0cd8140a-8c12-20fb-db00-edd21537a8ca","tintindex":0}}},{"name":"left arm","from":[7.1,8.6,6.8],"to":[8.3,8.9,9.2],"rotation":{"angle":0.0,"axis":"x","origin":[10.700001,-5.200001,8.0]},"faces":{"down":{"uv":[11.6125,8.6375,11.3875,9.1125],"rotation":0,"texture":"#0cd8140a-8c12-20fb-db00-edd21537a8ca","tintindex":0},"east":{"uv":[14.0125,11.3875,14.4875,11.4875],"rotation":0,"texture":"#0cd8140a-8c12-20fb-db00-edd21537a8ca","tintindex":0},"north":{"uv":[0.5125,14.8875,0.7375,14.9875],"rotation":0,"texture":"#0cd8140a-8c12-20fb-db00-edd21537a8ca","tintindex":0},"south":{"uv":[14.8875,1.2625,15.1125,1.3625],"rotation":0,"texture":"#0cd8140a-8c12-20fb-db00-edd21537a8ca","tintindex":0},"up":{"uv":[7.1125,11.8625,6.8875,11.3875],"rotation":0,"texture":"#0cd8140a-8c12-20fb-db00-edd21537a8ca","tintindex":0},"west":{"uv":[14.0125,11.6375,14.4875,11.7375],"rotation":0,"texture":"#0cd8140a-8c12-20fb-db00-edd21537a8ca","tintindex":0}}},{"name":"left arm","from":[6.5,8.6,7.4],"to":[7.1,8.9,8.6],"rotation":{"angle":0.0,"axis":"x","origin":[10.1,-5.200001,8.0]},"faces":{"down":{"uv":[0.3625,14.8875,0.2625,15.1125],"rotation":0,"texture":"#0cd8140a-8c12-20fb-db00-edd21537a8ca","tintindex":0},"east":{"uv":[14.7625,14.3875,14.9875,14.4875],"rotation":0,"texture":"#0cd8140a-8c12-20fb-db00-edd21537a8ca","tintindex":0},"north":{"uv":[15.3875,12.7625,15.4875,12.8625],"rotation":0,"texture":"#0cd8140a-8c12-20fb-db00-edd21537a8ca","tintindex":0},"south":{"uv":[12.8875,15.3875,12.9875,15.4875],"rotation":0,"texture":"#0cd8140a-8c12-20fb-db00-edd21537a8ca","tintindex":0},"up":{"uv":[0.1125,15.1125,0.0125,14.8875],"rotation":0,"texture":"#0cd8140a-8c12-20fb-db00-edd21537a8ca","tintindex":0},"west":{"uv":[14.6375,14.7625,14.8625,14.8625],"rotation":0,"texture":"#0cd8140a-8c12-20fb-db00-edd21537a8ca","tintindex":0}}},{"name":"left arm","from":[5.8999996,5.6,6.8],"to":[8.3,8.0,9.2],"rotation":{"angle":0.0,"axis":"x","origin":[10.700001,-5.8,8.0]},"faces":{"down":{"uv":[8.9875,0.6375,8.5125,1.1125],"rotation":0,"texture":"#0cd8140a-8c12-20fb-db00-edd21537a8ca","tintindex":0},"east":{"uv":[0.0125,8.3875,0.4875,8.8625],"rotation":0,"texture":"#0cd8140a-8c12-20fb-db00-edd21537a8ca","tintindex":0},"north":{"uv":[6.0125,0.8875,6.4875,1.3625],"rotation":0,"texture":"#0cd8140a-8c12-20fb-db00-edd21537a8ca","tintindex":0},"south":{"uv":[5.5125,8.3875,5.9875,8.8625],"rotation":0,"texture":"#0cd8140a-8c12-20fb-db00-edd21537a8ca","tintindex":0},"up":{"uv":[8.9875,0.4875,8.5125,0.0125],"rotation":0,"texture":"#0cd8140a-8c12-20fb-db00-edd21537a8ca","tintindex":0},"west":{"uv":[6.1375,8.3875,6.6125,8.8625],"rotation":0,"texture":"#0cd8140a-8c12-20fb-db00-edd21537a8ca","tintindex":0}}},{"name":"left arm","from":[7.55,5.0,6.8],"to":[8.15,5.6,9.2],"rotation":{"angle":0.0,"axis":"x","origin":[10.55,-6.4000006,8.0]},"faces":{"down":{"uv":[12.4875,13.0125,12.3875,13.4875],"rotation":0,"texture":"#0cd8140a-8c12-20fb-db00-edd21537a8ca","tintindex":0},"east":{"uv":[13.1375,8.2625,13.6125,8.3625],"rotation":0,"texture":"#0cd8140a-8c12-20fb-db00-edd21537a8ca","tintindex":0},"north":{"uv":[15.0125,11.6375,15.1125,11.7375],"rotation":0,"texture":"#0cd8140a-8c12-20fb-db00-edd21537a8ca","tintindex":0},"south":{"uv":[11.7625,15.0125,11.8625,15.1125],"rotation":0,"texture":"#0cd8140a-8c12-20fb-db00-edd21537a8ca","tintindex":0},"up":{"uv":[8.1125,13.4875,8.0125,13.0125],"rotation":0,"texture":"#0cd8140a-8c12-20fb-db00-edd21537a8ca","tintindex":0},"west":{"uv":[9.2625,13.1375,9.7375,13.2375],"rotation":0,"texture":"#0cd8140a-8c12-20fb-db00-edd21537a8ca","tintindex":0}}},{"name":"left arm","from":[6.05,5.0,6.8],"to":[6.6499996,5.6,9.2],"rotation":{"angle":0.0,"axis":"x","origin":[9.05,-6.4000006,8.0]},"faces":{"down":{"uv":[13.2375,12.7625,13.1375,13.2375],"rotation":0,"texture":"#0cd8140a-8c12-20fb-db00-edd21537a8ca","tintindex":0},"east":{"uv":[13.1375,11.1375,13.6125,11.2375],"rotation":0,"texture":"#0cd8140a-8c12-20fb-db00-edd21537a8ca","tintindex":0},"north":{"uv":[15.0125,11.8875,15.1125,11.9875],"rotation":0,"texture":"#0cd8140a-8c12-20fb-db00-edd21537a8ca","tintindex":0},"south":{"uv":[12.0125,15.0125,12.1125,15.1125],"rotation":0,"texture":"#0cd8140a-8c12-20fb-db00-edd21537a8ca","tintindex":0},"up":{"uv":[3.2375,13.6125,3.1375,13.1375],"rotation":0,"texture":"#0cd8140a-8c12-20fb-db00-edd21537a8ca","tintindex":0},"west":{"uv":[13.1375,12.5125,13.6125,12.6125],"rotation":0,"texture":"#0cd8140a-8c12-20fb-db00-edd21537a8ca","tintindex":0}}},{"name":"left arm","from":[6.5,8.0,6.8],"to":[8.3,8.6,9.2],"rotation":{"angle":0.0,"axis":"x","origin":[10.700001,-5.8,8.0]},"faces":{"down":{"uv":[10.6125,2.5125,10.2625,2.9875],"rotation":0,"texture":"#0cd8140a-8c12-20fb-db00-edd21537a8ca","tintindex":0},"east":{"uv":[5.5125,2.1375,5.9875,2.2375],"rotation":0,"texture":"#0cd8140a-8c12-20fb-db00-edd21537a8ca","tintindex":0},"north":{"uv":[6.1375,3.6375,6.4875,3.7375],"rotation":0,"texture":"#0cd8140a-8c12-20fb-db00-edd21537a8ca","tintindex":0},"south":{"uv":[6.7625,0.6375,7.1125,0.7375],"rotation":0,"texture":"#0cd8140a-8c12-20fb-db00-edd21537a8ca","tintindex":0},"up":{"uv":[7.1125,0.4875,6.7625,0.0125],"rotation":0,"texture":"#0cd8140a-8c12-20fb-db00-edd21537a8ca","tintindex":0},"west":{"uv":[7.0125,3.3875,7.4875,3.4875],"rotation":0,"texture":"#0cd8140a-8c12-20fb-db00-edd21537a8ca","tintindex":0}}},{"name":"left arm","from":[6.2018814,7.5512576,6.803],"to":[6.8018813,8.301258,9.1970005],"rotation":{"angle":-22.5,"axis":"z","origin":[7.101881,8.301258,8.0]},"faces":{"down":{"uv":[3.8625,12.7625,3.7625,13.2375],"rotation":0,"texture":"#0cd8140a-8c12-20fb-db00-edd21537a8ca","tintindex":0},"east":{"uv":[10.0125,9.3875,10.4875,9.4875],"rotation":0,"texture":"#0cd8140a-8c12-20fb-db00-edd21537a8ca","tintindex":0},"north":{"uv":[13.3875,14.8875,13.4875,14.9875],"rotation":0,"texture":"#0cd8140a-8c12-20fb-db00-edd21537a8ca","tintindex":0},"south":{"uv":[15.0125,0.0125,15.1125,0.1125],"rotation":0,"texture":"#0cd8140a-8c12-20fb-db00-edd21537a8ca","tintindex":0},"up":{"uv":[12.8625,0.7375,12.7625,0.2625],"rotation":0,"texture":"#0cd8140a-8c12-20fb-db00-edd21537a8ca","tintindex":0},"west":{"uv":[12.6375,10.8875,13.1125,10.9875],"rotation":0,"texture":"#0cd8140a-8c12-20fb-db00-edd21537a8ca","tintindex":0}}},{"name":"left arm","from":[6.2,4.3999996,7.1],"to":[8.0,5.6,8.9],"rotation":{"angle":0.0,"axis":"x","origin":[10.700001,-5.8,8.0]},"faces":{"down":{"uv":[0.004,0.004,5.996,3.996],"rotation":0,"texture":"#54e1c98d-cbb5-3f45-2868-f1ee52e55c7f","tintindex":0},"east":{"uv":[0.004,0.004,5.996,3.996],"rotation":0,"texture":"#54e1c98d-cbb5-3f45-2868-f1ee52e55c7f","tintindex":0},"north":{"uv":[0.004,0.004,5.996,3.996],"rotation":0,"texture":"#54e1c98d-cbb5-3f45-2868-f1ee52e55c7f","tintindex":0},"south":{"uv":[0.004,0.004,5.996,3.996],"rotation":0,"texture":"#54e1c98d-cbb5-3f45-2868-f1ee52e55c7f","tintindex":0},"up":{"uv":[0.004,0.004,5.996,3.996],"rotation":0,"texture":"#54e1c98d-cbb5-3f45-2868-f1ee52e55c7f","tintindex":0},"west":{"uv":[0.004,0.004,5.996,3.996],"rotation":0,"texture":"#54e1c98d-cbb5-3f45-2868-f1ee52e55c7f","tintindex":0}}}],"display":{"head":{"translation":[0.0,-6.4,0.0],"rotation":[0.0,0.0,0.0],"scale":[3.8095,3.8095,3.8095]},"gui":{"translation":[0.0,0.0,0.0],"rotation":[35.0,225.0,0.0],"scale":[0.625,0.625,0.625]}}}