{"file_name":"leftlegbot","texture_size":[128,128],"textures":{"a6f54b2e-09e4-3daa-c557-2d8115a194b4":"modelengine:entity/reapercloak","cc1302b3-ba58-96b2-703a-6e3a6cb31093":"modelengine:entity/reaperfald","f4e90b98-015c-e3c5-c8ad-a9295f4523d9":"modelengine:entity/boneshadin2heraldxd","0cd8140a-8c12-20fb-db00-edd21537a8ca":"modelengine:entity/fallenreaper","54e1c98d-cbb5-3f45-2868-f1ee52e55c7f":"modelengine:entity/boneshadingreaper","207c0d20-03fb-b731-ac36-67e40842ac1a":"modelengine:entity/osdes"},"elements":[{"name":"left leg","from":[7.1,6.8,7.4],"to":[8.9,8.15,9.2],"rotation":{"angle":0.0,"axis":"x","origin":[8.99,3.7999997,8.3]},"faces":{"down":{"uv":[0.34275,2.251,0.251,2.34275],"rotation":0,"texture":"#54e1c98d-cbb5-3f45-2868-f1ee52e55c7f","tintindex":0},"east":{"uv":[0.004,8.004,5.996,11.996],"rotation":0,"texture":"#54e1c98d-cbb5-3f45-2868-f1ee52e55c7f","tintindex":0},"north":{"uv":[0.004,8.004,5.996,11.996],"rotation":0,"texture":"#54e1c98d-cbb5-3f45-2868-f1ee52e55c7f","tintindex":0},"south":{"uv":[0.004,8.004,5.996,11.996],"rotation":0,"texture":"#54e1c98d-cbb5-3f45-2868-f1ee52e55c7f","tintindex":0},"up":{"uv":[0.004,4.004,5.996,7.996],"rotation":0,"texture":"#54e1c98d-cbb5-3f45-2868-f1ee52e55c7f","tintindex":0},"west":{"uv":[0.004,8.004,5.996,11.996],"rotation":0,"texture":"#54e1c98d-cbb5-3f45-2868-f1ee52e55c7f","tintindex":0}}},{"name":"left leg","from":[7.1,7.4,6.8],"to":[8.9,8.6,7.4],"rotation":{"angle":0.0,"axis":"x","origin":[8.99,3.7999997,8.3]},"faces":{"down":{"uv":[14.4875,8.3875,14.1375,8.4875],"rotation":0,"texture":"#0cd8140a-8c12-20fb-db00-edd21537a8ca","tintindex":0},"east":{"uv":[14.3875,14.1375,14.4875,14.3625],"rotation":0,"texture":"#0cd8140a-8c12-20fb-db00-edd21537a8ca","tintindex":0},"north":{"uv":[3.7625,7.8875,4.1125,8.1125],"rotation":0,"texture":"#0cd8140a-8c12-20fb-db00-edd21537a8ca","tintindex":0},"south":{"uv":[10.1375,11.7625,10.4875,11.9875],"rotation":0,"texture":"#0cd8140a-8c12-20fb-db00-edd21537a8ca","tintindex":0},"up":{"uv":[6.9875,14.2375,6.6375,14.1375],"rotation":0,"texture":"#0cd8140a-8c12-20fb-db00-edd21537a8ca","tintindex":0},"west":{"uv":[14.5125,0.2625,14.6125,0.4875],"rotation":0,"texture":"#0cd8140a-8c12-20fb-db00-edd21537a8ca","tintindex":0}}},{"name":"left leg","from":[6.95,7.4,7.4],"to":[9.05,8.0,9.35],"rotation":{"angle":0.0,"axis":"x","origin":[8.99,3.7999997,8.3]},"faces":{"down":{"uv":[10.8625,0.5125,10.3875,0.8625],"rotation":0,"texture":"#0cd8140a-8c12-20fb-db00-edd21537a8ca","tintindex":0},"east":{"uv":[8.5125,14.1375,8.8625,14.2375],"rotation":0,"texture":"#0cd8140a-8c12-20fb-db00-edd21537a8ca","tintindex":0},"north":{"uv":[12.8875,6.6375,13.3625,6.7375],"rotation":0,"texture":"#0cd8140a-8c12-20fb-db00-edd21537a8ca","tintindex":0},"south":{"uv":[12.8875,8.6375,13.3625,8.7375],"rotation":0,"texture":"#0cd8140a-8c12-20fb-db00-edd21537a8ca","tintindex":0},"up":{"uv":[10.8625,0.3625,10.3875,0.0125],"rotation":0,"texture":"#0cd8140a-8c12-20fb-db00-edd21537a8ca","tintindex":0},"west":{"uv":[14.1375,8.6375,14.4875,8.7375],"rotation":0,"texture":"#0cd8140a-8c12-20fb-db00-edd21537a8ca","tintindex":0}}},{"name":"left leg","from":[6.8,4.3999996,7.1],"to":[8.9,6.8,9.5],"rotation":{"angle":0.0,"axis":"x","origin":[7.85,10.700001,8.3]},"faces":{"down":{"uv":[9.6125,0.0125,9.1375,0.4875],"rotation":0,"texture":"#0cd8140a-8c12-20fb-db00-edd21537a8ca","tintindex":0},"east":{"uv":[0.6375,9.0125,1.1125,9.4875],"rotation":0,"texture":"#0cd8140a-8c12-20fb-db00-edd21537a8ca","tintindex":0},"north":{"uv":[0.0125,9.0125,0.4875,9.4875],"rotation":0,"texture":"#0cd8140a-8c12-20fb-db00-edd21537a8ca","tintindex":0},"south":{"uv":[9.0125,2.5125,9.4875,2.9875],"rotation":0,"texture":"#0cd8140a-8c12-20fb-db00-edd21537a8ca","tintindex":0},"up":{"uv":[6.1125,9.4875,5.6375,9.0125],"rotation":0,"texture":"#0cd8140a-8c12-20fb-db00-edd21537a8ca","tintindex":0},"west":{"uv":[5.0125,9.0125,5.4875,9.4875],"rotation":0,"texture":"#0cd8140a-8c12-20fb-db00-edd21537a8ca","tintindex":0}}},{"name":"left leg","from":[6.605,6.2,7.085],"to":[9.094999,6.8599997,9.514999],"rotation":{"angle":0.0,"axis":"x","origin":[7.85,10.700001,8.3]},"faces":{"down":{"uv":[9.8625,7.7625,9.3875,8.2375],"rotation":0,"texture":"#0cd8140a-8c12-20fb-db00-edd21537a8ca","tintindex":0},"east":{"uv":[13.5125,0.0125,13.9875,0.1125],"rotation":0,"texture":"#0cd8140a-8c12-20fb-db00-edd21537a8ca","tintindex":0},"north":{"uv":[0.0125,13.5125,0.4875,13.6125],"rotation":0,"texture":"#0cd8140a-8c12-20fb-db00-edd21537a8ca","tintindex":0},"south":{"uv":[0.6375,13.5125,1.1125,13.6125],"rotation":0,"texture":"#0cd8140a-8c12-20fb-db00-edd21537a8ca","tintindex":0},"up":{"uv":[7.8625,9.8625,7.3875,9.3875],"rotation":0,"texture":"#0cd8140a-8c12-20fb-db00-edd21537a8ca","tintindex":0},"west":{"uv":[2.3875,13.5125,2.8625,13.6125],"rotation":0,"texture":"#0cd8140a-8c12-20fb-db00-edd21537a8ca","tintindex":0}}},{"name":"left leg","from":[6.635,3.7999997,7.1],"to":[9.094999,4.3999996,9.514999],"rotation":{"angle":0.0,"axis":"x","origin":[7.85,8.3,8.3]},"faces":{"down":{"uv":[4.2375,9.3875,3.7625,9.8625],"rotation":0,"texture":"#0cd8140a-8c12-20fb-db00-edd21537a8ca","tintindex":0},"east":{"uv":[13.2625,1.0125,13.7375,1.1125],"rotation":0,"texture":"#0cd8140a-8c12-20fb-db00-edd21537a8ca","tintindex":0},"north":{"uv":[13.2625,0.7625,13.7375,0.8625],"rotation":0,"texture":"#0cd8140a-8c12-20fb-db00-edd21537a8ca","tintindex":0},"south":{"uv":[13.2625,2.8875,13.7375,2.9875],"rotation":0,"texture":"#0cd8140a-8c12-20fb-db00-edd21537a8ca","tintindex":0},"up":{"uv":[9.7375,4.8625,9.2625,4.3875],"rotation":0,"texture":"#0cd8140a-8c12-20fb-db00-edd21537a8ca","tintindex":0},"west":{"uv":[13.2625,3.1375,13.7375,3.2375],"rotation":0,"texture":"#0cd8140a-8c12-20fb-db00-edd21537a8ca","tintindex":0}}}],"display":{"head":{"translation":[0.0,-6.4,0.0],"rotation":[0.0,0.0,0.0],"scale":[3.8095,3.8095,3.8095]},"gui":{"translation":[0.0,0.0,0.0],"rotation":[35.0,225.0,0.0],"scale":[0.625,0.625,0.625]}}}