{"file_name":"leftarmbot","texture_size":[128,128],"textures":{"a6f54b2e-09e4-3daa-c557-2d8115a194b4":"modelengine:entity/reapercloak","cc1302b3-ba58-96b2-703a-6e3a6cb31093":"modelengine:entity/reaperfald","f4e90b98-015c-e3c5-c8ad-a9295f4523d9":"modelengine:entity/boneshadin2heraldxd","0cd8140a-8c12-20fb-db00-edd21537a8ca":"modelengine:entity/fallenreaper","54e1c98d-cbb5-3f45-2868-f1ee52e55c7f":"modelengine:entity/boneshadingreaper","207c0d20-03fb-b731-ac36-67e40842ac1a":"modelengine:entity/osdes"},"elements":[{"name":"left arm","from":[9.07306,6.9367714,6.95],"to":[9.163059,7.536772,9.05],"rotation":{"angle":0.0,"axis":"x","origin":[8.32306,6.1867714,9.950001]},"faces":{"down":{"uv":[7.6125,13.3875,7.5125,13.8625],"rotation":0,"texture":"#0cd8140a-8c12-20fb-db00-edd21537a8ca","tintindex":0},"east":{"uv":[10.6375,13.3875,11.1125,13.4875],"rotation":0,"texture":"#0cd8140a-8c12-20fb-db00-edd21537a8ca","tintindex":0},"north":{"uv":[15.0125,13.6375,15.1125,13.7375],"rotation":0,"texture":"#0cd8140a-8c12-20fb-db00-edd21537a8ca","tintindex":0},"south":{"uv":[13.8875,15.0125,13.9875,15.1125],"rotation":0,"texture":"#0cd8140a-8c12-20fb-db00-edd21537a8ca","tintindex":0},"up":{"uv":[7.3625,13.8625,7.2625,13.3875],"rotation":0,"texture":"#0cd8140a-8c12-20fb-db00-edd21537a8ca","tintindex":0},"west":{"uv":[13.3875,11.3875,13.8625,11.4875],"rotation":0,"texture":"#0cd8140a-8c12-20fb-db00-edd21537a8ca","tintindex":0}}},{"name":"left arm","from":[6.9730597,6.9367714,6.8599997],"to":[9.07306,7.536772,6.95],"rotation":{"angle":0.0,"axis":"x","origin":[14.17306,6.1867714,11.900001]},"faces":{"down":{"uv":[13.8625,12.7625,13.3875,12.8625],"rotation":0,"texture":"#0cd8140a-8c12-20fb-db00-edd21537a8ca","tintindex":0},"east":{"uv":[15.0125,13.8875,15.1125,13.9875],"rotation":0,"texture":"#0cd8140a-8c12-20fb-db00-edd21537a8ca","tintindex":0},"north":{"uv":[13.3875,11.6375,13.8625,11.7375],"rotation":0,"texture":"#0cd8140a-8c12-20fb-db00-edd21537a8ca","tintindex":0},"south":{"uv":[13.3875,11.8875,13.8625,11.9875],"rotation":0,"texture":"#0cd8140a-8c12-20fb-db00-edd21537a8ca","tintindex":0},"up":{"uv":[13.8625,12.2375,13.3875,12.1375],"rotation":0,"texture":"#0cd8140a-8c12-20fb-db00-edd21537a8ca","tintindex":0},"west":{"uv":[15.0125,14.1375,15.1125,14.2375],"rotation":0,"texture":"#0cd8140a-8c12-20fb-db00-edd21537a8ca","tintindex":0}}},{"name":"left arm","from":[6.9730597,5.7367716,6.8599997],"to":[9.07306,6.336772,6.95],"rotation":{"angle":0.0,"axis":"x","origin":[14.17306,4.9867716,11.900001]},"faces":{"down":{"uv":[13.2375,11.7625,12.7625,11.8625],"rotation":0,"texture":"#0cd8140a-8c12-20fb-db00-edd21537a8ca","tintindex":0},"east":{"uv":[3.8875,15.0125,3.9875,15.1125],"rotation":0,"texture":"#0cd8140a-8c12-20fb-db00-edd21537a8ca","tintindex":0},"north":{"uv":[12.7625,8.0125,13.2375,8.1125],"rotation":0,"texture":"#0cd8140a-8c12-20fb-db00-edd21537a8ca","tintindex":0},"south":{"uv":[8.6375,12.7625,9.1125,12.8625],"rotation":0,"texture":"#0cd8140a-8c12-20fb-db00-edd21537a8ca","tintindex":0},"up":{"uv":[13.2375,11.6125,12.7625,11.5125],"rotation":0,"texture":"#0cd8140a-8c12-20fb-db00-edd21537a8ca","tintindex":0},"west":{"uv":[4.1375,15.0125,4.2375,15.1125],"rotation":0,"texture":"#0cd8140a-8c12-20fb-db00-edd21537a8ca","tintindex":0}}},{"name":"left arm","from":[6.9730597,5.7367716,9.05],"to":[9.07306,6.336772,9.139999],"rotation":{"angle":0.0,"axis":"x","origin":[14.17306,4.9867716,11.900001]},"faces":{"down":{"uv":[13.3625,6.3875,12.8875,6.4875],"rotation":0,"texture":"#0cd8140a-8c12-20fb-db00-edd21537a8ca","tintindex":0},"east":{"uv":[6.0125,15.0125,6.1125,15.1125],"rotation":0,"texture":"#0cd8140a-8c12-20fb-db00-edd21537a8ca","tintindex":0},"north":{"uv":[12.8875,3.7625,13.3625,3.8625],"rotation":0,"texture":"#0cd8140a-8c12-20fb-db00-edd21537a8ca","tintindex":0},"south":{"uv":[12.8875,5.8875,13.3625,5.9875],"rotation":0,"texture":"#0cd8140a-8c12-20fb-db00-edd21537a8ca","tintindex":0},"up":{"uv":[13.3625,6.2375,12.8875,6.1375],"rotation":0,"texture":"#0cd8140a-8c12-20fb-db00-edd21537a8ca","tintindex":0},"west":{"uv":[15.0125,6.0125,15.1125,6.1125],"rotation":0,"texture":"#0cd8140a-8c12-20fb-db00-edd21537a8ca","tintindex":0}}},{"name":"left arm","from":[6.88306,5.7367716,6.95],"to":[6.9730597,6.336772,9.05],"rotation":{"angle":0.0,"axis":"x","origin":[8.32306,4.9867716,9.950001]},"faces":{"down":{"uv":[1.1125,12.8875,1.0125,13.3625],"rotation":0,"texture":"#0cd8140a-8c12-20fb-db00-edd21537a8ca","tintindex":0},"east":{"uv":[12.7625,12.0125,13.2375,12.1125],"rotation":0,"texture":"#0cd8140a-8c12-20fb-db00-edd21537a8ca","tintindex":0},"north":{"uv":[4.6375,15.0125,4.7375,15.1125],"rotation":0,"texture":"#0cd8140a-8c12-20fb-db00-edd21537a8ca","tintindex":0},"south":{"uv":[4.8875,15.0125,4.9875,15.1125],"rotation":0,"texture":"#0cd8140a-8c12-20fb-db00-edd21537a8ca","tintindex":0},"up":{"uv":[0.8625,13.3625,0.7625,12.8875],"rotation":0,"texture":"#0cd8140a-8c12-20fb-db00-edd21537a8ca","tintindex":0},"west":{"uv":[12.7625,12.2625,13.2375,12.3625],"rotation":0,"texture":"#0cd8140a-8c12-20fb-db00-edd21537a8ca","tintindex":0}}},{"name":"left arm","from":[9.07306,5.7367716,6.95],"to":[9.163059,6.336772,9.05],"rotation":{"angle":0.0,"axis":"x","origin":[8.32306,4.9867716,9.950001]},"faces":{"down":{"uv":[12.9875,5.2625,12.8875,5.7375],"rotation":0,"texture":"#0cd8140a-8c12-20fb-db00-edd21537a8ca","tintindex":0},"east":{"uv":[12.8875,0.0125,13.3625,0.1125],"rotation":0,"texture":"#0cd8140a-8c12-20fb-db00-edd21537a8ca","tintindex":0},"north":{"uv":[5.1375,15.0125,5.2375,15.1125],"rotation":0,"texture":"#0cd8140a-8c12-20fb-db00-edd21537a8ca","tintindex":0},"south":{"uv":[5.3875,15.0125,5.4875,15.1125],"rotation":0,"texture":"#0cd8140a-8c12-20fb-db00-edd21537a8ca","tintindex":0},"up":{"uv":[1.3625,13.3625,1.2625,12.8875],"rotation":0,"texture":"#0cd8140a-8c12-20fb-db00-edd21537a8ca","tintindex":0},"west":{"uv":[12.8875,3.5125,13.3625,3.6125],"rotation":0,"texture":"#0cd8140a-8c12-20fb-db00-edd21537a8ca","tintindex":0}}},{"name":"left arm","from":[6.9730597,6.9367714,9.05],"to":[9.07306,7.536772,9.139999],"rotation":{"angle":0.0,"axis":"x","origin":[14.17306,6.1867714,11.900001]},"faces":{"down":{"uv":[9.7375,13.3875,9.2625,13.4875],"rotation":0,"texture":"#0cd8140a-8c12-20fb-db00-edd21537a8ca","tintindex":0},"east":{"uv":[15.0125,12.1375,15.1125,12.2375],"rotation":0,"texture":"#0cd8140a-8c12-20fb-db00-edd21537a8ca","tintindex":0},"north":{"uv":[13.3875,6.8875,13.8625,6.9875],"rotation":0,"texture":"#0cd8140a-8c12-20fb-db00-edd21537a8ca","tintindex":0},"south":{"uv":[13.3875,7.6375,13.8625,7.7375],"rotation":0,"texture":"#0cd8140a-8c12-20fb-db00-edd21537a8ca","tintindex":0},"up":{"uv":[13.8625,7.9875,13.3875,7.8875],"rotation":0,"texture":"#0cd8140a-8c12-20fb-db00-edd21537a8ca","tintindex":0},"west":{"uv":[15.0125,12.3875,15.1125,12.4875],"rotation":0,"texture":"#0cd8140a-8c12-20fb-db00-edd21537a8ca","tintindex":0}}},{"name":"left arm","from":[6.88306,6.9367714,6.95],"to":[6.9730597,7.536772,9.05],"rotation":{"angle":0.0,"axis":"x","origin":[8.32306,6.1867714,9.950001]},"faces":{"down":{"uv":[6.4875,13.3875,6.3875,13.8625],"rotation":0,"texture":"#0cd8140a-8c12-20fb-db00-edd21537a8ca","tintindex":0},"east":{"uv":[13.3875,9.6375,13.8625,9.7375],"rotation":0,"texture":"#0cd8140a-8c12-20fb-db00-edd21537a8ca","tintindex":0},"north":{"uv":[15.0125,13.3875,15.1125,13.4875],"rotation":0,"texture":"#0cd8140a-8c12-20fb-db00-edd21537a8ca","tintindex":0},"south":{"uv":[13.6375,15.0125,13.7375,15.1125],"rotation":0,"texture":"#0cd8140a-8c12-20fb-db00-edd21537a8ca","tintindex":0},"up":{"uv":[4.4875,13.8625,4.3875,13.3875],"rotation":0,"texture":"#0cd8140a-8c12-20fb-db00-edd21537a8ca","tintindex":0},"west":{"uv":[13.3875,9.8875,13.8625,9.9875],"rotation":0,"texture":"#0cd8140a-8c12-20fb-db00-edd21537a8ca","tintindex":0}}},{"name":"left arm","from":[7.1230597,7.2367716,7.1],"to":[8.923059,8.436771,8.9],"rotation":{"angle":0.0,"axis":"x","origin":[8.02306,7.836772,8.0]},"faces":{"down":{"uv":[0.004,0.004,5.996,3.996],"rotation":0,"texture":"#54e1c98d-cbb5-3f45-2868-f1ee52e55c7f","tintindex":0},"east":{"uv":[0.004,2.004,5.996,5.996],"rotation":0,"texture":"#54e1c98d-cbb5-3f45-2868-f1ee52e55c7f","tintindex":0},"north":{"uv":[0.004,2.004,5.996,5.996],"rotation":0,"texture":"#54e1c98d-cbb5-3f45-2868-f1ee52e55c7f","tintindex":0},"south":{"uv":[0.004,2.004,5.996,5.996],"rotation":0,"texture":"#54e1c98d-cbb5-3f45-2868-f1ee52e55c7f","tintindex":0},"up":{"uv":[0.004,0.004,5.996,3.996],"rotation":0,"texture":"#54e1c98d-cbb5-3f45-2868-f1ee52e55c7f","tintindex":0},"west":{"uv":[0.004,2.004,5.996,5.996],"rotation":0,"texture":"#54e1c98d-cbb5-3f45-2868-f1ee52e55c7f","tintindex":0}}},{"name":"left arm","from":[6.9730597,5.4367714,6.95],"to":[9.07306,7.836772,9.05],"rotation":{"angle":0.0,"axis":"x","origin":[11.62306,-2.3632288,8.0]},"faces":{"down":{"uv":[9.1125,4.6375,8.6375,5.1125],"rotation":0,"texture":"#0cd8140a-8c12-20fb-db00-edd21537a8ca","tintindex":0},"east":{"uv":[8.6375,1.8875,9.1125,2.3625],"rotation":0,"texture":"#0cd8140a-8c12-20fb-db00-edd21537a8ca","tintindex":0},"north":{"uv":[8.5125,7.0125,8.9875,7.4875],"rotation":0,"texture":"#0cd8140a-8c12-20fb-db00-edd21537a8ca","tintindex":0},"south":{"uv":[3.1375,8.6375,3.6125,9.1125],"rotation":0,"texture":"#0cd8140a-8c12-20fb-db00-edd21537a8ca","tintindex":0},"up":{"uv":[9.1125,4.4875,8.6375,4.0125],"rotation":0,"texture":"#0cd8140a-8c12-20fb-db00-edd21537a8ca","tintindex":0},"west":{"uv":[8.6375,3.3875,9.1125,3.8625],"rotation":0,"texture":"#0cd8140a-8c12-20fb-db00-edd21537a8ca","tintindex":0}}},{"name":"left arm","from":[6.6730595,5.4367714,7.25],"to":[6.9730597,7.2367716,7.85],"rotation":{"angle":0.0,"axis":"x","origin":[11.173059,-2.3632288,8.0]},"faces":{"down":{"uv":[9.1125,3.1375,9.0125,3.2375],"rotation":0,"texture":"#0cd8140a-8c12-20fb-db00-edd21537a8ca","tintindex":0},"east":{"uv":[9.1375,7.1375,9.2375,7.4875],"rotation":0,"texture":"#0cd8140a-8c12-20fb-db00-edd21537a8ca","tintindex":0},"north":{"uv":[2.1375,7.1375,2.2375,7.4875],"rotation":0,"texture":"#0cd8140a-8c12-20fb-db00-edd21537a8ca","tintindex":0},"south":{"uv":[3.5125,10.5125,3.6125,10.8625],"rotation":0,"texture":"#0cd8140a-8c12-20fb-db00-edd21537a8ca","tintindex":0},"up":{"uv":[3.7375,6.7375,3.6375,6.6375],"rotation":0,"texture":"#0cd8140a-8c12-20fb-db00-edd21537a8ca","tintindex":0},"west":{"uv":[11.3875,1.8875,11.4875,2.2375],"rotation":0,"texture":"#0cd8140a-8c12-20fb-db00-edd21537a8ca","tintindex":0}}},{"name":"left arm","from":[6.667351,7.20807,7.25],"to":[6.967351,8.40807,7.85],"rotation":{"angle":-22.5,"axis":"z","origin":[6.7423506,7.20807,8.45]},"faces":{"down":{"uv":[12.9875,14.8875,12.8875,14.9875],"rotation":0,"texture":"#0cd8140a-8c12-20fb-db00-edd21537a8ca","tintindex":0},"east":{"uv":[12.5125,14.3875,12.6125,14.6125],"rotation":0,"texture":"#0cd8140a-8c12-20fb-db00-edd21537a8ca","tintindex":0},"north":{"uv":[12.2625,14.3875,12.3625,14.6125],"rotation":0,"texture":"#0cd8140a-8c12-20fb-db00-edd21537a8ca","tintindex":0},"south":{"uv":[14.3875,13.3875,14.4875,13.6125],"rotation":0,"texture":"#0cd8140a-8c12-20fb-db00-edd21537a8ca","tintindex":0},"up":{"uv":[14.9875,12.7375,14.8875,12.6375],"rotation":0,"texture":"#0cd8140a-8c12-20fb-db00-edd21537a8ca","tintindex":0},"west":{"uv":[14.3875,13.7625,14.4875,13.9875],"rotation":0,"texture":"#0cd8140a-8c12-20fb-db00-edd21537a8ca","tintindex":0}}},{"name":"left arm","from":[6.667351,7.20807,8.15],"to":[6.967351,8.40807,8.75],"rotation":{"angle":-22.5,"axis":"z","origin":[6.7423506,7.20807,8.45]},"faces":{"down":{"uv":[12.7375,14.8875,12.6375,14.9875],"rotation":0,"texture":"#0cd8140a-8c12-20fb-db00-edd21537a8ca","tintindex":0},"east":{"uv":[8.5125,7.6375,8.6125,7.8625],"rotation":0,"texture":"#0cd8140a-8c12-20fb-db00-edd21537a8ca","tintindex":0},"north":{"uv":[2.3875,6.2625,2.4875,6.4875],"rotation":0,"texture":"#0cd8140a-8c12-20fb-db00-edd21537a8ca","tintindex":0},"south":{"uv":[11.7625,14.3875,11.8625,14.6125],"rotation":0,"texture":"#0cd8140a-8c12-20fb-db00-edd21537a8ca","tintindex":0},"up":{"uv":[14.9875,11.2375,14.8875,11.1375],"rotation":0,"texture":"#0cd8140a-8c12-20fb-db00-edd21537a8ca","tintindex":0},"west":{"uv":[12.0125,14.3875,12.1125,14.6125],"rotation":0,"texture":"#0cd8140a-8c12-20fb-db00-edd21537a8ca","tintindex":0}}},{"name":"left arm","from":[6.6730595,5.4367714,8.15],"to":[6.9730597,7.2367716,8.75],"rotation":{"angle":0.0,"axis":"x","origin":[11.173059,-2.3632288,8.0]},"faces":{"down":{"uv":[10.7375,4.3875,10.6375,4.4875],"rotation":0,"texture":"#0cd8140a-8c12-20fb-db00-edd21537a8ca","tintindex":0},"east":{"uv":[14.0125,12.7625,14.1125,13.1125],"rotation":0,"texture":"#0cd8140a-8c12-20fb-db00-edd21537a8ca","tintindex":0},"north":{"uv":[8.2625,14.0125,8.3625,14.3625],"rotation":0,"texture":"#0cd8140a-8c12-20fb-db00-edd21537a8ca","tintindex":0},"south":{"uv":[1.1375,14.1375,1.2375,14.4875],"rotation":0,"texture":"#0cd8140a-8c12-20fb-db00-edd21537a8ca","tintindex":0},"up":{"uv":[9.8625,6.9875,9.7625,6.8875],"rotation":0,"texture":"#0cd8140a-8c12-20fb-db00-edd21537a8ca","tintindex":0},"west":{"uv":[3.2625,14.1375,3.3625,14.4875],"rotation":0,"texture":"#0cd8140a-8c12-20fb-db00-edd21537a8ca","tintindex":0}}},{"name":"left arm","from":[6.82306,3.0367715,6.8],"to":[9.223061,5.4367714,9.2],"rotation":{"angle":0.0,"axis":"x","origin":[11.62306,-2.3632288,8.0]},"faces":{"down":{"uv":[9.2375,8.2625,8.7625,8.7375],"rotation":0,"texture":"#0cd8140a-8c12-20fb-db00-edd21537a8ca","tintindex":0},"east":{"uv":[8.7625,5.2625,9.2375,5.7375],"rotation":0,"texture":"#0cd8140a-8c12-20fb-db00-edd21537a8ca","tintindex":0},"north":{"uv":[3.7625,8.7625,4.2375,9.2375],"rotation":0,"texture":"#0cd8140a-8c12-20fb-db00-edd21537a8ca","tintindex":0},"south":{"uv":[7.5125,8.7625,7.9875,9.2375],"rotation":0,"texture":"#0cd8140a-8c12-20fb-db00-edd21537a8ca","tintindex":0},"up":{"uv":[8.6125,9.2375,8.1375,8.7625],"rotation":0,"texture":"#0cd8140a-8c12-20fb-db00-edd21537a8ca","tintindex":0},"west":{"uv":[8.7625,7.6375,9.2375,8.1125],"rotation":0,"texture":"#0cd8140a-8c12-20fb-db00-edd21537a8ca","tintindex":0}}}],"display":{"head":{"translation":[0.0,-6.4,0.0],"rotation":[0.0,0.0,0.0],"scale":[3.8095,3.8095,3.8095]},"gui":{"translation":[0.0,0.0,0.0],"rotation":[35.0,225.0,0.0],"scale":[0.625,0.625,0.625]}}}