{"file_name":"odesparticles1","texture_size":[128,128],"textures":{"a6f54b2e-09e4-3daa-c557-2d8115a194b4":"modelengine:entity/reapercloak","cc1302b3-ba58-96b2-703a-6e3a6cb31093":"modelengine:entity/reaperfald","f4e90b98-015c-e3c5-c8ad-a9295f4523d9":"modelengine:entity/boneshadin2heraldxd","0cd8140a-8c12-20fb-db00-edd21537a8ca":"modelengine:entity/fallenreaper","54e1c98d-cbb5-3f45-2868-f1ee52e55c7f":"modelengine:entity/boneshadingreaper","207c0d20-03fb-b731-ac36-67e40842ac1a":"modelengine:entity/osdes"},"elements":[{"name":"osdes_25","from":[7.521,8.423031,20.983608],"to":[7.845,8.74703,22.927605],"rotation":{"angle":-45.0,"axis":"x","origin":[8.099999,-8.79697,15.475606]},"faces":{"down":{"uv":[14.75,8.25,14.975,9.725],"rotation":270,"texture":"#207c0d20-03fb-b731-ac36-67e40842ac1a","tintindex":0},"east":{"uv":[14.75,8.25,14.975,9.725],"rotation":270,"texture":"#207c0d20-03fb-b731-ac36-67e40842ac1a","tintindex":0},"north":{"uv":[14.75,8.25,14.975,9.725],"rotation":270,"texture":"#207c0d20-03fb-b731-ac36-67e40842ac1a","tintindex":0},"south":{"uv":[14.75,8.25,14.975,9.725],"rotation":270,"texture":"#207c0d20-03fb-b731-ac36-67e40842ac1a","tintindex":0},"up":{"uv":[14.75,8.25,14.975,9.725],"rotation":270,"texture":"#207c0d20-03fb-b731-ac36-67e40842ac1a","tintindex":0},"west":{"uv":[14.75,8.25,14.975,9.725],"rotation":270,"texture":"#207c0d20-03fb-b731-ac36-67e40842ac1a","tintindex":0}}}],"display":{"head":{"translation":[0.0,-6.4,0.0],"rotation":[0.0,0.0,0.0],"scale":[3.8095,3.8095,3.8095]},"gui":{"translation":[0.0,0.0,0.0],"rotation":[35.0,225.0,0.0],"scale":[0.625,0.625,0.625]}}}