{"file_name":"rightleg","texture_size":[128,128],"textures":{"a6f54b2e-09e4-3daa-c557-2d8115a194b4":"modelengine:entity/reapercloak","cc1302b3-ba58-96b2-703a-6e3a6cb31093":"modelengine:entity/reaperfald","f4e90b98-015c-e3c5-c8ad-a9295f4523d9":"modelengine:entity/boneshadin2heraldxd","0cd8140a-8c12-20fb-db00-edd21537a8ca":"modelengine:entity/fallenreaper","54e1c98d-cbb5-3f45-2868-f1ee52e55c7f":"modelengine:entity/boneshadingreaper","207c0d20-03fb-b731-ac36-67e40842ac1a":"modelengine:entity/osdes"},"elements":[{"name":"layer","from":[6.7699995,4.37,6.7699995],"to":[9.23,8.63,9.23],"rotation":{"angle":0.0,"axis":"x","origin":[6.8599997,0.19999981,8.0]},"faces":{"down":{"uv":[3.6125,9.8875,3.1375,10.3625],"rotation":0,"texture":"#0cd8140a-8c12-20fb-db00-edd21537a8ca","tintindex":0},"east":{"uv":[7.2625,0.0125,7.7375,0.8625],"rotation":0,"texture":"#0cd8140a-8c12-20fb-db00-edd21537a8ca","tintindex":0},"north":{"uv":[7.1375,5.5125,7.6125,6.3625],"rotation":0,"texture":"#0cd8140a-8c12-20fb-db00-edd21537a8ca","tintindex":0},"south":{"uv":[0.6375,7.2625,1.1125,8.1125],"rotation":0,"texture":"#0cd8140a-8c12-20fb-db00-edd21537a8ca","tintindex":0},"up":{"uv":[10.3625,2.3625,9.8875,1.8875],"rotation":0,"texture":"#0cd8140a-8c12-20fb-db00-edd21537a8ca","tintindex":0},"west":{"uv":[4.2625,7.2625,4.7375,8.1125],"rotation":0,"texture":"#0cd8140a-8c12-20fb-db00-edd21537a8ca","tintindex":0}}},{"name":"left leg","from":[6.8,5.6,6.8],"to":[9.2,8.6,9.2],"rotation":{"angle":0.0,"axis":"x","origin":[6.8599997,0.19999981,8.0]},"faces":{"down":{"uv":[9.6125,1.2625,9.1375,1.7375],"rotation":0,"texture":"#0cd8140a-8c12-20fb-db00-edd21537a8ca","tintindex":0},"east":{"uv":[6.8875,8.1375,7.3625,8.7375],"rotation":0,"texture":"#0cd8140a-8c12-20fb-db00-edd21537a8ca","tintindex":0},"north":{"uv":[2.5125,8.1375,2.9875,8.7375],"rotation":0,"texture":"#0cd8140a-8c12-20fb-db00-edd21537a8ca","tintindex":0},"south":{"uv":[8.1375,8.0125,8.6125,8.6125],"rotation":0,"texture":"#0cd8140a-8c12-20fb-db00-edd21537a8ca","tintindex":0},"up":{"uv":[9.6125,1.1125,9.1375,0.6375],"rotation":0,"texture":"#0cd8140a-8c12-20fb-db00-edd21537a8ca","tintindex":0},"west":{"uv":[0.6375,8.2625,1.1125,8.8625],"rotation":0,"texture":"#0cd8140a-8c12-20fb-db00-edd21537a8ca","tintindex":0}}},{"name":"left leg","from":[6.95,4.3999996,7.1],"to":[8.75,5.6,8.9],"rotation":{"angle":0.0,"axis":"x","origin":[6.8599997,0.19999981,8.0]},"faces":{"down":{"uv":[0.004,4.004,5.996,7.996],"rotation":0,"texture":"#54e1c98d-cbb5-3f45-2868-f1ee52e55c7f","tintindex":0},"east":{"uv":[0.004,4.004,5.996,7.996],"rotation":0,"texture":"#54e1c98d-cbb5-3f45-2868-f1ee52e55c7f","tintindex":0},"north":{"uv":[5.996,4.004,0.004,7.996],"rotation":0,"texture":"#54e1c98d-cbb5-3f45-2868-f1ee52e55c7f","tintindex":0},"south":{"uv":[0.004,4.004,5.996,7.996],"rotation":0,"texture":"#54e1c98d-cbb5-3f45-2868-f1ee52e55c7f","tintindex":0},"up":{"uv":[0.46775,2.34275,0.376,2.251],"rotation":0,"texture":"#54e1c98d-cbb5-3f45-2868-f1ee52e55c7f","tintindex":0},"west":{"uv":[0.004,4.004,5.996,7.996],"rotation":0,"texture":"#54e1c98d-cbb5-3f45-2868-f1ee52e55c7f","tintindex":0}}}],"display":{"head":{"translation":[0.0,-6.4,0.0],"rotation":[0.0,0.0,0.0],"scale":[3.8095,3.8095,3.8095]},"gui":{"translation":[0.0,0.0,0.0],"rotation":[35.0,225.0,0.0],"scale":[0.625,0.625,0.625]}}}