{"file_name":"rightarmbot","texture_size":[128,128],"textures":{"a6f54b2e-09e4-3daa-c557-2d8115a194b4":"modelengine:entity/reapercloak","cc1302b3-ba58-96b2-703a-6e3a6cb31093":"modelengine:entity/reaperfald","f4e90b98-015c-e3c5-c8ad-a9295f4523d9":"modelengine:entity/boneshadin2heraldxd","0cd8140a-8c12-20fb-db00-edd21537a8ca":"modelengine:entity/fallenreaper","54e1c98d-cbb5-3f45-2868-f1ee52e55c7f":"modelengine:entity/boneshadingreaper","207c0d20-03fb-b731-ac36-67e40842ac1a":"modelengine:entity/osdes"},"elements":[{"name":"right arm","from":[6.47694,7.2367716,7.1],"to":[8.27694,8.436771,8.9],"rotation":{"angle":0.0,"axis":"x","origin":[7.3769403,7.836772,8.0]},"faces":{"down":{"uv":[0.004,0.004,5.996,3.996],"rotation":0,"texture":"#54e1c98d-cbb5-3f45-2868-f1ee52e55c7f","tintindex":0},"east":{"uv":[5.996,2.004,0.004,5.996],"rotation":0,"texture":"#54e1c98d-cbb5-3f45-2868-f1ee52e55c7f","tintindex":0},"north":{"uv":[5.996,2.004,0.004,5.996],"rotation":0,"texture":"#54e1c98d-cbb5-3f45-2868-f1ee52e55c7f","tintindex":0},"south":{"uv":[5.996,2.004,0.004,5.996],"rotation":0,"texture":"#54e1c98d-cbb5-3f45-2868-f1ee52e55c7f","tintindex":0},"up":{"uv":[0.004,0.004,5.996,3.996],"rotation":0,"texture":"#54e1c98d-cbb5-3f45-2868-f1ee52e55c7f","tintindex":0},"west":{"uv":[5.996,2.004,0.004,5.996],"rotation":0,"texture":"#54e1c98d-cbb5-3f45-2868-f1ee52e55c7f","tintindex":0}}},{"name":"right arm","from":[6.32694,5.4367714,6.95],"to":[8.42694,7.836772,9.05],"rotation":{"angle":0.0,"axis":"x","origin":[3.7769399,-2.3632288,8.0]},"faces":{"down":{"uv":[2.9875,9.5125,2.5125,9.9875],"rotation":0,"texture":"#0cd8140a-8c12-20fb-db00-edd21537a8ca","tintindex":0},"east":{"uv":[9.3875,8.3875,9.8625,8.8625],"rotation":0,"texture":"#0cd8140a-8c12-20fb-db00-edd21537a8ca","tintindex":0},"north":{"uv":[8.0125,9.3875,8.4875,9.8625],"rotation":0,"texture":"#0cd8140a-8c12-20fb-db00-edd21537a8ca","tintindex":0},"south":{"uv":[9.3875,9.0125,9.8625,9.4875],"rotation":0,"texture":"#0cd8140a-8c12-20fb-db00-edd21537a8ca","tintindex":0},"up":{"uv":[2.3625,9.9875,1.8875,9.5125],"rotation":0,"texture":"#0cd8140a-8c12-20fb-db00-edd21537a8ca","tintindex":0},"west":{"uv":[1.2625,9.5125,1.7375,9.9875],"rotation":0,"texture":"#0cd8140a-8c12-20fb-db00-edd21537a8ca","tintindex":0}}},{"name":"right arm","from":[8.42694,5.4367714,7.25],"to":[8.72694,7.2367716,7.85],"rotation":{"angle":0.0,"axis":"x","origin":[4.22694,-2.3632288,8.0]},"faces":{"down":{"uv":[15.2375,5.7625,15.1375,5.8625],"rotation":0,"texture":"#0cd8140a-8c12-20fb-db00-edd21537a8ca","tintindex":0},"east":{"uv":[14.2625,0.2625,14.3625,0.6125],"rotation":0,"texture":"#0cd8140a-8c12-20fb-db00-edd21537a8ca","tintindex":0},"north":{"uv":[14.1375,14.0125,14.2375,14.3625],"rotation":0,"texture":"#0cd8140a-8c12-20fb-db00-edd21537a8ca","tintindex":0},"south":{"uv":[14.2625,0.7625,14.3625,1.1125],"rotation":0,"texture":"#0cd8140a-8c12-20fb-db00-edd21537a8ca","tintindex":0},"up":{"uv":[5.7375,15.2375,5.6375,15.1375],"rotation":0,"texture":"#0cd8140a-8c12-20fb-db00-edd21537a8ca","tintindex":0},"west":{"uv":[14.2625,1.2625,14.3625,1.6125],"rotation":0,"texture":"#0cd8140a-8c12-20fb-db00-edd21537a8ca","tintindex":0}}},{"name":"right arm","from":[6.32694,5.7367716,6.8599997],"to":[8.42694,6.336772,6.95],"rotation":{"angle":0.0,"axis":"x","origin":[1.2269399,4.9867716,11.900001]},"faces":{"down":{"uv":[7.1125,13.6375,6.6375,13.7375],"rotation":0,"texture":"#0cd8140a-8c12-20fb-db00-edd21537a8ca","tintindex":0},"east":{"uv":[15.1375,5.2625,15.2375,5.3625],"rotation":0,"texture":"#0cd8140a-8c12-20fb-db00-edd21537a8ca","tintindex":0},"north":{"uv":[13.6375,2.1375,14.1125,2.2375],"rotation":0,"texture":"#0cd8140a-8c12-20fb-db00-edd21537a8ca","tintindex":0},"south":{"uv":[13.6375,2.3875,14.1125,2.4875],"rotation":0,"texture":"#0cd8140a-8c12-20fb-db00-edd21537a8ca","tintindex":0},"up":{"uv":[14.1125,2.7375,13.6375,2.6375],"rotation":0,"texture":"#0cd8140a-8c12-20fb-db00-edd21537a8ca","tintindex":0},"west":{"uv":[15.1375,5.5125,15.2375,5.6125],"rotation":0,"texture":"#0cd8140a-8c12-20fb-db00-edd21537a8ca","tintindex":0}}},{"name":"right arm","from":[6.32694,5.7367716,9.05],"to":[8.42694,6.336772,9.139999],"rotation":{"angle":0.0,"axis":"x","origin":[1.2269399,4.9867716,11.900001]},"faces":{"down":{"uv":[14.1125,1.8875,13.6375,1.9875],"rotation":0,"texture":"#0cd8140a-8c12-20fb-db00-edd21537a8ca","tintindex":0},"east":{"uv":[15.1375,4.7625,15.2375,4.8625],"rotation":0,"texture":"#0cd8140a-8c12-20fb-db00-edd21537a8ca","tintindex":0},"north":{"uv":[13.6375,0.2625,14.1125,0.3625],"rotation":0,"texture":"#0cd8140a-8c12-20fb-db00-edd21537a8ca","tintindex":0},"south":{"uv":[13.6375,0.5125,14.1125,0.6125],"rotation":0,"texture":"#0cd8140a-8c12-20fb-db00-edd21537a8ca","tintindex":0},"up":{"uv":[1.9875,13.7375,1.5125,13.6375],"rotation":0,"texture":"#0cd8140a-8c12-20fb-db00-edd21537a8ca","tintindex":0},"west":{"uv":[15.1375,5.0125,15.2375,5.1125],"rotation":0,"texture":"#0cd8140a-8c12-20fb-db00-edd21537a8ca","tintindex":0}}},{"name":"right arm","from":[8.42694,5.7367716,6.95],"to":[8.51694,6.336772,9.05],"rotation":{"angle":0.0,"axis":"x","origin":[7.07694,4.9867716,9.950001]},"faces":{"down":{"uv":[13.7375,1.2625,13.6375,1.7375],"rotation":0,"texture":"#0cd8140a-8c12-20fb-db00-edd21537a8ca","tintindex":0},"east":{"uv":[13.5125,10.3875,13.9875,10.4875],"rotation":0,"texture":"#0cd8140a-8c12-20fb-db00-edd21537a8ca","tintindex":0},"north":{"uv":[4.3875,15.1375,4.4875,15.2375],"rotation":0,"texture":"#0cd8140a-8c12-20fb-db00-edd21537a8ca","tintindex":0},"south":{"uv":[15.1375,4.5125,15.2375,4.6125],"rotation":0,"texture":"#0cd8140a-8c12-20fb-db00-edd21537a8ca","tintindex":0},"up":{"uv":[12.1125,13.9875,12.0125,13.5125],"rotation":0,"texture":"#0cd8140a-8c12-20fb-db00-edd21537a8ca","tintindex":0},"west":{"uv":[13.5125,10.6375,13.9875,10.7375],"rotation":0,"texture":"#0cd8140a-8c12-20fb-db00-edd21537a8ca","tintindex":0}}},{"name":"right arm","from":[6.2369404,5.7367716,6.95],"to":[6.32694,6.336772,9.05],"rotation":{"angle":0.0,"axis":"x","origin":[7.07694,4.9867716,9.950001]},"faces":{"down":{"uv":[11.8625,13.5125,11.7625,13.9875],"rotation":0,"texture":"#0cd8140a-8c12-20fb-db00-edd21537a8ca","tintindex":0},"east":{"uv":[9.8875,13.5125,10.3625,13.6125],"rotation":0,"texture":"#0cd8140a-8c12-20fb-db00-edd21537a8ca","tintindex":0},"north":{"uv":[15.1375,4.0125,15.2375,4.1125],"rotation":0,"texture":"#0cd8140a-8c12-20fb-db00-edd21537a8ca","tintindex":0},"south":{"uv":[15.1375,4.2625,15.2375,4.3625],"rotation":0,"texture":"#0cd8140a-8c12-20fb-db00-edd21537a8ca","tintindex":0},"up":{"uv":[3.4875,13.9875,3.3875,13.5125],"rotation":0,"texture":"#0cd8140a-8c12-20fb-db00-edd21537a8ca","tintindex":0},"west":{"uv":[13.5125,10.1375,13.9875,10.2375],"rotation":0,"texture":"#0cd8140a-8c12-20fb-db00-edd21537a8ca","tintindex":0}}},{"name":"right arm","from":[6.32694,6.9367714,6.8599997],"to":[8.42694,7.536772,6.95],"rotation":{"angle":0.0,"axis":"x","origin":[1.2269399,6.1867714,11.900001]},"faces":{"down":{"uv":[13.9875,9.2625,13.5125,9.3625],"rotation":0,"texture":"#0cd8140a-8c12-20fb-db00-edd21537a8ca","tintindex":0},"east":{"uv":[3.6375,15.1375,3.7375,15.2375],"rotation":0,"texture":"#0cd8140a-8c12-20fb-db00-edd21537a8ca","tintindex":0},"north":{"uv":[13.5125,8.5125,13.9875,8.6125],"rotation":0,"texture":"#0cd8140a-8c12-20fb-db00-edd21537a8ca","tintindex":0},"south":{"uv":[13.5125,8.7625,13.9875,8.8625],"rotation":0,"texture":"#0cd8140a-8c12-20fb-db00-edd21537a8ca","tintindex":0},"up":{"uv":[13.9875,9.1125,13.5125,9.0125],"rotation":0,"texture":"#0cd8140a-8c12-20fb-db00-edd21537a8ca","tintindex":0},"west":{"uv":[15.1375,3.7625,15.2375,3.8625],"rotation":0,"texture":"#0cd8140a-8c12-20fb-db00-edd21537a8ca","tintindex":0}}},{"name":"right arm","from":[6.2369404,6.9367714,6.95],"to":[6.32694,7.536772,9.05],"rotation":{"angle":0.0,"axis":"x","origin":[7.07694,6.1867714,9.950001]},"faces":{"down":{"uv":[1.3625,13.5125,1.2625,13.9875],"rotation":0,"texture":"#0cd8140a-8c12-20fb-db00-edd21537a8ca","tintindex":0},"east":{"uv":[13.5125,6.5125,13.9875,6.6125],"rotation":0,"texture":"#0cd8140a-8c12-20fb-db00-edd21537a8ca","tintindex":0},"north":{"uv":[3.1375,15.1375,3.2375,15.2375],"rotation":0,"texture":"#0cd8140a-8c12-20fb-db00-edd21537a8ca","tintindex":0},"south":{"uv":[3.3875,15.1375,3.4875,15.2375],"rotation":0,"texture":"#0cd8140a-8c12-20fb-db00-edd21537a8ca","tintindex":0},"up":{"uv":[11.6125,13.8625,11.5125,13.3875],"rotation":0,"texture":"#0cd8140a-8c12-20fb-db00-edd21537a8ca","tintindex":0},"west":{"uv":[8.5125,13.5125,8.9875,13.6125],"rotation":0,"texture":"#0cd8140a-8c12-20fb-db00-edd21537a8ca","tintindex":0}}},{"name":"right arm","from":[8.42694,6.9367714,6.95],"to":[8.51694,7.536772,9.05],"rotation":{"angle":0.0,"axis":"x","origin":[7.07694,6.1867714,9.950001]},"faces":{"down":{"uv":[11.3625,13.3875,11.2625,13.8625],"rotation":0,"texture":"#0cd8140a-8c12-20fb-db00-edd21537a8ca","tintindex":0},"east":{"uv":[13.5125,6.0125,13.9875,6.1125],"rotation":0,"texture":"#0cd8140a-8c12-20fb-db00-edd21537a8ca","tintindex":0},"north":{"uv":[2.8875,15.1375,2.9875,15.2375],"rotation":0,"texture":"#0cd8140a-8c12-20fb-db00-edd21537a8ca","tintindex":0},"south":{"uv":[15.1375,2.8875,15.2375,2.9875],"rotation":0,"texture":"#0cd8140a-8c12-20fb-db00-edd21537a8ca","tintindex":0},"up":{"uv":[8.3625,13.8625,8.2625,13.3875],"rotation":0,"texture":"#0cd8140a-8c12-20fb-db00-edd21537a8ca","tintindex":0},"west":{"uv":[13.5125,6.2625,13.9875,6.3625],"rotation":0,"texture":"#0cd8140a-8c12-20fb-db00-edd21537a8ca","tintindex":0}}},{"name":"right arm","from":[6.32694,6.9367714,9.05],"to":[8.42694,7.536772,9.139999],"rotation":{"angle":0.0,"axis":"x","origin":[1.2269399,6.1867714,11.900001]},"faces":{"down":{"uv":[13.9875,5.7625,13.5125,5.8625],"rotation":0,"texture":"#0cd8140a-8c12-20fb-db00-edd21537a8ca","tintindex":0},"east":{"uv":[15.1375,2.0125,15.2375,2.1125],"rotation":0,"texture":"#0cd8140a-8c12-20fb-db00-edd21537a8ca","tintindex":0},"north":{"uv":[13.5125,3.3875,13.9875,3.4875],"rotation":0,"texture":"#0cd8140a-8c12-20fb-db00-edd21537a8ca","tintindex":0},"south":{"uv":[13.5125,3.6375,13.9875,3.7375],"rotation":0,"texture":"#0cd8140a-8c12-20fb-db00-edd21537a8ca","tintindex":0},"up":{"uv":[5.6125,13.6125,5.1375,13.5125],"rotation":0,"texture":"#0cd8140a-8c12-20fb-db00-edd21537a8ca","tintindex":0},"west":{"uv":[2.6375,15.1375,2.7375,15.2375],"rotation":0,"texture":"#0cd8140a-8c12-20fb-db00-edd21537a8ca","tintindex":0}}},{"name":"right arm","from":[8.43265,7.20807,7.25],"to":[8.732649,8.40807,7.85],"rotation":{"angle":22.5,"axis":"z","origin":[8.657649,7.20807,8.45]},"faces":{"down":{"uv":[15.2375,1.7625,15.1375,1.8625],"rotation":0,"texture":"#0cd8140a-8c12-20fb-db00-edd21537a8ca","tintindex":0},"east":{"uv":[14.6375,5.2625,14.7375,5.4875],"rotation":0,"texture":"#0cd8140a-8c12-20fb-db00-edd21537a8ca","tintindex":0},"north":{"uv":[4.1375,14.6375,4.2375,14.8625],"rotation":0,"texture":"#0cd8140a-8c12-20fb-db00-edd21537a8ca","tintindex":0},"south":{"uv":[14.6375,5.6375,14.7375,5.8625],"rotation":0,"texture":"#0cd8140a-8c12-20fb-db00-edd21537a8ca","tintindex":0},"up":{"uv":[15.2375,1.6125,15.1375,1.5125],"rotation":0,"texture":"#0cd8140a-8c12-20fb-db00-edd21537a8ca","tintindex":0},"west":{"uv":[6.0125,14.6375,6.1125,14.8625],"rotation":0,"texture":"#0cd8140a-8c12-20fb-db00-edd21537a8ca","tintindex":0}}},{"name":"right arm","from":[8.43265,7.20807,8.15],"to":[8.732649,8.40807,8.75],"rotation":{"angle":22.5,"axis":"z","origin":[8.657649,7.20807,8.45]},"faces":{"down":{"uv":[15.2375,1.0125,15.1375,1.1125],"rotation":0,"texture":"#0cd8140a-8c12-20fb-db00-edd21537a8ca","tintindex":0},"east":{"uv":[14.6375,3.5125,14.7375,3.7375],"rotation":0,"texture":"#0cd8140a-8c12-20fb-db00-edd21537a8ca","tintindex":0},"north":{"uv":[1.1375,14.6375,1.2375,14.8625],"rotation":0,"texture":"#0cd8140a-8c12-20fb-db00-edd21537a8ca","tintindex":0},"south":{"uv":[3.8875,14.6375,3.9875,14.8625],"rotation":0,"texture":"#0cd8140a-8c12-20fb-db00-edd21537a8ca","tintindex":0},"up":{"uv":[15.2375,0.8625,15.1375,0.7625],"rotation":0,"texture":"#0cd8140a-8c12-20fb-db00-edd21537a8ca","tintindex":0},"west":{"uv":[14.6375,3.8875,14.7375,4.1125],"rotation":0,"texture":"#0cd8140a-8c12-20fb-db00-edd21537a8ca","tintindex":0}}},{"name":"right arm","from":[8.42694,5.4367714,8.15],"to":[8.72694,7.2367716,8.75],"rotation":{"angle":0.0,"axis":"x","origin":[4.22694,-2.3632288,8.0]},"faces":{"down":{"uv":[15.2375,0.5125,15.1375,0.6125],"rotation":0,"texture":"#0cd8140a-8c12-20fb-db00-edd21537a8ca","tintindex":0},"east":{"uv":[13.0125,14.1375,13.1125,14.4875],"rotation":0,"texture":"#0cd8140a-8c12-20fb-db00-edd21537a8ca","tintindex":0},"north":{"uv":[12.7625,14.1375,12.8625,14.4875],"rotation":0,"texture":"#0cd8140a-8c12-20fb-db00-edd21537a8ca","tintindex":0},"south":{"uv":[13.2625,14.1375,13.3625,14.4875],"rotation":0,"texture":"#0cd8140a-8c12-20fb-db00-edd21537a8ca","tintindex":0},"up":{"uv":[0.6125,15.2375,0.5125,15.1375],"rotation":0,"texture":"#0cd8140a-8c12-20fb-db00-edd21537a8ca","tintindex":0},"west":{"uv":[14.1375,13.5125,14.2375,13.8625],"rotation":0,"texture":"#0cd8140a-8c12-20fb-db00-edd21537a8ca","tintindex":0}}}],"display":{"head":{"translation":[0.0,-6.4,0.0],"rotation":[0.0,0.0,0.0],"scale":[3.8095,3.8095,3.8095]},"gui":{"translation":[0.0,0.0,0.0],"rotation":[35.0,225.0,0.0],"scale":[0.625,0.625,0.625]}}}