{"file_name":"rightarm","texture_size":[128,128],"textures":{"a6f54b2e-09e4-3daa-c557-2d8115a194b4":"modelengine:entity/reapercloak","cc1302b3-ba58-96b2-703a-6e3a6cb31093":"modelengine:entity/reaperfald","f4e90b98-015c-e3c5-c8ad-a9295f4523d9":"modelengine:entity/boneshadin2heraldxd","0cd8140a-8c12-20fb-db00-edd21537a8ca":"modelengine:entity/fallenreaper","54e1c98d-cbb5-3f45-2868-f1ee52e55c7f":"modelengine:entity/boneshadingreaper","207c0d20-03fb-b731-ac36-67e40842ac1a":"modelengine:entity/osdes"},"elements":[{"name":"layer","from":[7.7112503,3.1700003,6.7699995],"to":[10.219999,6.8299994,9.23],"rotation":{"angle":0.0,"axis":"x","origin":[4.85,-7.000001,8.0]},"faces":{"down":{"uv":[10.2375,1.2625,9.7625,1.7375],"rotation":0,"texture":"#0cd8140a-8c12-20fb-db00-edd21537a8ca","tintindex":0},"east":{"uv":[7.2625,1.0125,7.7375,1.7375],"rotation":0,"texture":"#0cd8140a-8c12-20fb-db00-edd21537a8ca","tintindex":0},"north":{"uv":[0.8875,3.6375,1.3625,4.3625],"rotation":0,"texture":"#0cd8140a-8c12-20fb-db00-edd21537a8ca","tintindex":0},"south":{"uv":[6.8875,7.2625,7.3625,7.9875],"rotation":0,"texture":"#0cd8140a-8c12-20fb-db00-edd21537a8ca","tintindex":0},"up":{"uv":[10.2375,1.1125,9.7625,0.6375],"rotation":0,"texture":"#0cd8140a-8c12-20fb-db00-edd21537a8ca","tintindex":0},"west":{"uv":[0.0125,7.5125,0.4875,8.2375],"rotation":0,"texture":"#0cd8140a-8c12-20fb-db00-edd21537a8ca","tintindex":0}}},{"name":"left arm","from":[7.7,5.6,6.8],"to":[10.1,8.0,9.2],"rotation":{"angle":0.0,"axis":"x","origin":[5.3,-5.8,8.0]},"faces":{"down":{"uv":[10.1125,2.5125,9.6375,2.9875],"rotation":0,"texture":"#0cd8140a-8c12-20fb-db00-edd21537a8ca","tintindex":0},"east":{"uv":[6.2625,9.5125,6.7375,9.9875],"rotation":0,"texture":"#0cd8140a-8c12-20fb-db00-edd21537a8ca","tintindex":0},"north":{"uv":[4.3875,9.5125,4.8625,9.9875],"rotation":0,"texture":"#0cd8140a-8c12-20fb-db00-edd21537a8ca","tintindex":0},"south":{"uv":[8.6375,9.5125,9.1125,9.9875],"rotation":0,"texture":"#0cd8140a-8c12-20fb-db00-edd21537a8ca","tintindex":0},"up":{"uv":[1.1125,10.1125,0.6375,9.6375],"rotation":0,"texture":"#0cd8140a-8c12-20fb-db00-edd21537a8ca","tintindex":0},"west":{"uv":[0.0125,9.6375,0.4875,10.1125],"rotation":0,"texture":"#0cd8140a-8c12-20fb-db00-edd21537a8ca","tintindex":0}}},{"name":"left arm","from":[7.85,5.0,6.8],"to":[8.45,5.6,9.2],"rotation":{"angle":0.0,"axis":"x","origin":[5.45,-6.4000006,8.0]},"faces":{"down":{"uv":[0.1125,13.7625,0.0125,14.2375],"rotation":0,"texture":"#0cd8140a-8c12-20fb-db00-edd21537a8ca","tintindex":0},"east":{"uv":[13.6375,13.2625,14.1125,13.3625],"rotation":0,"texture":"#0cd8140a-8c12-20fb-db00-edd21537a8ca","tintindex":0},"north":{"uv":[8.3875,15.1375,8.4875,15.2375],"rotation":0,"texture":"#0cd8140a-8c12-20fb-db00-edd21537a8ca","tintindex":0},"south":{"uv":[15.1375,9.8875,15.2375,9.9875],"rotation":0,"texture":"#0cd8140a-8c12-20fb-db00-edd21537a8ca","tintindex":0},"up":{"uv":[8.1125,14.1125,8.0125,13.6375],"rotation":0,"texture":"#0cd8140a-8c12-20fb-db00-edd21537a8ca","tintindex":0},"west":{"uv":[13.5125,13.6375,13.9875,13.7375],"rotation":0,"texture":"#0cd8140a-8c12-20fb-db00-edd21537a8ca","tintindex":0}}},{"name":"left arm","from":[9.35,5.0,6.8],"to":[9.950001,5.6,9.2],"rotation":{"angle":0.0,"axis":"x","origin":[6.95,-6.4000006,8.0]},"faces":{"down":{"uv":[7.8625,13.6375,7.7625,14.1125],"rotation":0,"texture":"#0cd8140a-8c12-20fb-db00-edd21537a8ca","tintindex":0},"east":{"uv":[12.2625,13.6375,12.7375,13.7375],"rotation":0,"texture":"#0cd8140a-8c12-20fb-db00-edd21537a8ca","tintindex":0},"north":{"uv":[15.1375,7.1375,15.2375,7.2375],"rotation":0,"texture":"#0cd8140a-8c12-20fb-db00-edd21537a8ca","tintindex":0},"south":{"uv":[15.1375,7.3875,15.2375,7.4875],"rotation":0,"texture":"#0cd8140a-8c12-20fb-db00-edd21537a8ca","tintindex":0},"up":{"uv":[5.8625,14.1125,5.7625,13.6375],"rotation":0,"texture":"#0cd8140a-8c12-20fb-db00-edd21537a8ca","tintindex":0},"west":{"uv":[12.8875,13.6375,13.3625,13.7375],"rotation":0,"texture":"#0cd8140a-8c12-20fb-db00-edd21537a8ca","tintindex":0}}},{"name":"left arm","from":[7.7,8.0,6.8],"to":[9.5,8.6,9.2],"rotation":{"angle":0.0,"axis":"x","origin":[5.3,-5.8,8.0]},"faces":{"down":{"uv":[0.3625,10.6375,0.0125,11.1125],"rotation":0,"texture":"#0cd8140a-8c12-20fb-db00-edd21537a8ca","tintindex":0},"east":{"uv":[9.1375,13.6375,9.6125,13.7375],"rotation":0,"texture":"#0cd8140a-8c12-20fb-db00-edd21537a8ca","tintindex":0},"north":{"uv":[14.1375,12.3875,14.4875,12.4875],"rotation":0,"texture":"#0cd8140a-8c12-20fb-db00-edd21537a8ca","tintindex":0},"south":{"uv":[1.3875,14.2625,1.7375,14.3625],"rotation":0,"texture":"#0cd8140a-8c12-20fb-db00-edd21537a8ca","tintindex":0},"up":{"uv":[10.6125,10.9875,10.2625,10.5125],"rotation":0,"texture":"#0cd8140a-8c12-20fb-db00-edd21537a8ca","tintindex":0},"west":{"uv":[10.5125,13.6375,10.9875,13.7375],"rotation":0,"texture":"#0cd8140a-8c12-20fb-db00-edd21537a8ca","tintindex":0}}},{"name":"left arm","from":[7.7,8.6,6.8],"to":[8.9,8.9,9.2],"rotation":{"angle":0.0,"axis":"x","origin":[5.3,-5.200001,8.0]},"faces":{"down":{"uv":[5.9875,11.3875,5.7625,11.8625],"rotation":0,"texture":"#0cd8140a-8c12-20fb-db00-edd21537a8ca","tintindex":0},"east":{"uv":[14.0125,9.7625,14.4875,9.8625],"rotation":0,"texture":"#0cd8140a-8c12-20fb-db00-edd21537a8ca","tintindex":0},"north":{"uv":[10.8875,14.7625,11.1125,14.8625],"rotation":0,"texture":"#0cd8140a-8c12-20fb-db00-edd21537a8ca","tintindex":0},"south":{"uv":[11.2625,14.7625,11.4875,14.8625],"rotation":0,"texture":"#0cd8140a-8c12-20fb-db00-edd21537a8ca","tintindex":0},"up":{"uv":[11.6125,5.9875,11.3875,5.5125],"rotation":0,"texture":"#0cd8140a-8c12-20fb-db00-edd21537a8ca","tintindex":0},"west":{"uv":[11.1375,14.0125,11.6125,14.1125],"rotation":0,"texture":"#0cd8140a-8c12-20fb-db00-edd21537a8ca","tintindex":0}}},{"name":"left arm","from":[7.85,8.9,7.4],"to":[8.45,9.2,8.6],"rotation":{"angle":0.0,"axis":"x","origin":[4.85,-4.9000006,8.0]},"faces":{"down":{"uv":[12.4875,14.7625,12.3875,14.9875],"rotation":0,"texture":"#0cd8140a-8c12-20fb-db00-edd21537a8ca","tintindex":0},"east":{"uv":[11.6375,14.7625,11.8625,14.8625],"rotation":0,"texture":"#0cd8140a-8c12-20fb-db00-edd21537a8ca","tintindex":0},"north":{"uv":[12.1375,15.3875,12.2375,15.4875],"rotation":0,"texture":"#0cd8140a-8c12-20fb-db00-edd21537a8ca","tintindex":0},"south":{"uv":[12.3875,15.3875,12.4875,15.4875],"rotation":0,"texture":"#0cd8140a-8c12-20fb-db00-edd21537a8ca","tintindex":0},"up":{"uv":[5.8625,14.9875,5.7625,14.7625],"rotation":0,"texture":"#0cd8140a-8c12-20fb-db00-edd21537a8ca","tintindex":0},"west":{"uv":[12.0125,14.7625,12.2375,14.8625],"rotation":0,"texture":"#0cd8140a-8c12-20fb-db00-edd21537a8ca","tintindex":0}}},{"name":"left arm","from":[8.9,8.6,7.4],"to":[9.5,8.9,8.6],"rotation":{"angle":0.0,"axis":"x","origin":[5.8999996,-5.200001,8.0]},"faces":{"down":{"uv":[14.4875,14.7625,14.3875,14.9875],"rotation":0,"texture":"#0cd8140a-8c12-20fb-db00-edd21537a8ca","tintindex":0},"east":{"uv":[14.7625,13.1375,14.9875,13.2375],"rotation":0,"texture":"#0cd8140a-8c12-20fb-db00-edd21537a8ca","tintindex":0},"north":{"uv":[15.3875,12.5125,15.4875,12.6125],"rotation":0,"texture":"#0cd8140a-8c12-20fb-db00-edd21537a8ca","tintindex":0},"south":{"uv":[12.6375,15.3875,12.7375,15.4875],"rotation":0,"texture":"#0cd8140a-8c12-20fb-db00-edd21537a8ca","tintindex":0},"up":{"uv":[14.2375,14.9875,14.1375,14.7625],"rotation":0,"texture":"#0cd8140a-8c12-20fb-db00-edd21537a8ca","tintindex":0},"west":{"uv":[13.7625,14.7625,13.9875,14.8625],"rotation":0,"texture":"#0cd8140a-8c12-20fb-db00-edd21537a8ca","tintindex":0}}},{"name":"left arm","from":[9.198118,7.5512576,6.803],"to":[9.798119,8.301258,9.1970005],"rotation":{"angle":22.5,"axis":"z","origin":[8.898119,8.301258,8.0]},"faces":{"down":{"uv":[4.9875,13.6375,4.8875,14.1125],"rotation":0,"texture":"#0cd8140a-8c12-20fb-db00-edd21537a8ca","tintindex":0},"east":{"uv":[13.6375,7.1375,14.1125,7.2375],"rotation":0,"texture":"#0cd8140a-8c12-20fb-db00-edd21537a8ca","tintindex":0},"north":{"uv":[15.1375,6.2625,15.2375,6.3625],"rotation":0,"texture":"#0cd8140a-8c12-20fb-db00-edd21537a8ca","tintindex":0},"south":{"uv":[15.1375,6.8875,15.2375,6.9875],"rotation":0,"texture":"#0cd8140a-8c12-20fb-db00-edd21537a8ca","tintindex":0},"up":{"uv":[4.7375,14.1125,4.6375,13.6375],"rotation":0,"texture":"#0cd8140a-8c12-20fb-db00-edd21537a8ca","tintindex":0},"west":{"uv":[13.6375,7.3875,14.1125,7.4875],"rotation":0,"texture":"#0cd8140a-8c12-20fb-db00-edd21537a8ca","tintindex":0}}},{"name":"left arm","from":[8.0,4.3999996,7.1],"to":[9.8,5.6,8.9],"rotation":{"angle":0.0,"axis":"x","origin":[5.3,-5.8,8.0]},"faces":{"down":{"uv":[0.004,0.004,5.996,3.996],"rotation":0,"texture":"#54e1c98d-cbb5-3f45-2868-f1ee52e55c7f","tintindex":0},"east":{"uv":[5.996,0.004,0.004,3.996],"rotation":0,"texture":"#54e1c98d-cbb5-3f45-2868-f1ee52e55c7f","tintindex":0},"north":{"uv":[5.996,0.004,0.004,3.996],"rotation":0,"texture":"#54e1c98d-cbb5-3f45-2868-f1ee52e55c7f","tintindex":0},"south":{"uv":[5.996,0.004,0.004,3.996],"rotation":0,"texture":"#54e1c98d-cbb5-3f45-2868-f1ee52e55c7f","tintindex":0},"up":{"uv":[0.004,0.004,5.996,3.996],"rotation":0,"texture":"#54e1c98d-cbb5-3f45-2868-f1ee52e55c7f","tintindex":0},"west":{"uv":[5.996,0.004,0.004,3.996],"rotation":0,"texture":"#54e1c98d-cbb5-3f45-2868-f1ee52e55c7f","tintindex":0}}}],"display":{"head":{"translation":[0.0,-6.4,0.0],"rotation":[0.0,0.0,0.0],"scale":[3.8095,3.8095,3.8095]},"gui":{"translation":[0.0,0.0,0.0],"rotation":[35.0,225.0,0.0],"scale":[0.625,0.625,0.625]}}}