{
	"__comment": "Designed by CaoHung with Cubik Studio - https://cubik.studio",
	"textures": {
		"voxels_atlas": "new_guns/m9"
	},
	"elements": [ 	 
		{
			"__comment": "Voxels",
			"from": [ 5.125, 8.5, 8.125 ],
			"to": [ 7.625, 9.125, 9.375 ],
			"faces": {
				"down": { "uv": [ 6.125, 10.875, 7.375, 11.5 ], "texture": "#voxels_atlas" },
				"up": { "uv": [ 6.125, 12.75, 7.375, 12.125 ], "texture": "#voxels_atlas" },
				"north": { "uv": [ 9.5, 9.75, 8.25, 10.0625 ], "texture": "#voxels_atlas" },
				"south": { "uv": [ 8.25, 10.0625, 9.5, 10.375 ], "texture": "#voxels_atlas" },
				"west": { "uv": [ 7.375, 13.375, 8, 13.6875 ], "texture": "#voxels_atlas" },
				"east": { "uv": [ 8, 13.6875, 7.375, 14 ], "texture": "#voxels_atlas" }
			}
		},
		{
			"__comment": "Voxels",
			"from": [ 5.125, 12.75, 8 ],
			"to": [ 11.875, 13.375, 9.5 ],
			"faces": {
				"down": { "uv": [ 0, 11, 3.375, 11.75 ], "texture": "#voxels_atlas" },
				"up": { "uv": [ 0, 11, 3.375, 10.25 ], "texture": "#voxels_atlas" },
				"north": { "uv": [ 8.25, 14.9375, 4.875, 15.25 ], "texture": "#voxels_atlas" },
				"south": { "uv": [ 4.875, 14.625, 8.25, 14.9375 ], "texture": "#voxels_atlas" },
				"west": { "uv": [ 7.375, 14.3125, 8.125, 14.625 ], "texture": "#voxels_atlas" },
				"east": { "uv": [ 8.125, 14, 7.375, 14.3125 ], "texture": "#voxels_atlas" }
			}
		},
		{
			"__comment": "Voxels",
			"from": [ 5.25, 8.25, 8.125 ],
			"to": [ 7.625, 8.5, 9.375 ],
			"faces": {
				"down": { "uv": [ 4.875, 9.625, 6.0625, 10.25 ], "texture": "#voxels_atlas" },
				"up": { "uv": [ 6.125, 10.875, 7.3125, 10.25 ], "texture": "#voxels_atlas" },
				"north": { "uv": [ 11.75, 11.25, 10.5625, 11.375 ], "texture": "#voxels_atlas" },
				"south": { "uv": [ 10.5625, 11.375, 11.75, 11.5 ], "texture": "#voxels_atlas" },
				"west": { "uv": [ 11.0625, 9.625, 11.6875, 9.75 ], "texture": "#voxels_atlas" },
				"east": { "uv": [ 7.9375, 10.25, 7.3125, 10.375 ], "texture": "#voxels_atlas" }
			}
		},
		{
			"__comment": "Voxels",
			"from": [ 5.25, 9.125, 8.125 ],
			"to": [ 7.75, 9.625, 9.375 ],
			"faces": {
				"down": { "uv": [ 6.125, 14, 7.375, 14.625 ], "texture": "#voxels_atlas" },
				"up": { "uv": [ 4.875, 14, 6.125, 13.375 ], "texture": "#voxels_atlas" },
				"north": { "uv": [ 9.5, 9.5, 8.25, 9.75 ], "texture": "#voxels_atlas" },
				"south": { "uv": [ 8.25, 9, 9.5, 9.25 ], "texture": "#voxels_atlas" },
				"west": { "uv": [ 7.375, 8.875, 8, 9.125 ], "texture": "#voxels_atlas" },
				"east": { "uv": [ 7.9375, 10.375, 7.3125, 10.625 ], "texture": "#voxels_atlas" }
			}
		},
		{
			"__comment": "Voxels",
			"from": [ 5.25, 12.625, 8 ],
			"to": [ 11.75, 12.75, 9.5 ],
			"faces": {
				"down": { "uv": [ 0, 9.5, 3.25, 10.25 ], "texture": "#voxels_atlas" },
				"up": { "uv": [ 0, 9.5, 3.25, 8.75 ], "texture": "#voxels_atlas" },
				"north": { "uv": [ 13.8125, 12.25, 10.5625, 12.3125 ], "texture": "#voxels_atlas" },
				"south": { "uv": [ 10.5625, 12.3125, 13.8125, 12.375 ], "texture": "#voxels_atlas" },
				"west": { "uv": [ 15.25, 11.75, 16, 11.8125 ], "texture": "#voxels_atlas" },
				"east": { "uv": [ 15.875, 11.6875, 15.125, 11.75 ], "texture": "#voxels_atlas" }
			}
		},
		{
			"__comment": "Voxels",
			"from": [ 5.25, 13.375, 8 ],
			"to": [ 15, 13.75, 9.5 ],
			"faces": {
				"down": { "uv": [ 0, 15.25, 4.875, 16 ], "texture": "#voxels_atlas" },
				"up": { "uv": [ 0, 15.25, 4.875, 14.5 ], "texture": "#voxels_atlas" },
				"north": { "uv": [ 13.125, 15.0625, 8.25, 15.25 ], "texture": "#voxels_atlas" },
				"south": { "uv": [ 8.25, 14.875, 13.125, 15.0625 ], "texture": "#voxels_atlas" },
				"west": { "uv": [ 9.5625, 9.1875, 10.3125, 9.375 ], "texture": "#voxels_atlas" },
				"east": { "uv": [ 10.3125, 9, 9.5625, 9.1875 ], "texture": "#voxels_atlas" }
			}
		},
		{
			"__comment": "Voxels",
			"from": [ 5.375, 8.125, 8.125 ],
			"to": [ 7.625, 8.25, 9.375 ],
			"faces": {
				"down": { "uv": [ 4.875, 9, 6, 9.625 ], "texture": "#voxels_atlas" },
				"up": { "uv": [ 4.875, 9, 6, 8.375 ], "texture": "#voxels_atlas" },
				"north": { "uv": [ 15.5, 11, 14.375, 11.0625 ], "texture": "#voxels_atlas" },
				"south": { "uv": [ 11.875, 10.9375, 13, 11 ], "texture": "#voxels_atlas" },
				"west": { "uv": [ 9.5625, 8, 10.1875, 8.0625 ], "texture": "#voxels_atlas" },
				"east": { "uv": [ 11.6875, 9.5625, 11.0625, 9.625 ], "texture": "#voxels_atlas" }
			}
		},
		{
			"__comment": "Voxels",
			"from": [ 5.375, 8.25, 8 ],
			"to": [ 7.5, 8.5, 8.125 ],
			"faces": {
				"down": { "uv": [ 11.875, 10.5, 12.9375, 10.5625 ], "texture": "#voxels_atlas" },
				"up": { "uv": [ 11.875, 10.625, 12.9375, 10.5625 ], "texture": "#voxels_atlas" },
				"north": { "uv": [ 16, 13.25, 14.9375, 13.375 ], "texture": "#voxels_atlas" },
				"south": { "uv": [ 10.5625, 11, 11.625, 11.125 ], "texture": "#voxels_atlas" },
				"west": { "uv": [ 3.125, 8, 3.1875, 8.125 ], "texture": "#voxels_atlas" },
				"east": { "uv": [ 3.25, 8, 3.1875, 8.125 ], "texture": "#voxels_atlas" }
			}
		},
		{
			"__comment": "Voxels",
			"from": [ 5.375, 8.25, 9.375 ],
			"to": [ 7.5, 8.5, 9.5 ],
			"faces": {
				"down": { "uv": [ 14.9375, 13, 16, 13.0625 ], "texture": "#voxels_atlas" },
				"up": { "uv": [ 11.875, 10.375, 12.9375, 10.3125 ], "texture": "#voxels_atlas" },
				"north": { "uv": [ 15.9375, 12.125, 14.875, 12.25 ], "texture": "#voxels_atlas" },
				"south": { "uv": [ 10.5625, 11.125, 11.625, 11.25 ], "texture": "#voxels_atlas" },
				"west": { "uv": [ 8.125, 9.75, 8.1875, 9.875 ], "texture": "#voxels_atlas" },
				"east": { "uv": [ 8.25, 9.75, 8.1875, 9.875 ], "texture": "#voxels_atlas" }
			}
		},
		{
			"__comment": "Voxels",
			"from": [ 5.375, 8.5, 8 ],
			"to": [ 7.375, 9.125, 8.125 ],
			"faces": {
				"down": { "uv": [ 13, 10.8125, 14, 10.875 ], "texture": "#voxels_atlas" },
				"up": { "uv": [ 15, 11, 16, 10.9375 ], "texture": "#voxels_atlas" },
				"north": { "uv": [ 9.25, 8.6875, 8.25, 9 ], "texture": "#voxels_atlas" },
				"south": { "uv": [ 8.25, 8.375, 9.25, 8.6875 ], "texture": "#voxels_atlas" },
				"west": { "uv": [ 9.5, 10.0625, 9.5625, 10.375 ], "texture": "#voxels_atlas" },
				"east": { "uv": [ 9.5625, 9.75, 9.5, 10.0625 ], "texture": "#voxels_atlas" }
			}
		},
		{
			"__comment": "Voxels",
			"from": [ 5.375, 8.5, 9.375 ],
			"to": [ 7.375, 9.125, 9.5 ],
			"faces": {
				"down": { "uv": [ 11.875, 8.6875, 12.875, 8.75 ], "texture": "#voxels_atlas" },
				"up": { "uv": [ 11.875, 8.8125, 12.875, 8.75 ], "texture": "#voxels_atlas" },
				"north": { "uv": [ 9.25, 8.0625, 8.25, 8.375 ], "texture": "#voxels_atlas" },
				"south": { "uv": [ 9.5625, 13.5625, 10.5625, 13.875 ], "texture": "#voxels_atlas" },
				"west": { "uv": [ 13.5, 8.75, 13.5625, 9.0625 ], "texture": "#voxels_atlas" },
				"east": { "uv": [ 13.625, 8.75, 13.5625, 9.0625 ], "texture": "#voxels_atlas" }
			}
		},
		{
			"__comment": "Voxels",
			"from": [ 5.375, 9.625, 8.125 ],
			"to": [ 7.875, 10.125, 9.375 ],
			"faces": {
				"down": { "uv": [ 4.875, 10.25, 6.125, 10.875 ], "texture": "#voxels_atlas" },
				"up": { "uv": [ 4.875, 12.125, 6.125, 11.5 ], "texture": "#voxels_atlas" },
				"north": { "uv": [ 12.5, 13.875, 11.25, 14.125 ], "texture": "#voxels_atlas" },
				"south": { "uv": [ 8.25, 9.25, 9.5, 9.5 ], "texture": "#voxels_atlas" },
				"west": { "uv": [ 7.3125, 10.625, 7.9375, 10.875 ], "texture": "#voxels_atlas" },
				"east": { "uv": [ 8, 8.3125, 7.375, 8.5625 ], "texture": "#voxels_atlas" }
			}
		},
		{
			"__comment": "Voxels",
			"from": [ 5.375, 13.75, 8 ],
			"to": [ 15, 14.125, 9.5 ],
			"faces": {
				"down": { "uv": [ 0, 13.75, 4.8125, 14.5 ], "texture": "#voxels_atlas" },
				"up": { "uv": [ 0, 13.75, 4.8125, 13 ], "texture": "#voxels_atlas" },
				"north": { "uv": [ 13.0625, 14.6875, 8.25, 14.875 ], "texture": "#voxels_atlas" },
				"south": { "uv": [ 8.25, 14.5, 13.0625, 14.6875 ], "texture": "#voxels_atlas" },
				"west": { "uv": [ 9.5625, 9.5625, 10.3125, 9.75 ], "texture": "#voxels_atlas" },
				"east": { "uv": [ 10.3125, 9.375, 9.5625, 9.5625 ], "texture": "#voxels_atlas" }
			}
		},
		{
			"__comment": "Voxels",
			"from": [ 5.5, 8, 8 ],
			"to": [ 7.5, 8.25, 8.125 ],
			"faces": {
				"down": { "uv": [ 11.875, 9, 12.875, 9.0625 ], "texture": "#voxels_atlas" },
				"up": { "uv": [ 11.875, 9.125, 12.875, 9.0625 ], "texture": "#voxels_atlas" },
				"north": { "uv": [ 10.5625, 8.25, 9.5625, 8.375 ], "texture": "#voxels_atlas" },
				"south": { "uv": [ 9.5625, 8.875, 10.5625, 9 ], "texture": "#voxels_atlas" },
				"west": { "uv": [ 9.4375, 11.625, 9.5, 11.75 ], "texture": "#voxels_atlas" },
				"east": { "uv": [ 9.5625, 11.625, 9.5, 11.75 ], "texture": "#voxels_atlas" }
			}
		},
		{
			"__comment": "Voxels",
			"from": [ 5.5, 8, 8.125 ],
			"to": [ 7.625, 8.125, 9.375 ],
			"faces": {
				"down": { "uv": [ 6.0625, 9.125, 7.125, 9.75 ], "texture": "#voxels_atlas" },
				"up": { "uv": [ 7.125, 9.75, 8.1875, 9.125 ], "texture": "#voxels_atlas" },
				"north": { "uv": [ 12.9375, 10.25, 11.875, 10.3125 ], "texture": "#voxels_atlas" },
				"south": { "uv": [ 14.9375, 13.1875, 16, 13.25 ], "texture": "#voxels_atlas" },
				"west": { "uv": [ 13.125, 10.5, 13.75, 10.5625 ], "texture": "#voxels_atlas" },
				"east": { "uv": [ 14.375, 10.5, 13.75, 10.5625 ], "texture": "#voxels_atlas" }
			}
		},
		{
			"__comment": "Voxels",
			"from": [ 5.5, 8, 9.375 ],
			"to": [ 7.5, 8.25, 9.5 ],
			"faces": {
				"down": { "uv": [ 15, 11.5625, 16, 11.625 ], "texture": "#voxels_atlas" },
				"up": { "uv": [ 8.25, 8.0625, 9.25, 8 ], "texture": "#voxels_atlas" },
				"north": { "uv": [ 10.5625, 8.375, 9.5625, 8.5 ], "texture": "#voxels_atlas" },
				"south": { "uv": [ 9.5625, 8.75, 10.5625, 8.875 ], "texture": "#voxels_atlas" },
				"west": { "uv": [ 9.4375, 11.125, 9.5, 11.25 ], "texture": "#voxels_atlas" },
				"east": { "uv": [ 9.5625, 11.125, 9.5, 11.25 ], "texture": "#voxels_atlas" }
			}
		},
		{
			"__comment": "Voxels",
			"from": [ 5.5, 9.125, 8 ],
			"to": [ 7.5, 9.625, 8.125 ],
			"faces": {
				"down": { "uv": [ 13, 10.6875, 14, 10.75 ], "texture": "#voxels_atlas" },
				"up": { "uv": [ 13, 11, 14, 10.9375 ], "texture": "#voxels_atlas" },
				"north": { "uv": [ 15.75, 13.875, 14.75, 14.125 ], "texture": "#voxels_atlas" },
				"south": { "uv": [ 9.5625, 11.625, 10.5625, 11.875 ], "texture": "#voxels_atlas" },
				"west": { "uv": [ 15.9375, 15.25, 16, 15.5 ], "texture": "#voxels_atlas" },
				"east": { "uv": [ 8.25, 10.625, 8.1875, 10.875 ], "texture": "#voxels_atlas" }
			}
		},
		{
			"__comment": "Voxels",
			"from": [ 5.5, 9.125, 9.375 ],
			"to": [ 7.5, 9.625, 9.5 ],
			"faces": {
				"down": { "uv": [ 11.875, 8.0625, 12.875, 8.125 ], "texture": "#voxels_atlas" },
				"up": { "uv": [ 11.875, 8.4375, 12.875, 8.375 ], "texture": "#voxels_atlas" },
				"north": { "uv": [ 10.5625, 12.125, 9.5625, 12.375 ], "texture": "#voxels_atlas" },
				"south": { "uv": [ 9.5625, 11.875, 10.5625, 12.125 ], "texture": "#voxels_atlas" },
				"west": { "uv": [ 8.1875, 8.3125, 8.25, 8.5625 ], "texture": "#voxels_atlas" },
				"east": { "uv": [ 9.5625, 9.5, 9.5, 9.75 ], "texture": "#voxels_atlas" }
			}
		},
		{
			"__comment": "Voxels",
			"from": [ 5.5, 10.125, 8.125 ],
			"to": [ 8, 10.5, 9.375 ],
			"faces": {
				"down": { "uv": [ 4.875, 14, 6.125, 14.625 ], "texture": "#voxels_atlas" },
				"up": { "uv": [ 3.25, 9, 4.5, 8.375 ], "texture": "#voxels_atlas" },
				"north": { "uv": [ 14.9375, 12.6875, 13.6875, 12.875 ], "texture": "#voxels_atlas" },
				"south": { "uv": [ 10.5625, 13.1875, 11.8125, 13.375 ], "texture": "#voxels_atlas" },
				"west": { "uv": [ 15.0625, 12.375, 15.6875, 12.5625 ], "texture": "#voxels_atlas" },
				"east": { "uv": [ 11.1875, 10.5625, 10.5625, 10.75 ], "texture": "#voxels_atlas" }
			}
		},
		{
			"__comment": "Voxels",
			"from": [ 5.5, 12.5, 8 ],
			"to": [ 8.625, 12.625, 9.5 ],
			"faces": {
				"down": { "uv": [ 0, 8, 1.5625, 8.75 ], "texture": "#voxels_atlas" },
				"up": { "uv": [ 1.5625, 8.75, 3.125, 8 ], "texture": "#voxels_atlas" },
				"north": { "uv": [ 13.4375, 11.5625, 11.875, 11.625 ], "texture": "#voxels_atlas" },
				"south": { "uv": [ 13.4375, 11.5625, 15, 11.625 ], "texture": "#voxels_atlas" },
				"west": { "uv": [ 13, 10.625, 13.75, 10.6875 ], "texture": "#voxels_atlas" },
				"east": { "uv": [ 14.5, 10.625, 13.75, 10.6875 ], "texture": "#voxels_atlas" }
			}
		},
		{
			"__comment": "Voxels",
			"from": [ 5.5, 14.125, 8 ],
			"to": [ 15, 14.25, 9.25 ],
			"faces": {
				"down": { "uv": [ 0, 11.75, 4.75, 12.375 ], "texture": "#voxels_atlas" },
				"up": { "uv": [ 0, 13, 4.75, 12.375 ], "texture": "#voxels_atlas" },
				"north": { "uv": [ 15.3125, 13.8125, 10.5625, 13.875 ], "texture": "#voxels_atlas" },
				"south": { "uv": [ 10.5625, 13.75, 15.3125, 13.8125 ], "texture": "#voxels_atlas" },
				"west": { "uv": [ 15, 10.4375, 15.625, 10.5 ], "texture": "#voxels_atlas" },
				"east": { "uv": [ 13.75, 10.375, 13.125, 10.4375 ], "texture": "#voxels_atlas" }
			}
		},
		{
			"__comment": "Voxels",
			"from": [ 5.5, 14.125, 9.25 ],
			"to": [ 9, 14.375, 9.375 ],
			"faces": {
				"down": { "uv": [ 13.625, 11.875, 15.375, 11.9375 ], "texture": "#voxels_atlas" },
				"up": { "uv": [ 13.75, 12.0625, 15.5, 12 ], "texture": "#voxels_atlas" },
				"north": { "uv": [ 15.9375, 12.5625, 14.1875, 12.6875 ], "texture": "#voxels_atlas" },
				"south": { "uv": [ 12.4375, 12.5625, 14.1875, 12.6875 ], "texture": "#voxels_atlas" },
				"west": { "uv": [ 9.5, 8, 9.5625, 8.125 ], "texture": "#voxels_atlas" },
				"east": { "uv": [ 10.5625, 9.625, 10.5, 9.75 ], "texture": "#voxels_atlas" }
			}
		},
		{
			"__comment": "Voxels",
			"from": [ 5.5, 14.125, 9.375 ],
			"to": [ 9, 14.25, 9.5 ],
			"faces": {
				"down": { "uv": [ 14.1875, 13.375, 15.9375, 13.4375 ], "texture": "#voxels_atlas" },
				"up": { "uv": [ 13.625, 12, 15.375, 11.9375 ], "texture": "#voxels_atlas" },
				"north": { "uv": [ 13.625, 11.8125, 11.875, 11.875 ], "texture": "#voxels_atlas" },
				"south": { "uv": [ 14.25, 13.5, 16, 13.5625 ], "texture": "#voxels_atlas" },
				"west": { "uv": [ 15.25, 13.5625, 15.3125, 13.625 ], "texture": "#voxels_atlas" },
				"east": { "uv": [ 16, 13.4375, 15.9375, 13.5 ], "texture": "#voxels_atlas" }
			}
		},
		{
			"__comment": "Voxels",
			"from": [ 5.5, 14.25, 8.125 ],
			"to": [ 15, 14.375, 9.125 ],
			"faces": {
				"down": { "uv": [ 4.875, 15.5, 9.625, 16 ], "texture": "#voxels_atlas" },
				"up": { "uv": [ 9.625, 16, 14.375, 15.5 ], "texture": "#voxels_atlas" },
				"north": { "uv": [ 15.3125, 13.625, 10.5625, 13.6875 ], "texture": "#voxels_atlas" },
				"south": { "uv": [ 10.5625, 13.6875, 15.3125, 13.75 ], "texture": "#voxels_atlas" },
				"west": { "uv": [ 13.125, 9.125, 13.625, 9.1875 ], "texture": "#voxels_atlas" },
				"east": { "uv": [ 13.625, 9.0625, 13.125, 9.125 ], "texture": "#voxels_atlas" }
			}
		},
		{
			"__comment": "Voxels",
			"from": [ 5.5, 14.25, 9.125 ],
			"to": [ 9, 14.375, 9.25 ],
			"faces": {
				"down": { "uv": [ 14.1875, 13.4375, 15.9375, 13.5 ], "texture": "#voxels_atlas" },
				"up": { "uv": [ 11.875, 12, 13.625, 11.9375 ], "texture": "#voxels_atlas" },
				"north": { "uv": [ 13.625, 11.875, 11.875, 11.9375 ], "texture": "#voxels_atlas" },
				"south": { "uv": [ 13.625, 11.8125, 15.375, 11.875 ], "texture": "#voxels_atlas" },
				"west": { "uv": [ 15.9375, 13.375, 16, 13.4375 ], "texture": "#voxels_atlas" },
				"east": { "uv": [ 11.875, 10.375, 11.8125, 10.4375 ], "texture": "#voxels_atlas" }
			}
		},
		{
			"__comment": "Voxels",
			"from": [ 5.5, 14.25, 9.375 ],
			"to": [ 7.75, 14.375, 9.5 ],
			"faces": {
				"down": { "uv": [ 11.875, 10.875, 13, 10.9375 ], "texture": "#voxels_atlas" },
				"up": { "uv": [ 11.875, 10.8125, 13, 10.75 ], "texture": "#voxels_atlas" },
				"north": { "uv": [ 15.875, 11.375, 14.75, 11.4375 ], "texture": "#voxels_atlas" },
				"south": { "uv": [ 14.75, 11.3125, 15.875, 11.375 ], "texture": "#voxels_atlas" },
				"west": { "uv": [ 13.9375, 8.4375, 14, 8.5 ], "texture": "#voxels_atlas" },
				"east": { "uv": [ 14, 8.625, 13.9375, 8.6875 ], "texture": "#voxels_atlas" }
			}
		},
		{
			"__comment": "Voxels",
			"from": [ 5.625, 9.625, 8 ],
			"to": [ 7.625, 10.125, 8.125 ],
			"faces": {
				"down": { "uv": [ 11.875, 8.8125, 12.875, 8.875 ], "texture": "#voxels_atlas" },
				"up": { "uv": [ 11.875, 8.625, 12.875, 8.5625 ], "texture": "#voxels_atlas" },
				"north": { "uv": [ 10.5625, 12.375, 9.5625, 12.625 ], "texture": "#voxels_atlas" },
				"south": { "uv": [ 9.5625, 13.125, 10.5625, 13.375 ], "texture": "#voxels_atlas" },
				"west": { "uv": [ 9.5, 9.25, 9.5625, 9.5 ], "texture": "#voxels_atlas" },
				"east": { "uv": [ 9.5625, 9, 9.5, 9.25 ], "texture": "#voxels_atlas" }
			}
		},
		{
			"__comment": "Voxels",
			"from": [ 5.625, 9.625, 9.375 ],
			"to": [ 7.625, 10.125, 9.5 ],
			"faces": {
				"down": { "uv": [ 11.875, 8.4375, 12.875, 8.5 ], "texture": "#voxels_atlas" },
				"up": { "uv": [ 11.875, 8.0625, 12.875, 8 ], "texture": "#voxels_atlas" },
				"north": { "uv": [ 10.5625, 12.875, 9.5625, 13.125 ], "texture": "#voxels_atlas" },
				"south": { "uv": [ 9.5625, 12.625, 10.5625, 12.875 ], "texture": "#voxels_atlas" },
				"west": { "uv": [ 13.5, 8.1875, 13.5625, 8.4375 ], "texture": "#voxels_atlas" },
				"east": { "uv": [ 13.8125, 8.75, 13.75, 9 ], "texture": "#voxels_atlas" }
			}
		},
		{
			"__comment": "Voxels",
			"from": [ 5.625, 10.5, 8.125 ],
			"to": [ 8.125, 10.875, 9.375 ],
			"faces": {
				"down": { "uv": [ 6.125, 12.75, 7.375, 13.375 ], "texture": "#voxels_atlas" },
				"up": { "uv": [ 4.875, 12.75, 6.125, 12.125 ], "texture": "#voxels_atlas" },
				"north": { "uv": [ 14.9375, 13.1875, 13.6875, 13.375 ], "texture": "#voxels_atlas" },
				"south": { "uv": [ 10.5625, 13, 11.8125, 13.1875 ], "texture": "#voxels_atlas" },
				"west": { "uv": [ 11.1875, 10.5625, 11.8125, 10.75 ], "texture": "#voxels_atlas" },
				"east": { "uv": [ 10.1875, 8.0625, 9.5625, 8.25 ], "texture": "#voxels_atlas" }
			}
		},
		{
			"__comment": "Voxels",
			"from": [ 5.625, 14.375, 8.25 ],
			"to": [ 15, 14.5, 8.75 ],
			"faces": {
				"down": { "uv": [ 9.5625, 15.25, 14.25, 15.5 ], "texture": "#voxels_atlas" },
				"up": { "uv": [ 4.875, 15.5, 9.5625, 15.25 ], "texture": "#voxels_atlas" },
				"north": { "uv": [ 15.25, 13.5625, 10.5625, 13.625 ], "texture": "#voxels_atlas" },
				"south": { "uv": [ 9.5625, 13.5, 14.25, 13.5625 ], "texture": "#voxels_atlas" },
				"west": { "uv": [ 11.625, 10.8125, 11.875, 10.875 ], "texture": "#voxels_atlas" },
				"east": { "uv": [ 11.875, 10.875, 11.625, 10.9375 ], "texture": "#voxels_atlas" }
			}
		},
		{
			"__comment": "Voxels",
			"from": [ 5.625, 14.375, 8.75 ],
			"to": [ 9, 14.5, 9.25 ],
			"faces": {
				"down": { "uv": [ 14.25, 15.25, 15.9375, 15.5 ], "texture": "#voxels_atlas" },
				"up": { "uv": [ 9.5625, 14.125, 11.25, 13.875 ], "texture": "#voxels_atlas" },
				"north": { "uv": [ 13.5625, 11.75, 11.875, 11.8125 ], "texture": "#voxels_atlas" },
				"south": { "uv": [ 13.5625, 11.75, 15.25, 11.8125 ], "texture": "#voxels_atlas" },
				"west": { "uv": [ 11.625, 10.9375, 11.875, 11 ], "texture": "#voxels_atlas" },
				"east": { "uv": [ 11.875, 11, 11.625, 11.0625 ], "texture": "#voxels_atlas" }
			}
		},
		{
			"__comment": "Voxels",
			"from": [ 5.625, 14.375, 9.25 ],
			"to": [ 7.625, 14.5, 9.375 ],
			"faces": {
				"down": { "uv": [ 14, 10.875, 15, 10.9375 ], "texture": "#voxels_atlas" },
				"up": { "uv": [ 15, 10.9375, 16, 10.875 ], "texture": "#voxels_atlas" },
				"north": { "uv": [ 12.875, 9.5, 11.875, 9.5625 ], "texture": "#voxels_atlas" },
				"south": { "uv": [ 11.875, 9.375, 12.875, 9.4375 ], "texture": "#voxels_atlas" },
				"west": { "uv": [ 13.9375, 9.625, 14, 9.6875 ], "texture": "#voxels_atlas" },
				"east": { "uv": [ 14, 9.6875, 13.9375, 9.75 ], "texture": "#voxels_atlas" }
			}
		},
		{
			"__comment": "Voxels",
			"from": [ 5.75, 10.125, 8 ],
			"to": [ 7.75, 10.5, 8.125 ],
			"faces": {
				"down": { "uv": [ 11.875, 9.3125, 12.875, 9.375 ], "texture": "#voxels_atlas" },
				"up": { "uv": [ 11.875, 9.3125, 12.875, 9.25 ], "texture": "#voxels_atlas" },
				"north": { "uv": [ 10.5625, 11.4375, 9.5625, 11.625 ], "texture": "#voxels_atlas" },
				"south": { "uv": [ 9.5625, 11.25, 10.5625, 11.4375 ], "texture": "#voxels_atlas" },
				"west": { "uv": [ 13.8125, 8.5, 13.875, 8.6875 ], "texture": "#voxels_atlas" },
				"east": { "uv": [ 13.875, 8.3125, 13.8125, 8.5 ], "texture": "#voxels_atlas" }
			}
		},
		{
			"__comment": "Voxels",
			"from": [ 5.75, 10.125, 9.375 ],
			"to": [ 7.75, 10.5, 9.5 ],
			"faces": {
				"down": { "uv": [ 14, 10.75, 15, 10.8125 ], "texture": "#voxels_atlas" },
				"up": { "uv": [ 14, 10.875, 15, 10.8125 ], "texture": "#voxels_atlas" },
				"north": { "uv": [ 10.5625, 10.3125, 9.5625, 10.5 ], "texture": "#voxels_atlas" },
				"south": { "uv": [ 9.5625, 9.75, 10.5625, 9.9375 ], "texture": "#voxels_atlas" },
				"west": { "uv": [ 11.8125, 10.5625, 11.875, 10.75 ], "texture": "#voxels_atlas" },
				"east": { "uv": [ 11.8125, 9.5625, 11.75, 9.75 ], "texture": "#voxels_atlas" }
			}
		},
		{
			"__comment": "Voxels",
			"from": [ 5.75, 10.875, 8.125 ],
			"to": [ 8.25, 11.125, 9.375 ],
			"faces": {
				"down": { "uv": [ 6.125, 13.375, 7.375, 14 ], "texture": "#voxels_atlas" },
				"up": { "uv": [ 4.875, 13.375, 6.125, 12.75 ], "texture": "#voxels_atlas" },
				"north": { "uv": [ 11.8125, 11.75, 10.5625, 11.875 ], "texture": "#voxels_atlas" },
				"south": { "uv": [ 10.5625, 11.875, 11.8125, 12 ], "texture": "#voxels_atlas" },
				"west": { "uv": [ 10.5625, 8.3125, 11.1875, 8.4375 ], "texture": "#voxels_atlas" },
				"east": { "uv": [ 11.1875, 8.1875, 10.5625, 8.3125 ], "texture": "#voxels_atlas" }
			}
		},
		{
			"__comment": "Voxels",
			"from": [ 5.75, 11.125, 8.25 ],
			"to": [ 8.625, 11.25, 9.25 ],
			"faces": {
				"down": { "uv": [ 6.0625, 9.75, 7.5, 10.25 ], "texture": "#voxels_atlas" },
				"up": { "uv": [ 14.375, 16, 15.8125, 15.5 ], "texture": "#voxels_atlas" },
				"north": { "uv": [ 13.3125, 11.375, 11.875, 11.4375 ], "texture": "#voxels_atlas" },
				"south": { "uv": [ 13.3125, 11.4375, 14.75, 11.5 ], "texture": "#voxels_atlas" },
				"west": { "uv": [ 13.125, 8.5, 13.625, 8.5625 ], "texture": "#voxels_atlas" },
				"east": { "uv": [ 13.625, 8.4375, 13.125, 8.5 ], "texture": "#voxels_atlas" }
			}
		},
		{
			"__comment": "Voxels",
			"from": [ 5.75, 12.375, 8 ],
			"to": [ 8.5, 12.5, 9.5 ],
			"faces": {
				"down": { "uv": [ 3.375, 11, 4.75, 11.75 ], "texture": "#voxels_atlas" },
				"up": { "uv": [ 3.375, 11, 4.75, 10.25 ], "texture": "#voxels_atlas" },
				"north": { "uv": [ 13.25, 11.1875, 11.875, 11.25 ], "texture": "#voxels_atlas" },
				"south": { "uv": [ 13.25, 11.1875, 14.625, 11.25 ], "texture": "#voxels_atlas" },
				"west": { "uv": [ 14.5, 10.625, 15.25, 10.6875 ], "texture": "#voxels_atlas" },
				"east": { "uv": [ 16, 10.625, 15.25, 10.6875 ], "texture": "#voxels_atlas" }
			}
		},
		{
			"__comment": "Voxels",
			"from": [ 5.75, 14.5, 8.375 ],
			"to": [ 15, 14.625, 8.75 ],
			"faces": {
				"down": { "uv": [ 8.25, 14.125, 12.875, 14.3125 ], "texture": "#voxels_atlas" },
				"up": { "uv": [ 8.25, 14.5, 12.875, 14.3125 ], "texture": "#voxels_atlas" },
				"north": { "uv": [ 14.1875, 13.4375, 9.5625, 13.5 ], "texture": "#voxels_atlas" },
				"south": { "uv": [ 9.5625, 13.375, 14.1875, 13.4375 ], "texture": "#voxels_atlas" },
				"west": { "uv": [ 9.25, 8.6875, 9.4375, 8.75 ], "texture": "#voxels_atlas" },
				"east": { "uv": [ 9.4375, 8.375, 9.25, 8.4375 ], "texture": "#voxels_atlas" }
			}
		},
		{
			"__comment": "Voxels",
			"from": [ 5.75, 14.5, 8.75 ],
			"to": [ 9, 14.625, 9.125 ],
			"faces": {
				"down": { "uv": [ 13.0625, 14.5, 14.6875, 14.6875 ], "texture": "#voxels_atlas" },
				"up": { "uv": [ 13.0625, 14.875, 14.6875, 14.6875 ], "texture": "#voxels_atlas" },
				"north": { "uv": [ 15.125, 11.625, 13.5, 11.6875 ], "texture": "#voxels_atlas" },
				"south": { "uv": [ 11.875, 11.6875, 13.5, 11.75 ], "texture": "#voxels_atlas" },
				"west": { "uv": [ 15.8125, 13.5625, 16, 13.625 ], "texture": "#voxels_atlas" },
				"east": { "uv": [ 11.75, 9.8125, 11.5625, 9.875 ], "texture": "#voxels_atlas" }
			}
		},
		{
			"__comment": "Voxels",
			"from": [ 5.75, 14.75, 8.5 ],
			"to": [ 7, 14.875, 8.625 ],
			"faces": {
				"down": { "uv": [ 14.375, 10.5, 15, 10.5625 ], "texture": "#voxels_atlas" },
				"up": { "uv": [ 15, 10.5625, 15.625, 10.5 ], "texture": "#voxels_atlas" },
				"north": { "uv": [ 13.75, 10.4375, 13.125, 10.5 ], "texture": "#voxels_atlas" },
				"south": { "uv": [ 13.75, 10.4375, 14.375, 10.5 ], "texture": "#voxels_atlas" },
				"west": { "uv": [ 13.9375, 9.75, 14, 9.8125 ], "texture": "#voxels_atlas" },
				"east": { "uv": [ 14, 9.8125, 13.9375, 9.875 ], "texture": "#voxels_atlas" }
			}
		},
		{
			"__comment": "Voxels",
			"from": [ 5.75, 14.75, 8.875 ],
			"to": [ 7, 14.875, 9 ],
			"faces": {
				"down": { "uv": [ 13.75, 10.375, 14.375, 10.4375 ], "texture": "#voxels_atlas" },
				"up": { "uv": [ 14.375, 10.4375, 15, 10.375 ], "texture": "#voxels_atlas" },
				"north": { "uv": [ 15.625, 10.375, 15, 10.4375 ], "texture": "#voxels_atlas" },
				"south": { "uv": [ 13.125, 10.3125, 13.75, 10.375 ], "texture": "#voxels_atlas" },
				"west": { "uv": [ 15.9375, 10, 16, 10.0625 ], "texture": "#voxels_atlas" },
				"east": { "uv": [ 15.9375, 10, 15.875, 10.0625 ], "texture": "#voxels_atlas" }
			}
		},
		{
			"__comment": "Voxels",
			"from": [ 5.75, 14.875, 8.5 ],
			"to": [ 6.125, 15, 8.625 ],
			"faces": {
				"down": { "uv": [ 11.6875, 8.1875, 11.875, 8.25 ], "texture": "#voxels_atlas" },
				"up": { "uv": [ 11.6875, 8.1875, 11.875, 8.125 ], "texture": "#voxels_atlas" },
				"north": { "uv": [ 11.875, 8.0625, 11.6875, 8.125 ], "texture": "#voxels_atlas" },
				"south": { "uv": [ 11.6875, 8, 11.875, 8.0625 ], "texture": "#voxels_atlas" },
				"west": { "uv": [ 15.8125, 10, 15.875, 10.0625 ], "texture": "#voxels_atlas" },
				"east": { "uv": [ 15.8125, 10, 15.75, 10.0625 ], "texture": "#voxels_atlas" }
			}
		},
		{
			"__comment": "Voxels",
			"from": [ 5.75, 14.875, 8.875 ],
			"to": [ 6.125, 15, 9 ],
			"faces": {
				"down": { "uv": [ 15.75, 10.6875, 15.9375, 10.75 ], "texture": "#voxels_atlas" },
				"up": { "uv": [ 15.625, 10.625, 15.8125, 10.5625 ], "texture": "#voxels_atlas" },
				"north": { "uv": [ 16, 10.5625, 15.8125, 10.625 ], "texture": "#voxels_atlas" },
				"south": { "uv": [ 15.625, 10.5, 15.8125, 10.5625 ], "texture": "#voxels_atlas" },
				"west": { "uv": [ 15.5625, 10, 15.625, 10.0625 ], "texture": "#voxels_atlas" },
				"east": { "uv": [ 15.5625, 10, 15.5, 10.0625 ], "texture": "#voxels_atlas" }
			}
		},
		{
			"__comment": "Voxels",
			"from": [ 5.875, 10.5, 8 ],
			"to": [ 7.875, 10.875, 8.125 ],
			"faces": {
				"down": { "uv": [ 11.875, 9.1875, 12.875, 9.25 ], "texture": "#voxels_atlas" },
				"up": { "uv": [ 11.875, 8.25, 12.875, 8.1875 ], "texture": "#voxels_atlas" },
				"north": { "uv": [ 10.5625, 10.5, 9.5625, 10.6875 ], "texture": "#voxels_atlas" },
				"south": { "uv": [ 9.5625, 10.6875, 10.5625, 10.875 ], "texture": "#voxels_atlas" },
				"west": { "uv": [ 13.5, 8.5625, 13.5625, 8.75 ], "texture": "#voxels_atlas" },
				"east": { "uv": [ 13.625, 8.5625, 13.5625, 8.75 ], "texture": "#voxels_atlas" }
			}
		},
		{
			"__comment": "Voxels",
			"from": [ 5.875, 10.5, 9.375 ],
			"to": [ 7.875, 10.875, 9.5 ],
			"faces": {
				"down": { "uv": [ 11.875, 8.25, 12.875, 8.3125 ], "texture": "#voxels_atlas" },
				"up": { "uv": [ 11.875, 8.375, 12.875, 8.3125 ], "texture": "#voxels_atlas" },
				"north": { "uv": [ 10.5625, 11.0625, 9.5625, 11.25 ], "texture": "#voxels_atlas" },
				"south": { "uv": [ 15, 14.875, 16, 15.0625 ], "texture": "#voxels_atlas" },
				"west": { "uv": [ 13.625, 8.5625, 13.6875, 8.75 ], "texture": "#voxels_atlas" },
				"east": { "uv": [ 13.75, 8.5625, 13.6875, 8.75 ], "texture": "#voxels_atlas" }
			}
		},
		{
			"__comment": "Voxels",
			"from": [ 5.875, 11.25, 8.25 ],
			"to": [ 8.5, 11.625, 9.25 ],
			"faces": {
				"down": { "uv": [ 6.0625, 8.625, 7.375, 9.125 ], "texture": "#voxels_atlas" },
				"up": { "uv": [ 8.25, 13.625, 9.5625, 13.125 ], "texture": "#voxels_atlas" },
				"north": { "uv": [ 16, 14.6875, 14.6875, 14.875 ], "texture": "#voxels_atlas" },
				"south": { "uv": [ 14.6875, 14.5, 16, 14.6875 ], "texture": "#voxels_atlas" },
				"west": { "uv": [ 10.5625, 10.125, 11.0625, 10.3125 ], "texture": "#voxels_atlas" },
				"east": { "uv": [ 11.5625, 9.9375, 11.0625, 10.125 ], "texture": "#voxels_atlas" }
			}
		},
		{
			"__comment": "Voxels",
			"from": [ 6, 10.875, 8 ],
			"to": [ 8, 11, 8.125 ],
			"faces": {
				"down": { "uv": [ 11.875, 8.125, 12.875, 8.1875 ], "texture": "#voxels_atlas" },
				"up": { "uv": [ 14, 11, 15, 10.9375 ], "texture": "#voxels_atlas" },
				"north": { "uv": [ 14, 10.875, 13, 10.9375 ], "texture": "#voxels_atlas" },
				"south": { "uv": [ 15, 10.75, 16, 10.8125 ], "texture": "#voxels_atlas" },
				"west": { "uv": [ 15.4375, 10, 15.5, 10.0625 ], "texture": "#voxels_atlas" },
				"east": { "uv": [ 15.4375, 10, 15.375, 10.0625 ], "texture": "#voxels_atlas" }
			}
		},
		{
			"__comment": "Voxels",
			"from": [ 6, 10.875, 9.375 ],
			"to": [ 8, 11, 9.5 ],
			"faces": {
				"down": { "uv": [ 11.875, 9.125, 12.875, 9.1875 ], "texture": "#voxels_atlas" },
				"up": { "uv": [ 11.875, 9, 12.875, 8.9375 ], "texture": "#voxels_atlas" },
				"north": { "uv": [ 12.875, 8.875, 11.875, 8.9375 ], "texture": "#voxels_atlas" },
				"south": { "uv": [ 11.875, 8.625, 12.875, 8.6875 ], "texture": "#voxels_atlas" },
				"west": { "uv": [ 15.3125, 10, 15.375, 10.0625 ], "texture": "#voxels_atlas" },
				"east": { "uv": [ 15.3125, 10, 15.25, 10.0625 ], "texture": "#voxels_atlas" }
			}
		},
		{
			"__comment": "Voxels",
			"from": [ 6, 11.125, 8.125 ],
			"to": [ 8.625, 11.25, 8.25 ],
			"faces": {
				"down": { "uv": [ 10.5625, 9.0625, 11.875, 9.125 ], "texture": "#voxels_atlas" },
				"up": { "uv": [ 10.5625, 9.0625, 11.875, 9 ], "texture": "#voxels_atlas" },
				"north": { "uv": [ 11.875, 8.9375, 10.5625, 9 ], "texture": "#voxels_atlas" },
				"south": { "uv": [ 10.5625, 8.875, 11.875, 8.9375 ], "texture": "#voxels_atlas" },
				"west": { "uv": [ 15.1875, 10, 15.25, 10.0625 ], "texture": "#voxels_atlas" },
				"east": { "uv": [ 15.1875, 10, 15.125, 10.0625 ], "texture": "#voxels_atlas" }
			}
		},
		{
			"__comment": "Voxels",
			"from": [ 6, 11.125, 9.25 ],
			"to": [ 8.625, 11.25, 9.375 ],
			"faces": {
				"down": { "uv": [ 10.5625, 8.8125, 11.875, 8.875 ], "texture": "#voxels_atlas" },
				"up": { "uv": [ 10.5625, 9.1875, 11.875, 9.125 ], "texture": "#voxels_atlas" },
				"north": { "uv": [ 11.875, 8.75, 10.5625, 8.8125 ], "texture": "#voxels_atlas" },
				"south": { "uv": [ 10.5625, 8.6875, 11.875, 8.75 ], "texture": "#voxels_atlas" },
				"west": { "uv": [ 15, 10, 15.0625, 10.0625 ], "texture": "#voxels_atlas" },
				"east": { "uv": [ 14, 8.375, 13.9375, 8.4375 ], "texture": "#voxels_atlas" }
			}
		},
		{
			"__comment": "Voxels",
			"from": [ 6, 11.625, 8.25 ],
			"to": [ 8.625, 11.875, 9.25 ],
			"faces": {
				"down": { "uv": [ 6.0625, 8.125, 7.375, 8.625 ], "texture": "#voxels_atlas" },
				"up": { "uv": [ 8.25, 14.125, 9.5625, 13.625 ], "texture": "#voxels_atlas" },
				"north": { "uv": [ 7.375, 8, 6.0625, 8.125 ], "texture": "#voxels_atlas" },
				"south": { "uv": [ 10.5625, 12, 11.875, 12.125 ], "texture": "#voxels_atlas" },
				"west": { "uv": [ 11.1875, 8.1875, 11.6875, 8.3125 ], "texture": "#voxels_atlas" },
				"east": { "uv": [ 11.6875, 8.0625, 11.1875, 8.1875 ], "texture": "#voxels_atlas" }
			}
		},
		{
			"__comment": "Voxels",
			"from": [ 6, 12.25, 8.125 ],
			"to": [ 8.5, 12.375, 9.375 ],
			"faces": {
				"down": { "uv": [ 4.875, 10.875, 6.125, 11.5 ], "texture": "#voxels_atlas" },
				"up": { "uv": [ 6.125, 12.125, 7.375, 11.5 ], "texture": "#voxels_atlas" },
				"north": { "uv": [ 11.8125, 8.5, 10.5625, 8.5625 ], "texture": "#voxels_atlas" },
				"south": { "uv": [ 10.5625, 8.4375, 11.8125, 8.5 ], "texture": "#voxels_atlas" },
				"west": { "uv": [ 13.75, 10.25, 14.375, 10.3125 ], "texture": "#voxels_atlas" },
				"east": { "uv": [ 15, 10.25, 14.375, 10.3125 ], "texture": "#voxels_atlas" }
			}
		},
		{
			"__comment": "Voxels",
			"from": [ 6.125, 11, 8 ],
			"to": [ 8.125, 11.125, 8.125 ],
			"faces": {
				"down": { "uv": [ 11.875, 9.9375, 12.875, 10 ], "texture": "#voxels_atlas" },
				"up": { "uv": [ 11.875, 9.9375, 12.875, 9.875 ], "texture": "#voxels_atlas" },
				"north": { "uv": [ 12.875, 9.8125, 11.875, 9.875 ], "texture": "#voxels_atlas" },
				"south": { "uv": [ 11.875, 9.75, 12.875, 9.8125 ], "texture": "#voxels_atlas" },
				"west": { "uv": [ 13.9375, 8.6875, 14, 8.75 ], "texture": "#voxels_atlas" },
				"east": { "uv": [ 15.75, 10, 15.6875, 10.0625 ], "texture": "#voxels_atlas" }
			}
		},
		{
			"__comment": "Voxels",
			"from": [ 6.125, 11, 9.375 ],
			"to": [ 8.125, 11.125, 9.5 ],
			"faces": {
				"down": { "uv": [ 11.875, 9.625, 12.875, 9.6875 ], "texture": "#voxels_atlas" },
				"up": { "uv": [ 11.875, 8.5625, 12.875, 8.5 ], "texture": "#voxels_atlas" },
				"north": { "uv": [ 15, 10.6875, 14, 10.75 ], "texture": "#voxels_atlas" },
				"south": { "uv": [ 11.875, 9.4375, 12.875, 9.5 ], "texture": "#voxels_atlas" },
				"west": { "uv": [ 15.625, 10, 15.6875, 10.0625 ], "texture": "#voxels_atlas" },
				"east": { "uv": [ 15.125, 10, 15.0625, 10.0625 ], "texture": "#voxels_atlas" }
			}
		},
		{
			"__comment": "Voxels",
			"from": [ 6.125, 11.25, 8.125 ],
			"to": [ 8.375, 11.625, 8.25 ],
			"faces": {
				"down": { "uv": [ 14.875, 11.5, 16, 11.5625 ], "texture": "#voxels_atlas" },
				"up": { "uv": [ 14.75, 11.5, 15.875, 11.4375 ], "texture": "#voxels_atlas" },
				"north": { "uv": [ 15.0625, 12.375, 13.9375, 12.5625 ], "texture": "#voxels_atlas" },
				"south": { "uv": [ 10.5625, 12.375, 11.6875, 12.5625 ], "texture": "#voxels_atlas" },
				"west": { "uv": [ 13.625, 8, 13.6875, 8.1875 ], "texture": "#voxels_atlas" },
				"east": { "uv": [ 13.875, 9.625, 13.8125, 9.8125 ], "texture": "#voxels_atlas" }
			}
		},
		{
			"__comment": "Voxels",
			"from": [ 6.125, 11.25, 9.25 ],
			"to": [ 8.375, 11.625, 9.375 ],
			"faces": {
				"down": { "uv": [ 14.75, 11.25, 15.875, 11.3125 ], "texture": "#voxels_atlas" },
				"up": { "uv": [ 13.25, 11.0625, 14.375, 11 ], "texture": "#voxels_atlas" },
				"north": { "uv": [ 12.8125, 12.375, 11.6875, 12.5625 ], "texture": "#voxels_atlas" },
				"south": { "uv": [ 12.8125, 12.375, 13.9375, 12.5625 ], "texture": "#voxels_atlas" },
				"west": { "uv": [ 13.8125, 8.6875, 13.875, 8.875 ], "texture": "#voxels_atlas" },
				"east": { "uv": [ 13.875, 8.875, 13.8125, 9.0625 ], "texture": "#voxels_atlas" }
			}
		},
		{
			"__comment": "Voxels",
			"from": [ 6.125, 11.875, 8.25 ],
			"to": [ 8.625, 12.25, 9.25 ],
			"faces": {
				"down": { "uv": [ 8.25, 12.125, 9.5, 12.625 ], "texture": "#voxels_atlas" },
				"up": { "uv": [ 8.25, 13.125, 9.5, 12.625 ], "texture": "#voxels_atlas" },
				"north": { "uv": [ 11.8125, 12.6875, 10.5625, 12.875 ], "texture": "#voxels_atlas" },
				"south": { "uv": [ 11.8125, 13, 13.0625, 13.1875 ], "texture": "#voxels_atlas" },
				"west": { "uv": [ 10.5625, 9.75, 11.0625, 9.9375 ], "texture": "#voxels_atlas" },
				"east": { "uv": [ 11.5625, 9.75, 11.0625, 9.9375 ], "texture": "#voxels_atlas" }
			}
		},
		{
			"__comment": "Voxels",
			"from": [ 6.125, 14.625, 8.5 ],
			"to": [ 7, 14.75, 9 ],
			"faces": {
				"down": { "uv": [ 11, 10.3125, 11.4375, 10.5625 ], "texture": "#voxels_atlas" },
				"up": { "uv": [ 10.5625, 10.5625, 11, 10.3125 ], "texture": "#voxels_atlas" },
				"north": { "uv": [ 11.875, 10.4375, 11.4375, 10.5 ], "texture": "#voxels_atlas" },
				"south": { "uv": [ 11.4375, 10.5, 11.875, 10.5625 ], "texture": "#voxels_atlas" },
				"west": { "uv": [ 8, 13.6875, 8.25, 13.75 ], "texture": "#voxels_atlas" },
				"east": { "uv": [ 10.5625, 9, 10.3125, 9.0625 ], "texture": "#voxels_atlas" }
			}
		},
		{
			"__comment": "Voxels",
			"from": [ 6.25, 11.625, 8.125 ],
			"to": [ 8.375, 11.875, 8.25 ],
			"faces": {
				"down": { "uv": [ 14.9375, 12.6875, 16, 12.75 ], "texture": "#voxels_atlas" },
				"up": { "uv": [ 11.875, 10.6875, 12.9375, 10.625 ], "texture": "#voxels_atlas" },
				"north": { "uv": [ 11.625, 10.875, 10.5625, 11 ], "texture": "#voxels_atlas" },
				"south": { "uv": [ 10.5625, 10.75, 11.625, 10.875 ], "texture": "#voxels_atlas" },
				"west": { "uv": [ 13.9375, 10.0625, 14, 10.1875 ], "texture": "#voxels_atlas" },
				"east": { "uv": [ 13.875, 8.1875, 13.8125, 8.3125 ], "texture": "#voxels_atlas" }
			}
		},
		{
			"__comment": "Voxels",
			"from": [ 6.25, 11.625, 9.25 ],
			"to": [ 8.375, 11.875, 9.375 ],
			"faces": {
				"down": { "uv": [ 11.875, 10.4375, 12.9375, 10.5 ], "texture": "#voxels_atlas" },
				"up": { "uv": [ 11.875, 10.4375, 12.9375, 10.375 ], "texture": "#voxels_atlas" },
				"north": { "uv": [ 16, 13.0625, 14.9375, 13.1875 ], "texture": "#voxels_atlas" },
				"south": { "uv": [ 14.9375, 12.75, 16, 12.875 ], "texture": "#voxels_atlas" },
				"west": { "uv": [ 13.4375, 8, 13.5, 8.125 ], "texture": "#voxels_atlas" },
				"east": { "uv": [ 13.4375, 8, 13.375, 8.125 ], "texture": "#voxels_atlas" }
			}
		},
		{
			"__comment": "Voxels",
			"from": [ 6.375, 11.875, 8.125 ],
			"to": [ 8.375, 12.25, 8.25 ],
			"faces": {
				"down": { "uv": [ 15, 10.8125, 16, 10.875 ], "texture": "#voxels_atlas" },
				"up": { "uv": [ 13, 10.8125, 14, 10.75 ], "texture": "#voxels_atlas" },
				"north": { "uv": [ 10.5625, 9.9375, 9.5625, 10.125 ], "texture": "#voxels_atlas" },
				"south": { "uv": [ 9.5625, 10.875, 10.5625, 11.0625 ], "texture": "#voxels_atlas" },
				"west": { "uv": [ 11.6875, 9.5625, 11.75, 9.75 ], "texture": "#voxels_atlas" },
				"east": { "uv": [ 11.1875, 8, 11.125, 8.1875 ], "texture": "#voxels_atlas" }
			}
		},
		{
			"__comment": "Voxels",
			"from": [ 6.375, 11.875, 9.25 ],
			"to": [ 8.375, 12.25, 9.375 ],
			"faces": {
				"down": { "uv": [ 11.875, 9.6875, 12.875, 9.75 ], "texture": "#voxels_atlas" },
				"up": { "uv": [ 11.875, 9.625, 12.875, 9.5625 ], "texture": "#voxels_atlas" },
				"north": { "uv": [ 16, 15.0625, 15, 15.25 ], "texture": "#voxels_atlas" },
				"south": { "uv": [ 9.5625, 10.125, 10.5625, 10.3125 ], "texture": "#voxels_atlas" },
				"west": { "uv": [ 13.8125, 9.4375, 13.875, 9.625 ], "texture": "#voxels_atlas" },
				"east": { "uv": [ 11.125, 8, 11.0625, 8.1875 ], "texture": "#voxels_atlas" }
			}
		},
		{
			"__comment": "Voxels",
			"from": [ 7, 11.125, 8 ],
			"to": [ 8.125, 11.25, 8.125 ],
			"faces": {
				"down": { "uv": [ 13.125, 9.8125, 13.6875, 9.875 ], "texture": "#voxels_atlas" },
				"up": { "uv": [ 13.125, 9.75, 13.6875, 9.6875 ], "texture": "#voxels_atlas" },
				"north": { "uv": [ 13.6875, 9.75, 13.125, 9.8125 ], "texture": "#voxels_atlas" },
				"south": { "uv": [ 13.125, 9.875, 13.6875, 9.9375 ], "texture": "#voxels_atlas" },
				"west": { "uv": [ 13.875, 9.875, 13.9375, 9.9375 ], "texture": "#voxels_atlas" },
				"east": { "uv": [ 15.8125, 10.0625, 15.75, 10.125 ], "texture": "#voxels_atlas" }
			}
		},
		{
			"__comment": "Voxels",
			"from": [ 7, 11.125, 9.375 ],
			"to": [ 8.125, 11.25, 9.5 ],
			"faces": {
				"down": { "uv": [ 13.125, 9.9375, 13.6875, 10 ], "texture": "#voxels_atlas" },
				"up": { "uv": [ 13.125, 10.125, 13.6875, 10.0625 ], "texture": "#voxels_atlas" },
				"north": { "uv": [ 13.6875, 10.125, 13.125, 10.1875 ], "texture": "#voxels_atlas" },
				"south": { "uv": [ 13.125, 10, 13.6875, 10.0625 ], "texture": "#voxels_atlas" },
				"west": { "uv": [ 15.375, 10.0625, 15.4375, 10.125 ], "texture": "#voxels_atlas" },
				"east": { "uv": [ 15.4375, 10.125, 15.375, 10.1875 ], "texture": "#voxels_atlas" }
			}
		},
		{
			"__comment": "Voxels",
			"from": [ 7.375, 9, 8 ],
			"to": [ 7.5, 9.125, 8.125 ],
			"faces": {
				"down": { "uv": [ 15.3125, 10.0625, 15.375, 10.125 ], "texture": "#voxels_atlas" },
				"up": { "uv": [ 15.3125, 10.1875, 15.375, 10.125 ], "texture": "#voxels_atlas" },
				"north": { "uv": [ 15.0625, 10.0625, 15, 10.125 ], "texture": "#voxels_atlas" },
				"south": { "uv": [ 15, 10.125, 15.0625, 10.1875 ], "texture": "#voxels_atlas" },
				"west": { "uv": [ 13.875, 8, 13.9375, 8.0625 ], "texture": "#voxels_atlas" },
				"east": { "uv": [ 15, 10.125, 14.9375, 10.1875 ], "texture": "#voxels_atlas" }
			}
		},
		{
			"__comment": "Voxels",
			"from": [ 7.375, 9, 9.375 ],
			"to": [ 7.5, 9.125, 9.5 ],
			"faces": {
				"down": { "uv": [ 14.8125, 10.0625, 14.875, 10.125 ], "texture": "#voxels_atlas" },
				"up": { "uv": [ 14.8125, 10.1875, 14.875, 10.125 ], "texture": "#voxels_atlas" },
				"north": { "uv": [ 14.8125, 10.0625, 14.75, 10.125 ], "texture": "#voxels_atlas" },
				"south": { "uv": [ 14.75, 10.125, 14.8125, 10.1875 ], "texture": "#voxels_atlas" },
				"west": { "uv": [ 14.625, 10.0625, 14.6875, 10.125 ], "texture": "#voxels_atlas" },
				"east": { "uv": [ 14.6875, 10.125, 14.625, 10.1875 ], "texture": "#voxels_atlas" }
			}
		},
		{
			"__comment": "Voxels",
			"from": [ 7.375, 11.25, 8 ],
			"to": [ 8, 11.375, 8.125 ],
			"faces": {
				"down": { "uv": [ 11.5625, 10.0625, 11.875, 10.125 ], "texture": "#voxels_atlas" },
				"up": { "uv": [ 11.5625, 10.0625, 11.875, 10 ], "texture": "#voxels_atlas" },
				"north": { "uv": [ 11.875, 9.9375, 11.5625, 10 ], "texture": "#voxels_atlas" },
				"south": { "uv": [ 11.5625, 10.1875, 11.875, 10.25 ], "texture": "#voxels_atlas" },
				"west": { "uv": [ 14.375, 10.0625, 14.4375, 10.125 ], "texture": "#voxels_atlas" },
				"east": { "uv": [ 14.4375, 10.125, 14.375, 10.1875 ], "texture": "#voxels_atlas" }
			}
		},
		{
			"__comment": "Voxels",
			"from": [ 7.375, 11.25, 9.375 ],
			"to": [ 8, 11.375, 9.5 ],
			"faces": {
				"down": { "uv": [ 11.5625, 10.125, 11.875, 10.1875 ], "texture": "#voxels_atlas" },
				"up": { "uv": [ 15.6875, 12.5625, 16, 12.5 ], "texture": "#voxels_atlas" },
				"north": { "uv": [ 16, 12.4375, 15.6875, 12.5 ], "texture": "#voxels_atlas" },
				"south": { "uv": [ 15.6875, 12.375, 16, 12.4375 ], "texture": "#voxels_atlas" },
				"west": { "uv": [ 12.9375, 8.3125, 13, 8.375 ], "texture": "#voxels_atlas" },
				"east": { "uv": [ 12.9375, 8.3125, 12.875, 8.375 ], "texture": "#voxels_atlas" }
			}
		},
		{
			"__comment": "Voxels",
			"from": [ 7.375, 12.75, 7.875 ],
			"to": [ 8, 12.875, 8 ],
			"faces": {
				"down": { "uv": [ 11.5625, 9.875, 11.875, 9.9375 ], "texture": "#voxels_atlas" },
				"up": { "uv": [ 15.6875, 12.375, 16, 12.3125 ], "texture": "#voxels_atlas" },
				"north": { "uv": [ 16, 12.25, 15.6875, 12.3125 ], "texture": "#voxels_atlas" },
				"south": { "uv": [ 11.5625, 10.25, 11.875, 10.3125 ], "texture": "#voxels_atlas" },
				"west": { "uv": [ 14.4375, 10, 14.5, 10.0625 ], "texture": "#voxels_atlas" },
				"east": { "uv": [ 14.4375, 10, 14.375, 10.0625 ], "texture": "#voxels_atlas" }
			}
		},
		{
			"__comment": "Voxels",
			"from": [ 7.5, 9.5, 8 ],
			"to": [ 7.625, 9.625, 8.125 ],
			"faces": {
				"down": { "uv": [ 14.0625, 10, 14.125, 10.0625 ], "texture": "#voxels_atlas" },
				"up": { "uv": [ 14, 10.0625, 14.0625, 10 ], "texture": "#voxels_atlas" },
				"north": { "uv": [ 13.9375, 8.1875, 13.875, 8.25 ], "texture": "#voxels_atlas" },
				"south": { "uv": [ 13.875, 8.5625, 13.9375, 8.625 ], "texture": "#voxels_atlas" },
				"west": { "uv": [ 13.875, 8.625, 13.9375, 8.6875 ], "texture": "#voxels_atlas" },
				"east": { "uv": [ 13.9375, 8.75, 13.875, 8.8125 ], "texture": "#voxels_atlas" }
			}
		},
		{
			"__comment": "Voxels",
			"from": [ 7.5, 9.5, 9.375 ],
			"to": [ 7.625, 9.625, 9.5 ],
			"faces": {
				"down": { "uv": [ 13.875, 8.8125, 13.9375, 8.875 ], "texture": "#voxels_atlas" },
				"up": { "uv": [ 14.875, 10.125, 14.9375, 10.0625 ], "texture": "#voxels_atlas" },
				"north": { "uv": [ 14.9375, 10.125, 14.875, 10.1875 ], "texture": "#voxels_atlas" },
				"south": { "uv": [ 14.5, 10.0625, 14.5625, 10.125 ], "texture": "#voxels_atlas" },
				"west": { "uv": [ 14.5, 10.125, 14.5625, 10.1875 ], "texture": "#voxels_atlas" },
				"east": { "uv": [ 14.0625, 10.0625, 14, 10.125 ], "texture": "#voxels_atlas" }
			}
		},
		{
			"__comment": "Voxels",
			"from": [ 7.5, 14.375, 8.125 ],
			"to": [ 7.625, 14.5, 8.25 ],
			"faces": {
				"down": { "uv": [ 14, 10.125, 14.0625, 10.1875 ], "texture": "#voxels_atlas" },
				"up": { "uv": [ 13.6875, 9.9375, 13.75, 9.875 ], "texture": "#voxels_atlas" },
				"north": { "uv": [ 13.75, 9.9375, 13.6875, 10 ], "texture": "#voxels_atlas" },
				"south": { "uv": [ 12.9375, 10.375, 13, 10.4375 ], "texture": "#voxels_atlas" },
				"west": { "uv": [ 12.9375, 10.3125, 13, 10.375 ], "texture": "#voxels_atlas" },
				"east": { "uv": [ 13, 10.4375, 12.9375, 10.5 ], "texture": "#voxels_atlas" }
			}
		},
		{
			"__comment": "Voxels",
			"from": [ 7.625, 8, 8.25 ],
			"to": [ 7.75, 8.25, 9.25 ],
			"faces": {
				"down": { "uv": [ 13.0625, 8.625, 13.125, 9.125 ], "texture": "#voxels_atlas" },
				"up": { "uv": [ 9.5, 12.625, 9.5625, 12.125 ], "texture": "#voxels_atlas" },
				"north": { "uv": [ 12.9375, 10, 12.875, 10.125 ], "texture": "#voxels_atlas" },
				"south": { "uv": [ 11.8125, 11.25, 11.875, 11.375 ], "texture": "#voxels_atlas" },
				"west": { "uv": [ 11.875, 10.125, 12.375, 10.25 ], "texture": "#voxels_atlas" },
				"east": { "uv": [ 11.6875, 8.3125, 11.1875, 8.4375 ], "texture": "#voxels_atlas" }
			}
		},
		{
			"__comment": "Voxels",
			"from": [ 7.625, 8.5, 8.25 ],
			"to": [ 7.75, 9.125, 9.25 ],
			"faces": {
				"down": { "uv": [ 13.1875, 9.1875, 13.25, 9.6875 ], "texture": "#voxels_atlas" },
				"up": { "uv": [ 13.375, 9.6875, 13.4375, 9.1875 ], "texture": "#voxels_atlas" },
				"north": { "uv": [ 13.6875, 8.75, 13.625, 9.0625 ], "texture": "#voxels_atlas" },
				"south": { "uv": [ 13.1875, 8.125, 13.25, 8.4375 ], "texture": "#voxels_atlas" },
				"west": { "uv": [ 15.3125, 13.5625, 15.8125, 13.875 ], "texture": "#voxels_atlas" },
				"east": { "uv": [ 7.875, 8.5625, 7.375, 8.875 ], "texture": "#voxels_atlas" }
			}
		},
		{
			"__comment": "Voxels",
			"from": [ 7.625, 9, 8.125 ],
			"to": [ 7.75, 9.125, 8.25 ],
			"faces": {
				"down": { "uv": [ 13.9375, 8.9375, 14, 9 ], "texture": "#voxels_atlas" },
				"up": { "uv": [ 11.8125, 8.5625, 11.875, 8.5 ], "texture": "#voxels_atlas" },
				"north": { "uv": [ 11.875, 8.4375, 11.8125, 8.5 ], "texture": "#voxels_atlas" },
				"south": { "uv": [ 12.9375, 10.625, 13, 10.6875 ], "texture": "#voxels_atlas" },
				"west": { "uv": [ 12.9375, 10.5625, 13, 10.625 ], "texture": "#voxels_atlas" },
				"east": { "uv": [ 13, 8.5, 12.9375, 8.5625 ], "texture": "#voxels_atlas" }
			}
		},
		{
			"__comment": "Voxels",
			"from": [ 7.625, 9, 9.25 ],
			"to": [ 7.75, 9.125, 9.375 ],
			"faces": {
				"down": { "uv": [ 12.9375, 8.6875, 13, 8.75 ], "texture": "#voxels_atlas" },
				"up": { "uv": [ 15.9375, 10.75, 16, 10.6875 ], "texture": "#voxels_atlas" },
				"north": { "uv": [ 13.75, 10.125, 13.6875, 10.1875 ], "texture": "#voxels_atlas" },
				"south": { "uv": [ 14.1875, 10.0625, 14.25, 10.125 ], "texture": "#voxels_atlas" },
				"west": { "uv": [ 14.3125, 10.125, 14.375, 10.1875 ], "texture": "#voxels_atlas" },
				"east": { "uv": [ 16, 10.0625, 15.9375, 10.125 ], "texture": "#voxels_atlas" }
			}
		},
		{
			"__comment": "Voxels",
			"from": [ 7.625, 10, 8 ],
			"to": [ 7.75, 10.125, 8.125 ],
			"faces": {
				"down": { "uv": [ 13.875, 10, 13.9375, 10.0625 ], "texture": "#voxels_atlas" },
				"up": { "uv": [ 14.5625, 10.0625, 14.625, 10 ], "texture": "#voxels_atlas" },
				"north": { "uv": [ 14.6875, 10, 14.625, 10.0625 ], "texture": "#voxels_atlas" },
				"south": { "uv": [ 13.6875, 9.8125, 13.75, 9.875 ], "texture": "#voxels_atlas" },
				"west": { "uv": [ 11.8125, 10.3125, 11.875, 10.375 ], "texture": "#voxels_atlas" },
				"east": { "uv": [ 14, 8.875, 13.9375, 8.9375 ], "texture": "#voxels_atlas" }
			}
		},
		{
			"__comment": "Voxels",
			"from": [ 7.625, 10, 9.375 ],
			"to": [ 7.75, 10.125, 9.5 ],
			"faces": {
				"down": { "uv": [ 13.875, 9, 13.9375, 9.0625 ], "texture": "#voxels_atlas" },
				"up": { "uv": [ 13.875, 9.125, 13.9375, 9.0625 ], "texture": "#voxels_atlas" },
				"north": { "uv": [ 13, 10.25, 12.9375, 10.3125 ], "texture": "#voxels_atlas" },
				"south": { "uv": [ 12.875, 8.5, 12.9375, 8.5625 ], "texture": "#voxels_atlas" },
				"west": { "uv": [ 13.875, 9.25, 13.9375, 9.3125 ], "texture": "#voxels_atlas" },
				"east": { "uv": [ 13.9375, 9.1875, 13.875, 9.25 ], "texture": "#voxels_atlas" }
			}
		},
		{
			"__comment": "Voxels",
			"from": [ 7.625, 11.375, 8 ],
			"to": [ 8, 11.5, 8.125 ],
			"faces": {
				"down": { "uv": [ 15.5, 10.1875, 15.6875, 10.25 ], "texture": "#voxels_atlas" },
				"up": { "uv": [ 15.3125, 10.25, 15.5, 10.1875 ], "texture": "#voxels_atlas" },
				"north": { "uv": [ 14.1875, 10.1875, 14, 10.25 ], "texture": "#voxels_atlas" },
				"south": { "uv": [ 15.6875, 10.1875, 15.875, 10.25 ], "texture": "#voxels_atlas" },
				"west": { "uv": [ 13.6875, 10.0625, 13.75, 10.125 ], "texture": "#voxels_atlas" },
				"east": { "uv": [ 13.75, 10, 13.6875, 10.0625 ], "texture": "#voxels_atlas" }
			}
		},
		{
			"__comment": "Voxels",
			"from": [ 7.625, 11.375, 9.375 ],
			"to": [ 8, 11.5, 9.5 ],
			"faces": {
				"down": { "uv": [ 8.0625, 8, 8.25, 8.0625 ], "texture": "#voxels_atlas" },
				"up": { "uv": [ 7.875, 8.0625, 8.0625, 8 ], "texture": "#voxels_atlas" },
				"north": { "uv": [ 15.3125, 10.1875, 15.125, 10.25 ], "texture": "#voxels_atlas" },
				"south": { "uv": [ 14.9375, 10.1875, 15.125, 10.25 ], "texture": "#voxels_atlas" },
				"west": { "uv": [ 14.25, 10.125, 14.3125, 10.1875 ], "texture": "#voxels_atlas" },
				"east": { "uv": [ 14.3125, 10.0625, 14.25, 10.125 ], "texture": "#voxels_atlas" }
			}
		},
		{
			"__comment": "Voxels",
			"from": [ 7.625, 14.25, 8 ],
			"to": [ 7.75, 14.375, 8.125 ],
			"faces": {
				"down": { "uv": [ 13.9375, 8.5625, 14, 8.625 ], "texture": "#voxels_atlas" },
				"up": { "uv": [ 13.9375, 8.5625, 14, 8.5 ], "texture": "#voxels_atlas" },
				"north": { "uv": [ 14, 8.3125, 13.9375, 8.375 ], "texture": "#voxels_atlas" },
				"south": { "uv": [ 13.9375, 8.25, 14, 8.3125 ], "texture": "#voxels_atlas" },
				"west": { "uv": [ 13.9375, 8.0625, 14, 8.125 ], "texture": "#voxels_atlas" },
				"east": { "uv": [ 15, 10, 14.9375, 10.0625 ], "texture": "#voxels_atlas" }
			}
		},
		{
			"__comment": "Voxels",
			"from": [ 7.75, 8, 8.5 ],
			"to": [ 7.875, 8.125, 9 ],
			"faces": {
				"down": { "uv": [ 13.75, 9, 13.8125, 9.25 ], "texture": "#voxels_atlas" },
				"up": { "uv": [ 13.75, 9.5, 13.8125, 9.25 ], "texture": "#voxels_atlas" },
				"north": { "uv": [ 14.9375, 10, 14.875, 10.0625 ], "texture": "#voxels_atlas" },
				"south": { "uv": [ 14.6875, 10, 14.75, 10.0625 ], "texture": "#voxels_atlas" },
				"west": { "uv": [ 15.75, 12.9375, 16, 13 ], "texture": "#voxels_atlas" },
				"east": { "uv": [ 11.875, 11.0625, 11.625, 11.125 ], "texture": "#voxels_atlas" }
			}
		},
		{
			"__comment": "Voxels",
			"from": [ 7.75, 9, 8.25 ],
			"to": [ 7.875, 9.625, 9.25 ],
			"faces": {
				"down": { "uv": [ 13.0625, 8, 13.125, 8.5 ], "texture": "#voxels_atlas" },
				"up": { "uv": [ 13.125, 9.6875, 13.1875, 9.1875 ], "texture": "#voxels_atlas" },
				"north": { "uv": [ 13.375, 8.125, 13.3125, 8.4375 ], "texture": "#voxels_atlas" },
				"south": { "uv": [ 13.25, 8.125, 13.3125, 8.4375 ], "texture": "#voxels_atlas" },
				"west": { "uv": [ 7.375, 10.875, 7.875, 11.1875 ], "texture": "#voxels_atlas" },
				"east": { "uv": [ 7.875, 11.1875, 7.375, 11.5 ], "texture": "#voxels_atlas" }
			}
		},
		{
			"__comment": "Voxels",
			"from": [ 7.75, 9.5, 8.125 ],
			"to": [ 7.875, 9.625, 8.25 ],
			"faces": {
				"down": { "uv": [ 14.5, 10, 14.5625, 10.0625 ], "texture": "#voxels_atlas" },
				"up": { "uv": [ 14.3125, 10.0625, 14.375, 10 ], "texture": "#voxels_atlas" },
				"north": { "uv": [ 14.3125, 10, 14.25, 10.0625 ], "texture": "#voxels_atlas" },
				"south": { "uv": [ 14.1875, 10, 14.25, 10.0625 ], "texture": "#voxels_atlas" },
				"west": { "uv": [ 14.125, 10, 14.1875, 10.0625 ], "texture": "#voxels_atlas" },
				"east": { "uv": [ 14, 10, 13.9375, 10.0625 ], "texture": "#voxels_atlas" }
			}
		},
		{
			"__comment": "Voxels",
			"from": [ 7.75, 9.5, 9.25 ],
			"to": [ 7.875, 9.625, 9.375 ],
			"faces": {
				"down": { "uv": [ 13.875, 8.0625, 13.9375, 8.125 ], "texture": "#voxels_atlas" },
				"up": { "uv": [ 13.875, 8.1875, 13.9375, 8.125 ], "texture": "#voxels_atlas" },
				"north": { "uv": [ 13.9375, 8.3125, 13.875, 8.375 ], "texture": "#voxels_atlas" },
				"south": { "uv": [ 13.875, 8.375, 13.9375, 8.4375 ], "texture": "#voxels_atlas" },
				"west": { "uv": [ 13.875, 8.4375, 13.9375, 8.5 ], "texture": "#voxels_atlas" },
				"east": { "uv": [ 13.9375, 8.5, 13.875, 8.5625 ], "texture": "#voxels_atlas" }
			}
		},
		{
			"__comment": "Voxels",
			"from": [ 7.75, 10.375, 8 ],
			"to": [ 7.875, 10.5, 8.125 ],
			"faces": {
				"down": { "uv": [ 13.875, 8.6875, 13.9375, 8.75 ], "texture": "#voxels_atlas" },
				"up": { "uv": [ 13.875, 9.1875, 13.9375, 9.125 ], "texture": "#voxels_atlas" },
				"north": { "uv": [ 13.9375, 9.3125, 13.875, 9.375 ], "texture": "#voxels_atlas" },
				"south": { "uv": [ 13.875, 9.375, 13.9375, 9.4375 ], "texture": "#voxels_atlas" },
				"west": { "uv": [ 13.875, 9.4375, 13.9375, 9.5 ], "texture": "#voxels_atlas" },
				"east": { "uv": [ 13.9375, 9.5, 13.875, 9.5625 ], "texture": "#voxels_atlas" }
			}
		},
		{
			"__comment": "Voxels",
			"from": [ 7.75, 10.375, 9.375 ],
			"to": [ 7.875, 10.5, 9.5 ],
			"faces": {
				"down": { "uv": [ 13.875, 9.5625, 13.9375, 9.625 ], "texture": "#voxels_atlas" },
				"up": { "uv": [ 13.875, 9.6875, 13.9375, 9.625 ], "texture": "#voxels_atlas" },
				"north": { "uv": [ 13.9375, 9.6875, 13.875, 9.75 ], "texture": "#voxels_atlas" },
				"south": { "uv": [ 13.875, 9.75, 13.9375, 9.8125 ], "texture": "#voxels_atlas" },
				"west": { "uv": [ 13.875, 9.8125, 13.9375, 9.875 ], "texture": "#voxels_atlas" },
				"east": { "uv": [ 13.9375, 9.9375, 13.875, 10 ], "texture": "#voxels_atlas" }
			}
		},
		{
			"__comment": "Voxels",
			"from": [ 7.875, 9.5, 8.25 ],
			"to": [ 8, 10.125, 9.25 ],
			"faces": {
				"down": { "uv": [ 13.25, 9.1875, 13.3125, 9.6875 ], "texture": "#voxels_atlas" },
				"up": { "uv": [ 13.3125, 9.6875, 13.375, 9.1875 ], "texture": "#voxels_atlas" },
				"north": { "uv": [ 13.75, 8.75, 13.6875, 9.0625 ], "texture": "#voxels_atlas" },
				"south": { "uv": [ 13.125, 8.125, 13.1875, 8.4375 ], "texture": "#voxels_atlas" },
				"west": { "uv": [ 7.375, 11.8125, 7.875, 12.125 ], "texture": "#voxels_atlas" },
				"east": { "uv": [ 7.875, 8, 7.375, 8.3125 ], "texture": "#voxels_atlas" }
			}
		},
		{
			"__comment": "Voxels",
			"from": [ 7.875, 10, 8.125 ],
			"to": [ 8, 10.125, 8.25 ],
			"faces": {
				"down": { "uv": [ 15.875, 10.0625, 15.9375, 10.125 ], "texture": "#voxels_atlas" },
				"up": { "uv": [ 15.8125, 10.125, 15.875, 10.0625 ], "texture": "#voxels_atlas" },
				"north": { "uv": [ 15.875, 10.125, 15.8125, 10.1875 ], "texture": "#voxels_atlas" },
				"south": { "uv": [ 15.75, 10.125, 15.8125, 10.1875 ], "texture": "#voxels_atlas" },
				"west": { "uv": [ 15.6875, 10.0625, 15.75, 10.125 ], "texture": "#voxels_atlas" },
				"east": { "uv": [ 15.75, 10.125, 15.6875, 10.1875 ], "texture": "#voxels_atlas" }
			}
		},
		{
			"__comment": "Voxels",
			"from": [ 7.875, 10, 9.25 ],
			"to": [ 8, 10.125, 9.375 ],
			"faces": {
				"down": { "uv": [ 15.625, 10.0625, 15.6875, 10.125 ], "texture": "#voxels_atlas" },
				"up": { "uv": [ 15.625, 10.1875, 15.6875, 10.125 ], "texture": "#voxels_atlas" },
				"north": { "uv": [ 15.625, 10.0625, 15.5625, 10.125 ], "texture": "#voxels_atlas" },
				"south": { "uv": [ 15.5625, 10.125, 15.625, 10.1875 ], "texture": "#voxels_atlas" },
				"west": { "uv": [ 15.4375, 10.0625, 15.5, 10.125 ], "texture": "#voxels_atlas" },
				"east": { "uv": [ 15.5, 10.125, 15.4375, 10.1875 ], "texture": "#voxels_atlas" }
			}
		},
		{
			"__comment": "Voxels",
			"from": [ 7.875, 10.75, 8 ],
			"to": [ 8, 10.875, 8.125 ],
			"faces": {
				"down": { "uv": [ 15.25, 10.0625, 15.3125, 10.125 ], "texture": "#voxels_atlas" },
				"up": { "uv": [ 15.25, 10.1875, 15.3125, 10.125 ], "texture": "#voxels_atlas" },
				"north": { "uv": [ 15.1875, 10.0625, 15.125, 10.125 ], "texture": "#voxels_atlas" },
				"south": { "uv": [ 15.125, 10.125, 15.1875, 10.1875 ], "texture": "#voxels_atlas" },
				"west": { "uv": [ 15.0625, 10.0625, 15.125, 10.125 ], "texture": "#voxels_atlas" },
				"east": { "uv": [ 15.125, 10.125, 15.0625, 10.1875 ], "texture": "#voxels_atlas" }
			}
		},
		{
			"__comment": "Voxels",
			"from": [ 7.875, 10.75, 9.375 ],
			"to": [ 8, 10.875, 9.5 ],
			"faces": {
				"down": { "uv": [ 14.9375, 10.0625, 15, 10.125 ], "texture": "#voxels_atlas" },
				"up": { "uv": [ 14.5625, 10.125, 14.625, 10.0625 ], "texture": "#voxels_atlas" },
				"north": { "uv": [ 14.625, 10.125, 14.5625, 10.1875 ], "texture": "#voxels_atlas" },
				"south": { "uv": [ 14.4375, 10.0625, 14.5, 10.125 ], "texture": "#voxels_atlas" },
				"west": { "uv": [ 14.4375, 10.125, 14.5, 10.1875 ], "texture": "#voxels_atlas" },
				"east": { "uv": [ 14.375, 10.0625, 14.3125, 10.125 ], "texture": "#voxels_atlas" }
			}
		},
		{
			"__comment": "Voxels",
			"from": [ 8, 10, 8.25 ],
			"to": [ 8.125, 10.5, 9.25 ],
			"faces": {
				"down": { "uv": [ 13.4375, 9.1875, 13.5, 9.6875 ], "texture": "#voxels_atlas" },
				"up": { "uv": [ 13.5, 9.6875, 13.5625, 9.1875 ], "texture": "#voxels_atlas" },
				"north": { "uv": [ 13.625, 8.1875, 13.5625, 8.4375 ], "texture": "#voxels_atlas" },
				"south": { "uv": [ 13.75, 9.75, 13.8125, 10 ], "texture": "#voxels_atlas" },
				"west": { "uv": [ 7.375, 12.125, 7.875, 12.375 ], "texture": "#voxels_atlas" },
				"east": { "uv": [ 10.0625, 8.5, 9.5625, 8.75 ], "texture": "#voxels_atlas" }
			}
		},
		{
			"__comment": "Voxels",
			"from": [ 8, 10.375, 8.125 ],
			"to": [ 8.125, 10.5, 8.25 ],
			"faces": {
				"down": { "uv": [ 14.1875, 10.125, 14.25, 10.1875 ], "texture": "#voxels_atlas" },
				"up": { "uv": [ 13.8125, 8.0625, 13.875, 8 ], "texture": "#voxels_atlas" },
				"north": { "uv": [ 16, 10.1875, 15.9375, 10.25 ], "texture": "#voxels_atlas" },
				"south": { "uv": [ 15.875, 10.1875, 15.9375, 10.25 ], "texture": "#voxels_atlas" },
				"west": { "uv": [ 13.6875, 8.4375, 13.75, 8.5 ], "texture": "#voxels_atlas" },
				"east": { "uv": [ 13.6875, 8.4375, 13.625, 8.5 ], "texture": "#voxels_atlas" }
			}
		},
		{
			"__comment": "Voxels",
			"from": [ 8, 10.375, 9.25 ],
			"to": [ 8.125, 10.5, 9.375 ],
			"faces": {
				"down": { "uv": [ 13.6875, 8.5, 13.75, 8.5625 ], "texture": "#voxels_atlas" },
				"up": { "uv": [ 13.625, 8.5625, 13.6875, 8.5 ], "texture": "#voxels_atlas" },
				"north": { "uv": [ 13.75, 9.0625, 13.6875, 9.125 ], "texture": "#voxels_atlas" },
				"south": { "uv": [ 13.625, 9.125, 13.6875, 9.1875 ], "texture": "#voxels_atlas" },
				"west": { "uv": [ 13.6875, 9.6875, 13.75, 9.75 ], "texture": "#voxels_atlas" },
				"east": { "uv": [ 13.75, 9.75, 13.6875, 9.8125 ], "texture": "#voxels_atlas" }
			}
		},
		{
			"__comment": "Voxels",
			"from": [ 8.125, 10.375, 8.25 ],
			"to": [ 8.25, 10.875, 9.25 ],
			"faces": {
				"down": { "uv": [ 13.5625, 9.1875, 13.625, 9.6875 ], "texture": "#voxels_atlas" },
				"up": { "uv": [ 13.625, 9.6875, 13.6875, 9.1875 ], "texture": "#voxels_atlas" },
				"north": { "uv": [ 13.6875, 8.1875, 13.625, 8.4375 ], "texture": "#voxels_atlas" },
				"south": { "uv": [ 13.75, 9.5, 13.8125, 9.75 ], "texture": "#voxels_atlas" },
				"west": { "uv": [ 7.375, 12.75, 7.875, 13 ], "texture": "#voxels_atlas" },
				"east": { "uv": [ 10.5625, 8.5, 10.0625, 8.75 ], "texture": "#voxels_atlas" }
			}
		},
		{
			"__comment": "Voxels",
			"from": [ 8.125, 10.75, 8.125 ],
			"to": [ 8.25, 10.875, 8.25 ],
			"faces": {
				"down": { "uv": [ 12.9375, 8.1875, 13, 8.25 ], "texture": "#voxels_atlas" },
				"up": { "uv": [ 12.875, 8.25, 12.9375, 8.1875 ], "texture": "#voxels_atlas" },
				"north": { "uv": [ 13, 8.25, 12.9375, 8.3125 ], "texture": "#voxels_atlas" },
				"south": { "uv": [ 12.875, 8.25, 12.9375, 8.3125 ], "texture": "#voxels_atlas" },
				"west": { "uv": [ 12.9375, 8.375, 13, 8.4375 ], "texture": "#voxels_atlas" },
				"east": { "uv": [ 12.9375, 8.375, 12.875, 8.4375 ], "texture": "#voxels_atlas" }
			}
		},
		{
			"__comment": "Voxels",
			"from": [ 8.125, 10.75, 9.25 ],
			"to": [ 8.25, 10.875, 9.375 ],
			"faces": {
				"down": { "uv": [ 12.9375, 8.4375, 13, 8.5 ], "texture": "#voxels_atlas" },
				"up": { "uv": [ 12.875, 8.5, 12.9375, 8.4375 ], "texture": "#voxels_atlas" },
				"north": { "uv": [ 13, 8.5625, 12.9375, 8.625 ], "texture": "#voxels_atlas" },
				"south": { "uv": [ 12.875, 8.5625, 12.9375, 8.625 ], "texture": "#voxels_atlas" },
				"west": { "uv": [ 12.9375, 8.625, 13, 8.6875 ], "texture": "#voxels_atlas" },
				"east": { "uv": [ 12.9375, 8.625, 12.875, 8.6875 ], "texture": "#voxels_atlas" }
			}
		},
		{
			"__comment": "Voxels",
			"from": [ 8.25, 10.75, 8.25 ],
			"to": [ 8.375, 11.125, 9.25 ],
			"faces": {
				"down": { "uv": [ 13.6875, 9.1875, 13.75, 9.6875 ], "texture": "#voxels_atlas" },
				"up": { "uv": [ 13.125, 9.0625, 13.1875, 8.5625 ], "texture": "#voxels_atlas" },
				"north": { "uv": [ 13.5625, 8, 13.5, 8.1875 ], "texture": "#voxels_atlas" },
				"south": { "uv": [ 13.5625, 8, 13.625, 8.1875 ], "texture": "#voxels_atlas" },
				"west": { "uv": [ 10.5625, 9.5625, 11.0625, 9.75 ], "texture": "#voxels_atlas" },
				"east": { "uv": [ 11.0625, 9.9375, 10.5625, 10.125 ], "texture": "#voxels_atlas" }
			}
		},
		{
			"__comment": "Voxels",
			"from": [ 8.25, 11, 8.125 ],
			"to": [ 8.625, 11.125, 8.25 ],
			"faces": {
				"down": { "uv": [ 15.625, 10.4375, 15.8125, 10.5 ], "texture": "#voxels_atlas" },
				"up": { "uv": [ 15.8125, 10.5, 16, 10.4375 ], "texture": "#voxels_atlas" },
				"north": { "uv": [ 15.8125, 10.375, 15.625, 10.4375 ], "texture": "#voxels_atlas" },
				"south": { "uv": [ 15.8125, 10.375, 16, 10.4375 ], "texture": "#voxels_atlas" },
				"west": { "uv": [ 12.875, 8.6875, 12.9375, 8.75 ], "texture": "#voxels_atlas" },
				"east": { "uv": [ 13, 8.75, 12.9375, 8.8125 ], "texture": "#voxels_atlas" }
			}
		},
		{
			"__comment": "Voxels",
			"from": [ 8.25, 11, 9.25 ],
			"to": [ 8.625, 11.125, 9.375 ],
			"faces": {
				"down": { "uv": [ 15.8125, 10.3125, 16, 10.375 ], "texture": "#voxels_atlas" },
				"up": { "uv": [ 15.625, 10.3125, 15.8125, 10.25 ], "texture": "#voxels_atlas" },
				"north": { "uv": [ 16, 10.25, 15.8125, 10.3125 ], "texture": "#voxels_atlas" },
				"south": { "uv": [ 13.8125, 10.1875, 14, 10.25 ], "texture": "#voxels_atlas" },
				"west": { "uv": [ 12.875, 8.75, 12.9375, 8.8125 ], "texture": "#voxels_atlas" },
				"east": { "uv": [ 13, 10.5, 12.9375, 10.5625 ], "texture": "#voxels_atlas" }
			}
		},
		{
			"__comment": "Voxels",
			"from": [ 8.375, 10.75, 8.375 ],
			"to": [ 10.875, 11, 9.125 ],
			"faces": {
				"down": { "uv": [ 8.25, 10.75, 9.5, 11.125 ], "texture": "#voxels_atlas" },
				"up": { "uv": [ 3.25, 8.375, 4.5, 8 ], "texture": "#voxels_atlas" },
				"north": { "uv": [ 11.8125, 11.5, 10.5625, 11.625 ], "texture": "#voxels_atlas" },
				"south": { "uv": [ 10.5625, 11.625, 11.8125, 11.75 ], "texture": "#voxels_atlas" },
				"west": { "uv": [ 7.875, 12.75, 8.25, 12.875 ], "texture": "#voxels_atlas" },
				"east": { "uv": [ 8.25, 12.125, 7.875, 12.25 ], "texture": "#voxels_atlas" }
			}
		},
		{
			"__comment": "Voxels",
			"from": [ 8.375, 11, 8.25 ],
			"to": [ 8.625, 11.125, 9.25 ],
			"faces": {
				"down": { "uv": [ 8.125, 12.875, 8.25, 13.375 ], "texture": "#voxels_atlas" },
				"up": { "uv": [ 8.125, 12.75, 8.25, 12.25 ], "texture": "#voxels_atlas" },
				"north": { "uv": [ 11.875, 11.4375, 11.75, 11.5 ], "texture": "#voxels_atlas" },
				"south": { "uv": [ 11.75, 11.375, 11.875, 11.4375 ], "texture": "#voxels_atlas" },
				"west": { "uv": [ 10.5625, 8, 11.0625, 8.0625 ], "texture": "#voxels_atlas" },
				"east": { "uv": [ 11.6875, 8, 11.1875, 8.0625 ], "texture": "#voxels_atlas" }
			}
		},
		{
			"__comment": "Voxels",
			"from": [ 8.375, 12, 8.125 ],
			"to": [ 8.5, 12.25, 8.25 ],
			"faces": {
				"down": { "uv": [ 13.9375, 9, 14, 9.0625 ], "texture": "#voxels_atlas" },
				"up": { "uv": [ 13.9375, 9.125, 14, 9.0625 ], "texture": "#voxels_atlas" },
				"north": { "uv": [ 10.5625, 9.4375, 10.5, 9.5625 ], "texture": "#voxels_atlas" },
				"south": { "uv": [ 15.9375, 12.5625, 16, 12.6875 ], "texture": "#voxels_atlas" },
				"west": { "uv": [ 15.9375, 12.125, 16, 12.25 ], "texture": "#voxels_atlas" },
				"east": { "uv": [ 11.875, 11.875, 11.8125, 12 ], "texture": "#voxels_atlas" }
			}
		},
		{
			"__comment": "Voxels",
			"from": [ 8.375, 12, 9.25 ],
			"to": [ 8.5, 12.25, 9.375 ],
			"faces": {
				"down": { "uv": [ 13.9375, 9.25, 14, 9.3125 ], "texture": "#voxels_atlas" },
				"up": { "uv": [ 13.9375, 9.375, 14, 9.3125 ], "texture": "#voxels_atlas" },
				"north": { "uv": [ 11.875, 11.75, 11.8125, 11.875 ], "texture": "#voxels_atlas" },
				"south": { "uv": [ 11.8125, 11.625, 11.875, 11.75 ], "texture": "#voxels_atlas" },
				"west": { "uv": [ 11.8125, 11.5, 11.875, 11.625 ], "texture": "#voxels_atlas" },
				"east": { "uv": [ 11.8125, 11.25, 11.75, 11.375 ], "texture": "#voxels_atlas" }
			}
		},
		{
			"__comment": "Voxels",
			"from": [ 8.5, 11.5, 8.25 ],
			"to": [ 8.625, 11.625, 9.25 ],
			"faces": {
				"down": { "uv": [ 15.9375, 15.5, 16, 16 ], "texture": "#voxels_atlas" },
				"up": { "uv": [ 9.5, 13.125, 9.5625, 12.625 ], "texture": "#voxels_atlas" },
				"north": { "uv": [ 13.9375, 8.875, 13.875, 8.9375 ], "texture": "#voxels_atlas" },
				"south": { "uv": [ 13.875, 8.9375, 13.9375, 9 ], "texture": "#voxels_atlas" },
				"west": { "uv": [ 15.5, 12, 16, 12.0625 ], "texture": "#voxels_atlas" },
				"east": { "uv": [ 16, 11, 15.5, 11.0625 ], "texture": "#voxels_atlas" }
			}
		},
		{
			"__comment": "Voxels",
			"from": [ 8.5, 12.25, 8.25 ],
			"to": [ 8.75, 12.5, 9.25 ],
			"faces": {
				"down": { "uv": [ 15.8125, 15.5, 15.9375, 16 ], "texture": "#voxels_atlas" },
				"up": { "uv": [ 8, 10.25, 8.125, 9.75 ], "texture": "#voxels_atlas" },
				"north": { "uv": [ 4.875, 11, 4.75, 11.125 ], "texture": "#voxels_atlas" },
				"south": { "uv": [ 4.75, 10.25, 4.875, 10.375 ], "texture": "#voxels_atlas" },
				"west": { "uv": [ 10.5625, 8.0625, 11.0625, 8.1875 ], "texture": "#voxels_atlas" },
				"east": { "uv": [ 12.875, 10.125, 12.375, 10.25 ], "texture": "#voxels_atlas" }
			}
		},
		{
			"__comment": "Voxels",
			"from": [ 8.625, 11, 8.375 ],
			"to": [ 8.875, 11.125, 9.125 ],
			"faces": {
				"down": { "uv": [ 8.125, 9.875, 8.25, 10.25 ], "texture": "#voxels_atlas" },
				"up": { "uv": [ 9.4375, 12.125, 9.5625, 11.75 ], "texture": "#voxels_atlas" },
				"north": { "uv": [ 11.875, 9.8125, 11.75, 9.875 ], "texture": "#voxels_atlas" },
				"south": { "uv": [ 11.75, 9.75, 11.875, 9.8125 ], "texture": "#voxels_atlas" },
				"west": { "uv": [ 11.4375, 10.3125, 11.8125, 10.375 ], "texture": "#voxels_atlas" },
				"east": { "uv": [ 11.8125, 10.375, 11.4375, 10.4375 ], "texture": "#voxels_atlas" }
			}
		},
		{
			"__comment": "Voxels",
			"from": [ 8.625, 12, 8.25 ],
			"to": [ 8.75, 12.25, 9.25 ],
			"faces": {
				"down": { "uv": [ 13, 8, 13.0625, 8.5 ], "texture": "#voxels_atlas" },
				"up": { "uv": [ 13.1875, 9.0625, 13.25, 8.5625 ], "texture": "#voxels_atlas" },
				"north": { "uv": [ 12.9375, 10.125, 12.875, 10.25 ], "texture": "#voxels_atlas" },
				"south": { "uv": [ 12.9375, 10.125, 13, 10.25 ], "texture": "#voxels_atlas" },
				"west": { "uv": [ 11.875, 10, 12.375, 10.125 ], "texture": "#voxels_atlas" },
				"east": { "uv": [ 12.875, 10, 12.375, 10.125 ], "texture": "#voxels_atlas" }
			}
		},
		{
			"__comment": "Voxels",
			"from": [ 8.625, 12.5, 8.125 ],
			"to": [ 11.875, 12.625, 9.375 ],
			"faces": {
				"down": { "uv": [ 3.25, 9.625, 4.875, 10.25 ], "texture": "#voxels_atlas" },
				"up": { "uv": [ 3.25, 9.625, 4.875, 9 ], "texture": "#voxels_atlas" },
				"north": { "uv": [ 15.125, 11.6875, 13.5, 11.75 ], "texture": "#voxels_atlas" },
				"south": { "uv": [ 11.875, 11.625, 13.5, 11.6875 ], "texture": "#voxels_atlas" },
				"west": { "uv": [ 14.375, 10.5625, 15, 10.625 ], "texture": "#voxels_atlas" },
				"east": { "uv": [ 13.75, 10.25, 13.125, 10.3125 ], "texture": "#voxels_atlas" }
			}
		},
		{
			"__comment": "Voxels",
			"from": [ 8.75, 12.25, 8.375 ],
			"to": [ 8.875, 12.5, 9.125 ],
			"faces": {
				"down": { "uv": [ 9.5, 10.75, 9.5625, 11.125 ], "texture": "#voxels_atlas" },
				"up": { "uv": [ 8.1875, 10.625, 8.25, 10.25 ], "texture": "#voxels_atlas" },
				"north": { "uv": [ 13, 10, 12.9375, 10.125 ], "texture": "#voxels_atlas" },
				"south": { "uv": [ 12.875, 8, 12.9375, 8.125 ], "texture": "#voxels_atlas" },
				"west": { "uv": [ 7.875, 11.5, 8.25, 11.625 ], "texture": "#voxels_atlas" },
				"east": { "uv": [ 8.25, 8.5625, 7.875, 8.6875 ], "texture": "#voxels_atlas" }
			}
		},
		{
			"__comment": "Voxels",
			"from": [ 8.75, 12.375, 8.25 ],
			"to": [ 11.5, 12.5, 8.375 ],
			"faces": {
				"down": { "uv": [ 14.625, 11.1875, 16, 11.25 ], "texture": "#voxels_atlas" },
				"up": { "uv": [ 14.625, 11.125, 16, 11.0625 ], "texture": "#voxels_atlas" },
				"north": { "uv": [ 14.625, 11.0625, 13.25, 11.125 ], "texture": "#voxels_atlas" },
				"south": { "uv": [ 11.875, 11.0625, 13.25, 11.125 ], "texture": "#voxels_atlas" },
				"west": { "uv": [ 14.0625, 10.125, 14.125, 10.1875 ], "texture": "#voxels_atlas" },
				"east": { "uv": [ 14.125, 10.0625, 14.0625, 10.125 ], "texture": "#voxels_atlas" }
			}
		},
		{
			"__comment": "Voxels",
			"from": [ 8.75, 12.375, 9.125 ],
			"to": [ 11.5, 12.5, 9.25 ],
			"faces": {
				"down": { "uv": [ 14.625, 11.125, 16, 11.1875 ], "texture": "#voxels_atlas" },
				"up": { "uv": [ 13.25, 11.1875, 14.625, 11.125 ], "texture": "#voxels_atlas" },
				"north": { "uv": [ 13.25, 11, 11.875, 11.0625 ], "texture": "#voxels_atlas" },
				"south": { "uv": [ 11.875, 11.125, 13.25, 11.1875 ], "texture": "#voxels_atlas" },
				"west": { "uv": [ 15.5, 10.125, 15.5625, 10.1875 ], "texture": "#voxels_atlas" },
				"east": { "uv": [ 15.5625, 10.0625, 15.5, 10.125 ], "texture": "#voxels_atlas" }
			}
		},
		{
			"__comment": "Voxels",
			"from": [ 8.875, 12.25, 8.5 ],
			"to": [ 9.25, 12.5, 9 ],
			"faces": {
				"down": { "uv": [ 8, 8.3125, 8.1875, 8.5625 ], "texture": "#voxels_atlas" },
				"up": { "uv": [ 7.875, 8.3125, 8.0625, 8.0625 ], "texture": "#voxels_atlas" },
				"north": { "uv": [ 16, 13.75, 15.8125, 13.875 ], "texture": "#voxels_atlas" },
				"south": { "uv": [ 15.8125, 13.625, 16, 13.75 ], "texture": "#voxels_atlas" },
				"west": { "uv": [ 9.25, 8, 9.5, 8.125 ], "texture": "#voxels_atlas" },
				"east": { "uv": [ 16, 14.1875, 15.75, 14.3125 ], "texture": "#voxels_atlas" }
			}
		},
		{
			"__comment": "Voxels",
			"from": [ 8.875, 12.375, 8.375 ],
			"to": [ 11.5, 12.5, 8.5 ],
			"faces": {
				"down": { "uv": [ 10.5625, 9.1875, 11.875, 9.25 ], "texture": "#voxels_atlas" },
				"up": { "uv": [ 10.5625, 9.3125, 11.875, 9.25 ], "texture": "#voxels_atlas" },
				"north": { "uv": [ 11.875, 9.3125, 10.5625, 9.375 ], "texture": "#voxels_atlas" },
				"south": { "uv": [ 10.5625, 9.375, 11.875, 9.4375 ], "texture": "#voxels_atlas" },
				"west": { "uv": [ 13.875, 8.25, 13.9375, 8.3125 ], "texture": "#voxels_atlas" },
				"east": { "uv": [ 14, 8, 13.9375, 8.0625 ], "texture": "#voxels_atlas" }
			}
		},
		{
			"__comment": "Voxels",
			"from": [ 8.875, 12.375, 9 ],
			"to": [ 11.5, 12.5, 9.125 ],
			"faces": {
				"down": { "uv": [ 10.5625, 9.4375, 11.875, 9.5 ], "texture": "#voxels_atlas" },
				"up": { "uv": [ 10.5625, 9.5625, 11.875, 9.5 ], "texture": "#voxels_atlas" },
				"north": { "uv": [ 11.875, 8.5625, 10.5625, 8.625 ], "texture": "#voxels_atlas" },
				"south": { "uv": [ 10.5625, 8.625, 11.875, 8.6875 ], "texture": "#voxels_atlas" },
				"west": { "uv": [ 13.9375, 9.4375, 14, 9.5 ], "texture": "#voxels_atlas" },
				"east": { "uv": [ 14, 9.375, 13.9375, 9.4375 ], "texture": "#voxels_atlas" }
			}
		},
		{
			"__comment": "Voxels",
			"from": [ 9, 11.625, 8.5 ],
			"to": [ 9.375, 11.75, 9 ],
			"faces": {
				"down": { "uv": [ 8.0625, 8.0625, 8.25, 8.3125 ], "texture": "#voxels_atlas" },
				"up": { "uv": [ 9.25, 9, 9.4375, 8.75 ], "texture": "#voxels_atlas" },
				"north": { "uv": [ 14.9375, 10.1875, 14.75, 10.25 ], "texture": "#voxels_atlas" },
				"south": { "uv": [ 14.5625, 10.1875, 14.75, 10.25 ], "texture": "#voxels_atlas" },
				"west": { "uv": [ 11.625, 11.125, 11.875, 11.1875 ], "texture": "#voxels_atlas" },
				"east": { "uv": [ 11.875, 11.1875, 11.625, 11.25 ], "texture": "#voxels_atlas" }
			}
		},
		{
			"__comment": "Voxels",
			"from": [ 9, 11.75, 8.5 ],
			"to": [ 9.25, 12.25, 9 ],
			"faces": {
				"down": { "uv": [ 8.125, 14.375, 8.25, 14.625 ], "texture": "#voxels_atlas" },
				"up": { "uv": [ 15.875, 14.125, 16, 13.875 ], "texture": "#voxels_atlas" },
				"north": { "uv": [ 15.875, 13.875, 15.75, 14.125 ], "texture": "#voxels_atlas" },
				"south": { "uv": [ 9.4375, 8.125, 9.5625, 8.375 ], "texture": "#voxels_atlas" },
				"west": { "uv": [ 7.875, 11.625, 8.125, 11.875 ], "texture": "#voxels_atlas" },
				"east": { "uv": [ 8.25, 13.4375, 8, 13.6875 ], "texture": "#voxels_atlas" }
			}
		},
		{
			"__comment": "Voxels",
			"from": [ 9, 12.5, 9.375 ],
			"to": [ 9.25, 12.625, 9.5 ],
			"faces": {
				"down": { "uv": [ 15.875, 11.625, 16, 11.6875 ], "texture": "#voxels_atlas" },
				"up": { "uv": [ 15.875, 11.5, 16, 11.4375 ], "texture": "#voxels_atlas" },
				"north": { "uv": [ 16, 11.375, 15.875, 11.4375 ], "texture": "#voxels_atlas" },
				"south": { "uv": [ 15.875, 11.3125, 16, 11.375 ], "texture": "#voxels_atlas" },
				"west": { "uv": [ 12.875, 8.8125, 12.9375, 8.875 ], "texture": "#voxels_atlas" },
				"east": { "uv": [ 13, 8.8125, 12.9375, 8.875 ], "texture": "#voxels_atlas" }
			}
		},
		{
			"__comment": "Voxels",
			"from": [ 9.125, 11.375, 8.5 ],
			"to": [ 9.5, 11.5, 9 ],
			"faces": {
				"down": { "uv": [ 9.25, 8.4375, 9.4375, 8.6875 ], "texture": "#voxels_atlas" },
				"up": { "uv": [ 9.25, 8.375, 9.4375, 8.125 ], "texture": "#voxels_atlas" },
				"north": { "uv": [ 15.8125, 10.3125, 15.625, 10.375 ], "texture": "#voxels_atlas" },
				"south": { "uv": [ 15.8125, 10.5, 16, 10.5625 ], "texture": "#voxels_atlas" },
				"west": { "uv": [ 10.3125, 9.0625, 10.5625, 9.125 ], "texture": "#voxels_atlas" },
				"east": { "uv": [ 10.5625, 9.125, 10.3125, 9.1875 ], "texture": "#voxels_atlas" }
			}
		},
		{
			"__comment": "Voxels",
			"from": [ 9.125, 11.5, 8.5 ],
			"to": [ 9.375, 11.625, 9 ],
			"faces": {
				"down": { "uv": [ 9.4375, 8.4375, 9.5625, 8.6875 ], "texture": "#voxels_atlas" },
				"up": { "uv": [ 9.4375, 9, 9.5625, 8.75 ], "texture": "#voxels_atlas" },
				"north": { "uv": [ 16, 11.25, 15.875, 11.3125 ], "texture": "#voxels_atlas" },
				"south": { "uv": [ 15.875, 11.6875, 16, 11.75 ], "texture": "#voxels_atlas" },
				"west": { "uv": [ 10.3125, 9.1875, 10.5625, 9.25 ], "texture": "#voxels_atlas" },
				"east": { "uv": [ 10.5625, 9.25, 10.3125, 9.3125 ], "texture": "#voxels_atlas" }
			}
		},
		{
			"__comment": "Voxels",
			"from": [ 9.25, 12.375, 8.5 ],
			"to": [ 11.5, 12.5, 9 ],
			"faces": {
				"down": { "uv": [ 13.625, 13.875, 14.75, 14.125 ], "texture": "#voxels_atlas" },
				"up": { "uv": [ 12.5, 14.125, 13.625, 13.875 ], "texture": "#voxels_atlas" },
				"north": { "uv": [ 13, 10.8125, 11.875, 10.875 ], "texture": "#voxels_atlas" },
				"south": { "uv": [ 11.875, 10.6875, 13, 10.75 ], "texture": "#voxels_atlas" },
				"west": { "uv": [ 10.3125, 9.375, 10.5625, 9.4375 ], "texture": "#voxels_atlas" },
				"east": { "uv": [ 10.5625, 9.5625, 10.3125, 9.625 ], "texture": "#voxels_atlas" }
			}
		},
		{
			"__comment": "Voxels",
			"from": [ 9.375, 11.25, 8.5 ],
			"to": [ 9.5, 11.375, 9 ],
			"faces": {
				"down": { "uv": [ 13.75, 10, 13.8125, 10.25 ], "texture": "#voxels_atlas" },
				"up": { "uv": [ 13.6875, 8.4375, 13.75, 8.1875 ], "texture": "#voxels_atlas" },
				"north": { "uv": [ 12.9375, 8.125, 12.875, 8.1875 ], "texture": "#voxels_atlas" },
				"south": { "uv": [ 12.9375, 8.125, 13, 8.1875 ], "texture": "#voxels_atlas" },
				"west": { "uv": [ 15.75, 14.125, 16, 14.1875 ], "texture": "#voxels_atlas" },
				"east": { "uv": [ 8.25, 8.875, 8, 8.9375 ], "texture": "#voxels_atlas" }
			}
		},
		{
			"__comment": "Voxels",
			"from": [ 10.75, 11, 8.375 ],
			"to": [ 11, 11.125, 9.125 ],
			"faces": {
				"down": { "uv": [ 9.4375, 11.25, 9.5625, 11.625 ], "texture": "#voxels_atlas" },
				"up": { "uv": [ 9.4375, 10.75, 9.5625, 10.375 ], "texture": "#voxels_atlas" },
				"north": { "uv": [ 13, 9.9375, 12.875, 10 ], "texture": "#voxels_atlas" },
				"south": { "uv": [ 12.875, 9.875, 13, 9.9375 ], "texture": "#voxels_atlas" },
				"west": { "uv": [ 10.1875, 8.1875, 10.5625, 8.25 ], "texture": "#voxels_atlas" },
				"east": { "uv": [ 10.5625, 8, 10.1875, 8.0625 ], "texture": "#voxels_atlas" }
			}
		},
		{
			"__comment": "Voxels",
			"from": [ 10.875, 10.875, 8.375 ],
			"to": [ 11, 11, 9.125 ],
			"faces": {
				"down": { "uv": [ 13.375, 8.6875, 13.4375, 9.0625 ], "texture": "#voxels_atlas" },
				"up": { "uv": [ 13.4375, 9.0625, 13.5, 8.6875 ], "texture": "#voxels_atlas" },
				"north": { "uv": [ 13.75, 9.125, 13.6875, 9.1875 ], "texture": "#voxels_atlas" },
				"south": { "uv": [ 13.625, 9.0625, 13.6875, 9.125 ], "texture": "#voxels_atlas" },
				"west": { "uv": [ 10.1875, 8.0625, 10.5625, 8.125 ], "texture": "#voxels_atlas" },
				"east": { "uv": [ 10.5625, 8.125, 10.1875, 8.1875 ], "texture": "#voxels_atlas" }
			}
		},
		{
			"__comment": "Voxels",
			"from": [ 10.875, 11.125, 8.375 ],
			"to": [ 11.125, 11.625, 9.125 ],
			"faces": {
				"down": { "uv": [ 13, 10.25, 13.125, 10.625 ], "texture": "#voxels_atlas" },
				"up": { "uv": [ 13, 10.25, 13.125, 9.875 ], "texture": "#voxels_atlas" },
				"north": { "uv": [ 8.25, 11.625, 8.125, 11.875 ], "texture": "#voxels_atlas" },
				"south": { "uv": [ 8.125, 14.0625, 8.25, 14.3125 ], "texture": "#voxels_atlas" },
				"west": { "uv": [ 4.5, 8.375, 4.875, 8.625 ], "texture": "#voxels_atlas" },
				"east": { "uv": [ 8.25, 11.875, 7.875, 12.125 ], "texture": "#voxels_atlas" }
			}
		},
		{
			"__comment": "Voxels",
			"from": [ 10.875, 12.5, 9.375 ],
			"to": [ 11.125, 12.625, 9.5 ],
			"faces": {
				"down": { "uv": [ 12.875, 9.8125, 13, 9.875 ], "texture": "#voxels_atlas" },
				"up": { "uv": [ 12.875, 9.8125, 13, 9.75 ], "texture": "#voxels_atlas" },
				"north": { "uv": [ 13, 9.6875, 12.875, 9.75 ], "texture": "#voxels_atlas" },
				"south": { "uv": [ 12.875, 9.625, 13, 9.6875 ], "texture": "#voxels_atlas" },
				"west": { "uv": [ 14.125, 10.125, 14.1875, 10.1875 ], "texture": "#voxels_atlas" },
				"east": { "uv": [ 14.1875, 10.0625, 14.125, 10.125 ], "texture": "#voxels_atlas" }
			}
		},
		{
			"__comment": "Voxels",
			"from": [ 11, 11.625, 8.375 ],
			"to": [ 11.25, 12.375, 9.125 ],
			"faces": {
				"down": { "uv": [ 13, 9.5, 13.125, 9.875 ], "texture": "#voxels_atlas" },
				"up": { "uv": [ 13, 9.5, 13.125, 9.125 ], "texture": "#voxels_atlas" },
				"north": { "uv": [ 8.0625, 10.25, 7.9375, 10.625 ], "texture": "#voxels_atlas" },
				"south": { "uv": [ 8.0625, 10.25, 8.1875, 10.625 ], "texture": "#voxels_atlas" },
				"west": { "uv": [ 4.5, 8, 4.875, 8.375 ], "texture": "#voxels_atlas" },
				"east": { "uv": [ 4.875, 8.625, 4.5, 9 ], "texture": "#voxels_atlas" }
			}
		},
		{
			"__comment": "Voxels",
			"from": [ 11.25, 14.125, 9.25 ],
			"to": [ 15, 14.375, 9.375 ],
			"faces": {
				"down": { "uv": [ 11.875, 12.0625, 13.75, 12.125 ], "texture": "#voxels_atlas" },
				"up": { "uv": [ 13.8125, 12.375, 15.6875, 12.3125 ], "texture": "#voxels_atlas" },
				"north": { "uv": [ 14.3125, 12.875, 12.4375, 13 ], "texture": "#voxels_atlas" },
				"south": { "uv": [ 11.8125, 12.75, 13.6875, 12.875 ], "texture": "#voxels_atlas" },
				"west": { "uv": [ 12.9375, 8, 13, 8.125 ], "texture": "#voxels_atlas" },
				"east": { "uv": [ 13.125, 8.5, 13.0625, 8.625 ], "texture": "#voxels_atlas" }
			}
		},
		{
			"__comment": "Voxels",
			"from": [ 11.25, 14.125, 9.375 ],
			"to": [ 15, 14.25, 9.5 ],
			"faces": {
				"down": { "uv": [ 13.75, 12.0625, 15.625, 12.125 ], "texture": "#voxels_atlas" },
				"up": { "uv": [ 11.8125, 13.25, 13.6875, 13.1875 ], "texture": "#voxels_atlas" },
				"north": { "uv": [ 14.9375, 13, 13.0625, 13.0625 ], "texture": "#voxels_atlas" },
				"south": { "uv": [ 11.8125, 12.6875, 13.6875, 12.75 ], "texture": "#voxels_atlas" },
				"west": { "uv": [ 14.6875, 10.125, 14.75, 10.1875 ], "texture": "#voxels_atlas" },
				"east": { "uv": [ 14.75, 10.0625, 14.6875, 10.125 ], "texture": "#voxels_atlas" }
			}
		},
		{
			"__comment": "Voxels",
			"from": [ 11.25, 14.25, 9.125 ],
			"to": [ 15, 14.5, 9.25 ],
			"faces": {
				"down": { "uv": [ 13.8125, 12.25, 15.6875, 12.3125 ], "texture": "#voxels_atlas" },
				"up": { "uv": [ 11.875, 12.0625, 13.75, 12 ], "texture": "#voxels_atlas" },
				"north": { "uv": [ 12.4375, 12.5625, 10.5625, 12.6875 ], "texture": "#voxels_atlas" },
				"south": { "uv": [ 11.8125, 13.25, 13.6875, 13.375 ], "texture": "#voxels_atlas" },
				"west": { "uv": [ 13.375, 8.5625, 13.4375, 8.6875 ], "texture": "#voxels_atlas" },
				"east": { "uv": [ 13.5, 8.5625, 13.4375, 8.6875 ], "texture": "#voxels_atlas" }
			}
		},
		{
			"__comment": "Voxels",
			"from": [ 11.25, 14.375, 8.75 ],
			"to": [ 15, 14.625, 9.125 ],
			"faces": {
				"down": { "uv": [ 13.125, 15.0625, 15, 15.25 ], "texture": "#voxels_atlas" },
				"up": { "uv": [ 13.125, 15.0625, 15, 14.875 ], "texture": "#voxels_atlas" },
				"north": { "uv": [ 14.9375, 13.0625, 13.0625, 13.1875 ], "texture": "#voxels_atlas" },
				"south": { "uv": [ 10.5625, 12.875, 12.4375, 13 ], "texture": "#voxels_atlas" },
				"west": { "uv": [ 10.3125, 9.4375, 10.5, 9.5625 ], "texture": "#voxels_atlas" },
				"east": { "uv": [ 10.5, 9.625, 10.3125, 9.75 ], "texture": "#voxels_atlas" }
			}
		},
		{
			"__comment": "Voxels",
			"from": [ 11.75, 12.625, 8.125 ],
			"to": [ 11.875, 12.75, 9.375 ],
			"faces": {
				"down": { "uv": [ 8.1875, 9.125, 8.25, 9.75 ], "texture": "#voxels_atlas" },
				"up": { "uv": [ 13, 9.125, 13.0625, 8.5 ], "texture": "#voxels_atlas" },
				"north": { "uv": [ 15.25, 10.125, 15.1875, 10.1875 ], "texture": "#voxels_atlas" },
				"south": { "uv": [ 15.1875, 10.0625, 15.25, 10.125 ], "texture": "#voxels_atlas" },
				"west": { "uv": [ 15, 10.3125, 15.625, 10.375 ], "texture": "#voxels_atlas" },
				"east": { "uv": [ 15, 10.4375, 14.375, 10.5 ], "texture": "#voxels_atlas" }
			}
		},
		{
			"__comment": "Voxels",
			"from": [ 11.875, 12.625, 8.25 ],
			"to": [ 14.25, 13.375, 9.25 ],
			"faces": {
				"down": { "uv": [ 8.25, 11.125, 9.4375, 11.625 ], "texture": "#voxels_atlas" },
				"up": { "uv": [ 8.25, 12.125, 9.4375, 11.625 ], "texture": "#voxels_atlas" },
				"north": { "uv": [ 9.4375, 10.375, 8.25, 10.75 ], "texture": "#voxels_atlas" },
				"south": { "uv": [ 4.875, 8, 6.0625, 8.375 ], "texture": "#voxels_atlas" },
				"west": { "uv": [ 7.375, 13, 7.875, 13.375 ], "texture": "#voxels_atlas" },
				"east": { "uv": [ 7.875, 12.375, 7.375, 12.75 ], "texture": "#voxels_atlas" }
			}
		},
		{
			"__comment": "Voxels",
			"from": [ 11.875, 13, 8 ],
			"to": [ 12, 13.375, 8.25 ],
			"faces": {
				"down": { "uv": [ 13.125, 8, 13.1875, 8.125 ], "texture": "#voxels_atlas" },
				"up": { "uv": [ 13.1875, 8.125, 13.25, 8 ], "texture": "#voxels_atlas" },
				"north": { "uv": [ 13.8125, 8.375, 13.75, 8.5625 ], "texture": "#voxels_atlas" },
				"south": { "uv": [ 13.75, 8.5625, 13.8125, 8.75 ], "texture": "#voxels_atlas" },
				"west": { "uv": [ 15.875, 14.3125, 16, 14.5 ], "texture": "#voxels_atlas" },
				"east": { "uv": [ 8.25, 8.6875, 8.125, 8.875 ], "texture": "#voxels_atlas" }
			}
		},
		{
			"__comment": "Voxels",
			"from": [ 11.875, 13, 9.25 ],
			"to": [ 14.875, 13.375, 9.375 ],
			"faces": {
				"down": { "uv": [ 11.875, 11.5, 13.375, 11.5625 ], "texture": "#voxels_atlas" },
				"up": { "uv": [ 13.375, 11.5625, 14.875, 11.5 ], "texture": "#voxels_atlas" },
				"north": { "uv": [ 15.875, 14.3125, 14.375, 14.5 ], "texture": "#voxels_atlas" },
				"south": { "uv": [ 12.875, 14.3125, 14.375, 14.5 ], "texture": "#voxels_atlas" },
				"west": { "uv": [ 13.8125, 9.8125, 13.875, 10 ], "texture": "#voxels_atlas" },
				"east": { "uv": [ 13.875, 10, 13.8125, 10.1875 ], "texture": "#voxels_atlas" }
			}
		},
		{
			"__comment": "Voxels",
			"from": [ 11.875, 13, 9.375 ],
			"to": [ 12, 13.375, 9.5 ],
			"faces": {
				"down": { "uv": [ 15.875, 10.125, 15.9375, 10.1875 ], "texture": "#voxels_atlas" },
				"up": { "uv": [ 15.9375, 10.1875, 16, 10.125 ], "texture": "#voxels_atlas" },
				"north": { "uv": [ 13.8125, 8, 13.75, 8.1875 ], "texture": "#voxels_atlas" },
				"south": { "uv": [ 13.75, 8.1875, 13.8125, 8.375 ], "texture": "#voxels_atlas" },
				"west": { "uv": [ 13.6875, 8, 13.75, 8.1875 ], "texture": "#voxels_atlas" },
				"east": { "uv": [ 11.875, 9.5625, 11.8125, 9.75 ], "texture": "#voxels_atlas" }
			}
		},
		{
			"__comment": "Voxels",
			"from": [ 12, 13, 8.125 ],
			"to": [ 14.875, 13.375, 8.25 ],
			"faces": {
				"down": { "uv": [ 13.3125, 11.375, 14.75, 11.4375 ], "texture": "#voxels_atlas" },
				"up": { "uv": [ 11.875, 11.375, 13.3125, 11.3125 ], "texture": "#voxels_atlas" },
				"north": { "uv": [ 15.75, 14.125, 14.3125, 14.3125 ], "texture": "#voxels_atlas" },
				"south": { "uv": [ 12.875, 14.125, 14.3125, 14.3125 ], "texture": "#voxels_atlas" },
				"west": { "uv": [ 13.8125, 9.0625, 13.875, 9.25 ], "texture": "#voxels_atlas" },
				"east": { "uv": [ 13.875, 9.25, 13.8125, 9.4375 ], "texture": "#voxels_atlas" }
			}
		},
		{
			"__comment": "Voxels",
			"from": [ 12, 13.125, 8 ],
			"to": [ 14.875, 13.375, 8.125 ],
			"faces": {
				"down": { "uv": [ 11.875, 11.25, 13.3125, 11.3125 ], "texture": "#voxels_atlas" },
				"up": { "uv": [ 11.875, 11.5, 13.3125, 11.4375 ], "texture": "#voxels_atlas" },
				"north": { "uv": [ 15.75, 12.875, 14.3125, 13 ], "texture": "#voxels_atlas" },
				"south": { "uv": [ 12, 12.125, 13.4375, 12.25 ], "texture": "#voxels_atlas" },
				"west": { "uv": [ 13.25, 8, 13.3125, 8.125 ], "texture": "#voxels_atlas" },
				"east": { "uv": [ 13.375, 8, 13.3125, 8.125 ], "texture": "#voxels_atlas" }
			}
		},
		{
			"__comment": "Voxels",
			"from": [ 12, 13.125, 9.375 ],
			"to": [ 14.875, 13.375, 9.5 ],
			"faces": {
				"down": { "uv": [ 13.3125, 11.25, 14.75, 11.3125 ], "texture": "#voxels_atlas" },
				"up": { "uv": [ 13.3125, 11.375, 14.75, 11.3125 ], "texture": "#voxels_atlas" },
				"north": { "uv": [ 14.875, 12.125, 13.4375, 12.25 ], "texture": "#voxels_atlas" },
				"south": { "uv": [ 10.5625, 12.125, 12, 12.25 ], "texture": "#voxels_atlas" },
				"west": { "uv": [ 13.8125, 8.0625, 13.875, 8.1875 ], "texture": "#voxels_atlas" },
				"east": { "uv": [ 13.9375, 10.0625, 13.875, 10.1875 ], "texture": "#voxels_atlas" }
			}
		},
		{
			"__comment": "Voxels",
			"from": [ 12.125, 12.5, 8.125 ],
			"to": [ 12.375, 12.625, 9.375 ],
			"faces": {
				"down": { "uv": [ 8.125, 10.875, 8.25, 11.5 ], "texture": "#voxels_atlas" },
				"up": { "uv": [ 8, 11.5, 8.125, 10.875 ], "texture": "#voxels_atlas" },
				"north": { "uv": [ 13, 9.5625, 12.875, 9.625 ], "texture": "#voxels_atlas" },
				"south": { "uv": [ 12.875, 9.5, 13, 9.5625 ], "texture": "#voxels_atlas" },
				"west": { "uv": [ 15, 10.25, 15.625, 10.3125 ], "texture": "#voxels_atlas" },
				"east": { "uv": [ 14.375, 10.3125, 13.75, 10.375 ], "texture": "#voxels_atlas" }
			}
		},
		{
			"__comment": "Voxels",
			"from": [ 12.625, 12.5, 8.125 ],
			"to": [ 12.875, 12.625, 9.375 ],
			"faces": {
				"down": { "uv": [ 7.875, 10.875, 8, 11.5 ], "texture": "#voxels_atlas" },
				"up": { "uv": [ 3.125, 8.75, 3.25, 8.125 ], "texture": "#voxels_atlas" },
				"north": { "uv": [ 13, 9.4375, 12.875, 9.5 ], "texture": "#voxels_atlas" },
				"south": { "uv": [ 12.875, 9.375, 13, 9.4375 ], "texture": "#voxels_atlas" },
				"west": { "uv": [ 15, 10.5625, 15.625, 10.625 ], "texture": "#voxels_atlas" },
				"east": { "uv": [ 16, 11.8125, 15.375, 11.875 ], "texture": "#voxels_atlas" }
			}
		},
		{
			"__comment": "Voxels",
			"from": [ 13.125, 12.5, 8.125 ],
			"to": [ 13.375, 12.625, 9.375 ],
			"faces": {
				"down": { "uv": [ 4.75, 11.75, 4.875, 12.375 ], "texture": "#voxels_atlas" },
				"up": { "uv": [ 4.75, 11.75, 4.875, 11.125 ], "texture": "#voxels_atlas" },
				"north": { "uv": [ 13, 9.3125, 12.875, 9.375 ], "texture": "#voxels_atlas" },
				"south": { "uv": [ 12.875, 9.25, 13, 9.3125 ], "texture": "#voxels_atlas" },
				"west": { "uv": [ 13.75, 10.5625, 14.375, 10.625 ], "texture": "#voxels_atlas" },
				"east": { "uv": [ 13.75, 10.5625, 13.125, 10.625 ], "texture": "#voxels_atlas" }
			}
		},
		{
			"__comment": "Voxels",
			"from": [ 13.625, 12.5, 8.125 ],
			"to": [ 13.875, 12.625, 9.375 ],
			"faces": {
				"down": { "uv": [ 4.75, 10.375, 4.875, 11 ], "texture": "#voxels_atlas" },
				"up": { "uv": [ 4.75, 13, 4.875, 12.375 ], "texture": "#voxels_atlas" },
				"north": { "uv": [ 13, 9.1875, 12.875, 9.25 ], "texture": "#voxels_atlas" },
				"south": { "uv": [ 12.875, 9.125, 13, 9.1875 ], "texture": "#voxels_atlas" },
				"west": { "uv": [ 15.375, 11.875, 16, 11.9375 ], "texture": "#voxels_atlas" },
				"east": { "uv": [ 16, 11.9375, 15.375, 12 ], "texture": "#voxels_atlas" }
			}
		},
		{
			"__comment": "Voxels",
			"from": [ 14.125, 12.5, 8.125 ],
			"to": [ 14.25, 12.625, 9.375 ],
			"faces": {
				"down": { "uv": [ 6, 9, 6.0625, 9.625 ], "texture": "#voxels_atlas" },
				"up": { "uv": [ 6, 9, 6.0625, 8.375 ], "texture": "#voxels_atlas" },
				"north": { "uv": [ 14.8125, 10, 14.75, 10.0625 ], "texture": "#voxels_atlas" },
				"south": { "uv": [ 14.8125, 10, 14.875, 10.0625 ], "texture": "#voxels_atlas" },
				"west": { "uv": [ 13.125, 10.1875, 13.75, 10.25 ], "texture": "#voxels_atlas" },
				"east": { "uv": [ 15, 10.3125, 14.375, 10.375 ], "texture": "#voxels_atlas" }
			}
		},
		{
			"__comment": "Voxels",
			"from": [ 14.125, 14.625, 8.5 ],
			"to": [ 14.625, 14.75, 9 ],
			"faces": {
				"down": { "uv": [ 7.9375, 10.625, 8.1875, 10.875 ], "texture": "#voxels_atlas" },
				"up": { "uv": [ 8, 14, 8.25, 13.75 ], "texture": "#voxels_atlas" },
				"north": { "uv": [ 11.875, 10.75, 11.625, 10.8125 ], "texture": "#voxels_atlas" },
				"south": { "uv": [ 8, 13.375, 8.25, 13.4375 ], "texture": "#voxels_atlas" },
				"west": { "uv": [ 10.3125, 9.3125, 10.5625, 9.375 ], "texture": "#voxels_atlas" },
				"east": { "uv": [ 16, 12.875, 15.75, 12.9375 ], "texture": "#voxels_atlas" }
			}
		},
		{
			"__comment": "Voxels",
			"from": [ 14.25, 12.75, 8.25 ],
			"to": [ 14.375, 13.375, 9.25 ],
			"faces": {
				"down": { "uv": [ 13.3125, 8.5625, 13.375, 9.0625 ], "texture": "#voxels_atlas" },
				"up": { "uv": [ 13.25, 9.0625, 13.3125, 8.5625 ], "texture": "#voxels_atlas" },
				"north": { "uv": [ 13.5, 8.125, 13.4375, 8.4375 ], "texture": "#voxels_atlas" },
				"south": { "uv": [ 13.375, 8.125, 13.4375, 8.4375 ], "texture": "#voxels_atlas" },
				"west": { "uv": [ 7.375, 11.5, 7.875, 11.8125 ], "texture": "#voxels_atlas" },
				"east": { "uv": [ 8, 9.9375, 7.5, 10.25 ], "texture": "#voxels_atlas" }
			}
		},
		{
			"__comment": "Voxels",
			"from": [ 14.25, 14.75, 8.5 ],
			"to": [ 14.625, 14.875, 8.625 ],
			"faces": {
				"down": { "uv": [ 15.8125, 12.0625, 16, 12.125 ], "texture": "#voxels_atlas" },
				"up": { "uv": [ 15.625, 12.125, 15.8125, 12.0625 ], "texture": "#voxels_atlas" },
				"north": { "uv": [ 11.875, 8.25, 11.6875, 8.3125 ], "texture": "#voxels_atlas" },
				"south": { "uv": [ 11.6875, 8.3125, 11.875, 8.375 ], "texture": "#voxels_atlas" },
				"west": { "uv": [ 13.9375, 9.9375, 14, 10 ], "texture": "#voxels_atlas" },
				"east": { "uv": [ 14, 9.875, 13.9375, 9.9375 ], "texture": "#voxels_atlas" }
			}
		},
		{
			"__comment": "Voxels",
			"from": [ 14.25, 14.75, 8.875 ],
			"to": [ 14.625, 14.875, 9 ],
			"faces": {
				"down": { "uv": [ 11.6875, 8.375, 11.875, 8.4375 ], "texture": "#voxels_atlas" },
				"up": { "uv": [ 11.5625, 9.8125, 11.75, 9.75 ], "texture": "#voxels_atlas" },
				"north": { "uv": [ 14.5625, 10.1875, 14.375, 10.25 ], "texture": "#voxels_atlas" },
				"south": { "uv": [ 14.1875, 10.1875, 14.375, 10.25 ], "texture": "#voxels_atlas" },
				"west": { "uv": [ 13.9375, 9.5625, 14, 9.625 ], "texture": "#voxels_atlas" },
				"east": { "uv": [ 14, 9.5, 13.9375, 9.5625 ], "texture": "#voxels_atlas" }
			}
		},
		{
			"__comment": "Voxels",
			"from": [ 14.25, 14.875, 8.5 ],
			"to": [ 14.5, 15, 8.625 ],
			"faces": {
				"down": { "uv": [ 12.875, 9.0625, 13, 9.125 ], "texture": "#voxels_atlas" },
				"up": { "uv": [ 12.875, 9.0625, 13, 9 ], "texture": "#voxels_atlas" },
				"north": { "uv": [ 13, 8.9375, 12.875, 9 ], "texture": "#voxels_atlas" },
				"south": { "uv": [ 12.875, 8.875, 13, 8.9375 ], "texture": "#voxels_atlas" },
				"west": { "uv": [ 13.9375, 9.1875, 14, 9.25 ], "texture": "#voxels_atlas" },
				"east": { "uv": [ 14, 9.125, 13.9375, 9.1875 ], "texture": "#voxels_atlas" }
			}
		},
		{
			"__comment": "Voxels",
			"from": [ 14.25, 14.875, 8.875 ],
			"to": [ 14.5, 15, 9 ],
			"faces": {
				"down": { "uv": [ 8.125, 14.3125, 8.25, 14.375 ], "texture": "#voxels_atlas" },
				"up": { "uv": [ 8.125, 14.0625, 8.25, 14 ], "texture": "#voxels_atlas" },
				"north": { "uv": [ 9.5625, 8.6875, 9.4375, 8.75 ], "texture": "#voxels_atlas" },
				"south": { "uv": [ 9.4375, 8.375, 9.5625, 8.4375 ], "texture": "#voxels_atlas" },
				"west": { "uv": [ 13.9375, 8.8125, 14, 8.875 ], "texture": "#voxels_atlas" },
				"east": { "uv": [ 14, 8.75, 13.9375, 8.8125 ], "texture": "#voxels_atlas" }
			}
		},
		{
			"__comment": "Voxels",
			"from": [ 14.375, 13, 8.25 ],
			"to": [ 14.875, 13.375, 9.25 ],
			"faces": {
				"down": { "uv": [ 7.875, 12.875, 8.125, 13.375 ], "texture": "#voxels_atlas" },
				"up": { "uv": [ 7.875, 12.75, 8.125, 12.25 ], "texture": "#voxels_atlas" },
				"north": { "uv": [ 8.25, 8.9375, 8, 9.125 ], "texture": "#voxels_atlas" },
				"south": { "uv": [ 7.875, 8.6875, 8.125, 8.875 ], "texture": "#voxels_atlas" },
				"west": { "uv": [ 11.0625, 10.125, 11.5625, 10.3125 ], "texture": "#voxels_atlas" },
				"east": { "uv": [ 8, 9.75, 7.5, 9.9375 ], "texture": "#voxels_atlas" }
			}
		},
		{
			"__comment": "Voxels",
			"from": [ 14.875, 13.25, 8 ],
			"to": [ 15, 13.375, 9.5 ],
			"faces": {
				"down": { "uv": [ 4.8125, 13.75, 4.875, 14.5 ], "texture": "#voxels_atlas" },
				"up": { "uv": [ 4.8125, 13.75, 4.875, 13 ], "texture": "#voxels_atlas" },
				"north": { "uv": [ 14, 8.1875, 13.9375, 8.25 ], "texture": "#voxels_atlas" },
				"south": { "uv": [ 13.9375, 8.125, 14, 8.1875 ], "texture": "#voxels_atlas" },
				"west": { "uv": [ 15.125, 11.625, 15.875, 11.6875 ], "texture": "#voxels_atlas" },
				"east": { "uv": [ 15.75, 10.6875, 15, 10.75 ], "texture": "#voxels_atlas" }
			}
		}
	],
	"display": {
		"thirdperson_righthand": {
			"rotation":  [ 0, 90, 0 ],
			"translation":  [ -0.695, -3, 1.3913 ],
			"scale":  [ 0.7, 0.7, 0.7 ]
		},
		"thirdperson_lefthand": {
			"rotation":  [ 0, -90, 0 ],
			"translation":  [ 0.0006, -3, 1.3913 ],
			"scale":  [ 0.7, 0.7, 0.7 ]
		},
		"firstperson_righthand": {
			"rotation":  [ 0, 90, 0 ],
			"translation":  [ -0.695, -2, -1.391 ],
			"scale":  [ 0.7, 0.7, 0.7 ]
		},
		"firstperson_lefthand": {
			"rotation":  [ 0, -90, 0 ],
			"translation":  [ 0.0006, -2, -1.391 ],
			"scale":  [ 0.7, 0.7, 0.7 ]
		},
		"gui": {
			"rotation":  [ 14, 0, 17 ],
			"translation":  [ 0, -4.868, 0 ],
			"scale":  [ 1.2, 1.2, 1.2 ]
		},
		"ground": {
			"translation":  [ -1.391, -2.086, -0.695 ],
			"scale":  [ 0.7, 0.7, 0.7 ]
		},
		"fixed": {
			"rotation":  [ 0, 0, 45 ],
			"translation":  [ 2.0869, -2.782, 0 ],
			"scale":  [ 0.7, 0.7, 0.7 ]
		}
	}
}