{"file_name":"body","texture_size":[34,34],"textures":{"e22c671b-24dc-9f2d-e80e-a24df9579a3b":"modelengine:entity/darklurker"},"elements":[{"name":"cube","from":[3.330019,9.35,4.3999996],"to":[12.330019,14.900001,11.3],"rotation":{"angle":0.0,"axis":"x","origin":[15.180018,-11.800001,6.8]},"faces":{"down":{"uv":[6.1714287,9.714286,4.514286,11.028572],"rotation":0,"texture":"#e22c671b-24dc-9f2d-e80e-a24df9579a3b","tintindex":0},"east":{"uv":[10.057143,8.8,11.351261,9.858824],"rotation":0,"texture":"#e22c671b-24dc-9f2d-e80e-a24df9579a3b","tintindex":0},"north":{"uv":[6.1714287,9.714286,7.8857145,10.8],"rotation":0,"texture":"#e22c671b-24dc-9f2d-e80e-a24df9579a3b","tintindex":0},"south":{"uv":[4.514286,9.714286,6.1714287,11.028572],"rotation":0,"texture":"#e22c671b-24dc-9f2d-e80e-a24df9579a3b","tintindex":0},"up":{"uv":[4.514286,11.028572,2.7428572,9.714286],"rotation":0,"texture":"#e22c671b-24dc-9f2d-e80e-a24df9579a3b","tintindex":0},"west":{"uv":[10.057143,7.657143,11.351261,8.715966],"rotation":0,"texture":"#e22c671b-24dc-9f2d-e80e-a24df9579a3b","tintindex":0}}},{"name":"cube","from":[4.980019,6.6499996,4.85],"to":[10.980019,12.5,10.85],"rotation":{"angle":0.0,"axis":"x","origin":[15.180018,-11.800001,6.8]},"faces":{"down":{"uv":[7.470588,11.176471,6.352941,12.3529415],"rotation":0,"texture":"#e22c671b-24dc-9f2d-e80e-a24df9579a3b","tintindex":0},"east":{"uv":[7.8857145,8.514286,8.971429,9.657144],"rotation":0,"texture":"#e22c671b-24dc-9f2d-e80e-a24df9579a3b","tintindex":0},"north":{"uv":[7.8857145,9.714286,8.971429,10.857142],"rotation":0,"texture":"#e22c671b-24dc-9f2d-e80e-a24df9579a3b","tintindex":0},"south":{"uv":[7.8857145,8.514286,8.971429,9.657144],"rotation":0,"texture":"#e22c671b-24dc-9f2d-e80e-a24df9579a3b","tintindex":0},"up":{"uv":[3.8285716,12.171429,2.7428572,11.085714],"rotation":0,"texture":"#e22c671b-24dc-9f2d-e80e-a24df9579a3b","tintindex":0},"west":{"uv":[7.8857145,8.514286,8.971429,9.657144],"rotation":0,"texture":"#e22c671b-24dc-9f2d-e80e-a24df9579a3b","tintindex":0}}}],"display":{"head":{"translation":[0.0,-6.4,0.0],"rotation":[0.0,0.0,0.0],"scale":[3.8095,3.8095,3.8095]},"gui":{"translation":[0.0,0.0,0.0],"rotation":[35.0,225.0,0.0],"scale":[0.625,0.625,0.625]}}}