{"file_name":"bone","texture_size":[34,34],"textures":{"e22c671b-24dc-9f2d-e80e-a24df9579a3b":"modelengine:entity/darklurker"},"elements":[{"name":"cube","from":[5.426359,-8.324668,5.4846716],"to":[10.826359,8.625333,11.034672],"rotation":{"angle":0.0,"axis":"x","origin":[8.12636,3.9003325,6.759671]},"faces":{"down":{"uv":[15.235294,2.8235295,14.117647,2.882353],"rotation":0,"texture":"#e22c671b-24dc-9f2d-e80e-a24df9579a3b","tintindex":0},"east":{"uv":[1.1428572,6.514286,2.2285714,9.657144],"rotation":0,"texture":"#e22c671b-24dc-9f2d-e80e-a24df9579a3b","tintindex":0},"north":{"uv":[0.0,6.514286,1.0857143,9.657144],"rotation":0,"texture":"#e22c671b-24dc-9f2d-e80e-a24df9579a3b","tintindex":0},"south":{"uv":[2.2857144,6.514286,3.3714285,9.657144],"rotation":0,"texture":"#e22c671b-24dc-9f2d-e80e-a24df9579a3b","tintindex":0},"up":{"uv":[15.117647,13.3529415,14.0,13.294118],"rotation":0,"texture":"#e22c671b-24dc-9f2d-e80e-a24df9579a3b","tintindex":0},"west":{"uv":[3.4285715,6.514286,4.514286,9.657144],"rotation":0,"texture":"#e22c671b-24dc-9f2d-e80e-a24df9579a3b","tintindex":0}}}],"display":{"head":{"translation":[0.0,-6.4,0.0],"rotation":[0.0,0.0,0.0],"scale":[3.8095,3.8095,3.8095]},"gui":{"translation":[0.0,0.0,0.0],"rotation":[35.0,225.0,0.0],"scale":[0.625,0.625,0.625]}}}