{"file_name":"bone2","texture_size":[34,34],"textures":{"e22c671b-24dc-9f2d-e80e-a24df9579a3b":"modelengine:entity/darklurker"},"elements":[{"name":"cube","from":[5.615016,-11.282176,5.4647107],"to":[10.115017,9.267824,9.96471],"rotation":{"angle":0.0,"axis":"x","origin":[1.2650161,-11.132176,6.664711]},"faces":{"down":{"uv":[1.7142857,6.514286,2.6857142,7.5428576],"rotation":0,"texture":"#e22c671b-24dc-9f2d-e80e-a24df9579a3b","tintindex":0},"east":{"uv":[0.0,9.714286,0.85714287,13.428572],"rotation":0,"texture":"#e22c671b-24dc-9f2d-e80e-a24df9579a3b","tintindex":0},"north":{"uv":[9.142858,6.514286,9.942857,10.228571],"rotation":0,"texture":"#e22c671b-24dc-9f2d-e80e-a24df9579a3b","tintindex":0},"south":{"uv":[9.142858,6.514286,9.942857,10.228571],"rotation":0,"texture":"#e22c671b-24dc-9f2d-e80e-a24df9579a3b","tintindex":0},"up":{"uv":[8.457143,10.857142,9.542857,11.942857],"rotation":0,"texture":"#e22c671b-24dc-9f2d-e80e-a24df9579a3b","tintindex":0},"west":{"uv":[0.0,9.714286,0.85714287,13.428572],"rotation":0,"texture":"#e22c671b-24dc-9f2d-e80e-a24df9579a3b","tintindex":0}}}],"display":{"head":{"translation":[0.0,-6.4,0.0],"rotation":[0.0,0.0,0.0],"scale":[3.8095,3.8095,3.8095]},"gui":{"translation":[0.0,0.0,0.0],"rotation":[35.0,225.0,0.0],"scale":[0.625,0.625,0.625]}}}