{"file_name":"brazo3","texture_size":[34,34],"textures":{"e22c671b-24dc-9f2d-e80e-a24df9579a3b":"modelengine:entity/darklurker"},"elements":[{"name":"cube","from":[6.030019,6.2,6.05],"to":[9.330019,9.65,9.8],"rotation":{"angle":0.0,"axis":"x","origin":[8.880019,-17.2,6.8]},"faces":{"down":{"uv":[12.342857,7.428571,13.028572,8.114285],"rotation":0,"texture":"#e22c671b-24dc-9f2d-e80e-a24df9579a3b","tintindex":0},"east":{"uv":[12.342857,8.114285,13.028572,8.8],"rotation":0,"texture":"#e22c671b-24dc-9f2d-e80e-a24df9579a3b","tintindex":0},"north":{"uv":[12.342857,8.114285,13.028572,8.8],"rotation":0,"texture":"#e22c671b-24dc-9f2d-e80e-a24df9579a3b","tintindex":0},"south":{"uv":[12.342857,8.114285,13.028572,8.8],"rotation":0,"texture":"#e22c671b-24dc-9f2d-e80e-a24df9579a3b","tintindex":0},"up":{"uv":[12.342857,8.114285,13.028572,8.8],"rotation":0,"texture":"#e22c671b-24dc-9f2d-e80e-a24df9579a3b","tintindex":0},"west":{"uv":[12.342857,8.114285,13.028572,8.8],"rotation":0,"texture":"#e22c671b-24dc-9f2d-e80e-a24df9579a3b","tintindex":0}}},{"name":"cube","from":[6.330019,0.7999997,6.8],"to":[8.880019,7.4,9.2],"rotation":{"angle":0.0,"axis":"x","origin":[7.3050194,4.9249997,8.0]},"faces":{"down":{"uv":[3.8857143,12.0,4.4,13.257143],"rotation":0,"texture":"#e22c671b-24dc-9f2d-e80e-a24df9579a3b","tintindex":0},"east":{"uv":[3.8857143,12.0,4.4,13.257143],"rotation":0,"texture":"#e22c671b-24dc-9f2d-e80e-a24df9579a3b","tintindex":0},"north":{"uv":[3.8857143,12.0,4.4,13.257143],"rotation":0,"texture":"#e22c671b-24dc-9f2d-e80e-a24df9579a3b","tintindex":0},"south":{"uv":[3.8857143,12.0,4.4,13.257143],"rotation":0,"texture":"#e22c671b-24dc-9f2d-e80e-a24df9579a3b","tintindex":0},"up":{"uv":[3.8857143,12.0,4.4,13.257143],"rotation":0,"texture":"#e22c671b-24dc-9f2d-e80e-a24df9579a3b","tintindex":0},"west":{"uv":[3.8857143,12.0,4.4,13.257143],"rotation":0,"texture":"#e22c671b-24dc-9f2d-e80e-a24df9579a3b","tintindex":0}}}],"display":{"head":{"translation":[0.0,-6.4,0.0],"rotation":[0.0,0.0,0.0],"scale":[3.8095,3.8095,3.8095]},"gui":{"translation":[0.0,0.0,0.0],"rotation":[35.0,225.0,0.0],"scale":[0.625,0.625,0.625]}}}