{"file_name":"wing1","texture_size":[34,34],"textures":{"e22c671b-24dc-9f2d-e80e-a24df9579a3b":"modelengine:entity/darklurker"},"elements":[{"name":"cube","from":[-0.7000027,-2.1100006,7.8271637],"to":[32.0,31.79,7.8871636],"rotation":{"angle":0.0,"axis":"x","origin":[1.3999968,5.3514643,9.627164]},"faces":{"down":{"uv":[3.2058823,0.0,0.0,0.0],"rotation":0,"texture":"#e22c671b-24dc-9f2d-e80e-a24df9579a3b","tintindex":0},"east":{"uv":[0.0,0.0,0.0,3.3235295],"rotation":0,"texture":"#e22c671b-24dc-9f2d-e80e-a24df9579a3b","tintindex":0},"north":{"uv":[0.0,0.0,6.2285714,6.1142855],"rotation":0,"texture":"#e22c671b-24dc-9f2d-e80e-a24df9579a3b","tintindex":0},"south":{"uv":[6.285714,0.0,12.514278,6.1142855],"rotation":0,"texture":"#e22c671b-24dc-9f2d-e80e-a24df9579a3b","tintindex":0},"up":{"uv":[3.2058823,0.0,0.0,0.0],"rotation":0,"texture":"#e22c671b-24dc-9f2d-e80e-a24df9579a3b","tintindex":0},"west":{"uv":[0.0,0.0,0.0,3.3235295],"rotation":0,"texture":"#e22c671b-24dc-9f2d-e80e-a24df9579a3b","tintindex":0}}}],"display":{"head":{"translation":[33.06557,-6.4,0.0],"rotation":[0.0,0.0,0.0],"scale":[3.8095,3.8095,3.8095]},"gui":{"translation":[0.0,0.0,0.0],"rotation":[35.0,225.0,0.0],"scale":[0.625,0.625,0.625]}}}