{"file_name":"bone","texture_size":[16,16],"textures":{"c5b77dfc-1d2f-de40-ee32-697775446d10":"modelengine:entity/darklurkerdarkball"},"elements":[{"name":"cube","from":[-4.0000005,-4.0000005,7.97],"to":[20.0,20.0,8.030001],"rotation":{"angle":0.0,"axis":"x","origin":[8.0,8.0,8.0]},"faces":{"down":{"uv":[0.0,0.0,16.0,0.1],"rotation":0,"texture":"#c5b77dfc-1d2f-de40-ee32-697775446d10","tintindex":0},"east":{"uv":[0.0,0.0,0.1,16.0],"rotation":0,"texture":"#c5b77dfc-1d2f-de40-ee32-697775446d10","tintindex":0},"north":{"uv":[0.28268552,0.50883394,15.60424,15.717315],"rotation":0,"texture":"#c5b77dfc-1d2f-de40-ee32-697775446d10","tintindex":0},"south":{"uv":[0.22614841,0.50883394,15.660777,15.60424],"rotation":0,"texture":"#c5b77dfc-1d2f-de40-ee32-697775446d10","tintindex":0},"up":{"uv":[0.0,0.0,16.0,0.1],"rotation":0,"texture":"#c5b77dfc-1d2f-de40-ee32-697775446d10","tintindex":0},"west":{"uv":[0.0,0.0,0.1,16.0],"rotation":0,"texture":"#c5b77dfc-1d2f-de40-ee32-697775446d10","tintindex":0}}}],"display":{"head":{"translation":[0.0,-6.4,0.0],"rotation":[0.0,0.0,0.0],"scale":[3.8095,3.8095,3.8095]},"gui":{"translation":[0.0,0.0,0.0],"rotation":[35.0,225.0,0.0],"scale":[0.625,0.625,0.625]}}}