{
	"credit": "Made with Blockbench",
	"texture_size": [32, 32],
	"textures": {
		"0": "obi_wan_beard",
		"particle": "obi_wan_beard"
	},
	"elements": [
		{
			"from": [2.83941, 2.21998, 0.5],
			"to": [9.83941, 4.21998, 1.5],
			"rotation": {"angle": -22.5, "axis": "z", "origin": [0.83941, 3.21998, 0]},
			"faces": {
				"north": {"uv": [0, 0, 3.5, 1], "texture": "#0"},
				"east": {"uv": [9.5, 5, 10, 6], "texture": "#0"},
				"south": {"uv": [0, 1, 3.5, 2], "texture": "#0"},
				"west": {"uv": [6, 10, 6.5, 11], "texture": "#0"},
				"up": {"uv": [9.5, 5.5, 6, 5], "texture": "#0"},
				"down": {"uv": [9.5, 5.5, 6, 6], "texture": "#0"}
			}
		},
		{
			"from": [0.55448, 0.78073, 0.5],
			"to": [4.30448, 3.53073, 1.5],
			"rotation": {"angle": 0, "axis": "z", "origin": [3.30448, 10.53073, 0]},
			"faces": {
				"north": {"uv": [2, 4.5, 3.875, 5.875], "texture": "#0"},
				"east": {"uv": [4, 9.5, 4.5, 10.875], "texture": "#0"},
				"south": {"uv": [4, 4.5, 5.875, 5.875], "texture": "#0"},
				"west": {"uv": [4.5, 9.5, 5, 10.875], "texture": "#0"},
				"up": {"uv": [10.875, 1, 9, 0.5], "texture": "#0"},
				"down": {"uv": [10.875, 1, 9, 1.5], "texture": "#0"}
			}
		},
		{
			"from": [0.55448, 0.78073, 1.5],
			"to": [1.55448, 2.53073, 2.5],
			"rotation": {"angle": 0, "axis": "z", "origin": [3.30448, 10.53073, 0]},
			"faces": {
				"north": {"uv": [0, 10.5, 0.5, 11.375], "texture": "#0"},
				"east": {"uv": [0.5, 10.5, 1, 11.375], "texture": "#0"},
				"south": {"uv": [1, 10.5, 1.5, 11.375], "texture": "#0"},
				"west": {"uv": [1.5, 10.5, 2, 11.375], "texture": "#0"},
				"up": {"uv": [3.5, 4.5, 3, 4], "texture": "#0"},
				"down": {"uv": [6, 4, 5.5, 4.5], "texture": "#0"}
			}
		},
		{
			"from": [0.55448, 4.3216, 0.80112],
			"to": [1.55448, 6.0716, 3.55112],
			"rotation": {"angle": -22.5, "axis": "x", "origin": [3.30448, 6.8216, 10.55112]},
			"faces": {
				"north": {"uv": [2, 10.5, 2.5, 11.375], "texture": "#0"},
				"east": {"uv": [1, 7, 2.375, 7.875], "texture": "#0"},
				"south": {"uv": [10.5, 2, 11, 2.875], "texture": "#0"},
				"west": {"uv": [7.5, 0, 8.875, 0.875], "texture": "#0"},
				"up": {"uv": [5.5, 10.875, 5, 9.5], "texture": "#0"},
				"down": {"uv": [8.5, 9.5, 8, 10.875], "texture": "#0"}
			}
		},
		{
			"from": [0.55448, 1.6999, 4.37097],
			"to": [1.55448, 3.4499, 9.12097],
			"rotation": {"angle": 0, "axis": "x", "origin": [3.30448, 4.1999, 14.12097]},
			"faces": {
				"north": {"uv": [2.5, 10.5, 3, 11.375], "texture": "#0"},
				"east": {"uv": [5.5, 3, 7.875, 3.875], "texture": "#0"},
				"south": {"uv": [3, 10.5, 3.5, 11.375], "texture": "#0"},
				"west": {"uv": [0, 6, 2.375, 6.875], "texture": "#0"},
				"up": {"uv": [6.5, 9.875, 6, 7.5], "texture": "#0"},
				"down": {"uv": [7, 7.5, 6.5, 9.875], "texture": "#0"}
			}
		},
		{
			"from": [0.55448, 5.24076, 7.42209],
			"to": [1.55448, 6.99076, 9.17209],
			"rotation": {"angle": -22.5, "axis": "x", "origin": [3.30448, 7.74076, 17.17209]},
			"faces": {
				"north": {"uv": [10.5, 4, 11, 4.875], "texture": "#0"},
				"east": {"uv": [4.5, 8.5, 5.375, 9.375], "texture": "#0"},
				"south": {"uv": [10.5, 5, 11, 5.875], "texture": "#0"},
				"west": {"uv": [8.5, 9, 9.375, 9.875], "texture": "#0"},
				"up": {"uv": [11, 7.875, 10.5, 7], "texture": "#0"},
				"down": {"uv": [11, 8, 10.5, 8.875], "texture": "#0"}
			}
		},
		{
			"from": [0.55448, 2.3696, 8.98776],
			"to": [1.55448, 7.1196, 10.73776],
			"rotation": {"angle": 0, "axis": "x", "origin": [3.30448, -2.6304, 11.48776]},
			"faces": {
				"north": {"uv": [7, 7.5, 7.5, 9.875], "texture": "#0"},
				"east": {"uv": [2.5, 6, 3.375, 8.375], "texture": "#0"},
				"south": {"uv": [7.5, 7.5, 8, 9.875], "texture": "#0"},
				"west": {"uv": [3.5, 6, 4.375, 8.375], "texture": "#0"},
				"up": {"uv": [11, 9.875, 10.5, 9], "texture": "#0"},
				"down": {"uv": [10, 10.5, 9.5, 11.375], "texture": "#0"}
			}
		},
		{
			"from": [2.00208, 6.05101, 0.5],
			"to": [6.00208, 7.05101, 1.5],
			"rotation": {"angle": 22.5, "axis": "z", "origin": [11.00208, 6.05101, 0]},
			"faces": {
				"north": {"uv": [0, 5.5, 2, 6], "texture": "#0"},
				"east": {"uv": [9.5, 2, 10, 2.5], "texture": "#0"},
				"south": {"uv": [7.5, 2, 9.5, 2.5], "texture": "#0"},
				"west": {"uv": [10.5, 3, 11, 3.5], "texture": "#0"},
				"up": {"uv": [10, 3.5, 8, 3], "texture": "#0"},
				"down": {"uv": [10, 3.5, 8, 4], "texture": "#0"}
			}
		},
		{
			"from": [6.16059, 2.21998, 0.5],
			"to": [13.16059, 4.21998, 1.5],
			"rotation": {"angle": 22.5, "axis": "z", "origin": [15.16059, 3.21998, 0]},
			"faces": {
				"north": {"uv": [0, 2, 3.5, 3], "texture": "#0"},
				"east": {"uv": [6.5, 10, 7, 11], "texture": "#0"},
				"south": {"uv": [0, 3, 3.5, 4], "texture": "#0"},
				"west": {"uv": [7, 10, 7.5, 11], "texture": "#0"},
				"up": {"uv": [10, 3, 6.5, 2.5], "texture": "#0"},
				"down": {"uv": [8, 7, 4.5, 7.5], "texture": "#0"}
			}
		},
		{
			"from": [9.99792, 6.05101, 0.5],
			"to": [13.99792, 7.05101, 1.5],
			"rotation": {"angle": -22.5, "axis": "z", "origin": [4.99792, 6.05101, 0]},
			"faces": {
				"north": {"uv": [2.5, 8.5, 4.5, 9], "texture": "#0"},
				"east": {"uv": [10.5, 6, 11, 6.5], "texture": "#0"},
				"south": {"uv": [8.5, 4, 10.5, 4.5], "texture": "#0"},
				"west": {"uv": [5, 11, 5.5, 11.5], "texture": "#0"},
				"up": {"uv": [10.5, 5, 8.5, 4.5], "texture": "#0"},
				"down": {"uv": [10.5, 7, 8.5, 7.5], "texture": "#0"}
			}
		},
		{
			"from": [11.69552, 0.53073, 0.5],
			"to": [15.44552, 3.53073, 1.5],
			"rotation": {"angle": 0, "axis": "z", "origin": [12.69552, 10.53073, 0]},
			"faces": {
				"north": {"uv": [3.5, 3, 5.375, 4.5], "texture": "#0"},
				"east": {"uv": [5.5, 8.5, 6, 10], "texture": "#0"},
				"south": {"uv": [0, 4, 1.875, 5.5], "texture": "#0"},
				"west": {"uv": [3.5, 9.5, 4, 11], "texture": "#0"},
				"up": {"uv": [10.875, 2, 9, 1.5], "texture": "#0"},
				"down": {"uv": [4.375, 9, 2.5, 9.5], "texture": "#0"}
			}
		},
		{
			"from": [14.44552, 0.53073, 1.5],
			"to": [15.44552, 2.53073, 2.5],
			"rotation": {"angle": 0, "axis": "z", "origin": [12.69552, 10.53073, 0]},
			"faces": {
				"north": {"uv": [7.5, 10, 8, 11], "texture": "#0"},
				"east": {"uv": [8.5, 10, 9, 11], "texture": "#0"},
				"south": {"uv": [9, 10, 9.5, 11], "texture": "#0"},
				"west": {"uv": [10, 9, 10.5, 10], "texture": "#0"},
				"up": {"uv": [11.5, 5.5, 11, 5], "texture": "#0"},
				"down": {"uv": [11.5, 5.5, 11, 6], "texture": "#0"}
			}
		},
		{
			"from": [14.44552, 4.3216, 0.80112],
			"to": [15.44552, 6.0716, 3.55112],
			"rotation": {"angle": -22.5, "axis": "x", "origin": [12.69552, 6.8216, 10.55112]},
			"faces": {
				"north": {"uv": [10, 10.5, 10.5, 11.375], "texture": "#0"},
				"east": {"uv": [7.5, 1, 8.875, 1.875], "texture": "#0"},
				"south": {"uv": [10.5, 10.5, 11, 11.375], "texture": "#0"},
				"west": {"uv": [4.5, 7.5, 5.875, 8.375], "texture": "#0"},
				"up": {"uv": [10, 10.375, 9.5, 9], "texture": "#0"},
				"down": {"uv": [10.5, 2, 10, 3.375], "texture": "#0"}
			}
		},
		{
			"from": [14.44552, 1.6999, 4.37097],
			"to": [15.44552, 3.4499, 9.12097],
			"rotation": {"angle": 0, "axis": "x", "origin": [12.69552, 4.1999, 14.12097]},
			"faces": {
				"north": {"uv": [11, 0, 11.5, 0.875], "texture": "#0"},
				"east": {"uv": [6, 4, 8.375, 4.875], "texture": "#0"},
				"south": {"uv": [11, 1, 11.5, 1.875], "texture": "#0"},
				"west": {"uv": [4.5, 6, 6.875, 6.875], "texture": "#0"},
				"up": {"uv": [1.5, 10.375, 1, 8], "texture": "#0"},
				"down": {"uv": [2, 8, 1.5, 10.375], "texture": "#0"}
			}
		},
		{
			"from": [14.44552, 2.3696, 8.98776],
			"to": [15.44552, 7.1196, 10.73776],
			"rotation": {"angle": 0, "axis": "x", "origin": [12.69552, -2.6304, 11.48776]},
			"faces": {
				"north": {"uv": [2, 8, 2.5, 10.375], "texture": "#0"},
				"east": {"uv": [6.5, 0, 7.375, 2.375], "texture": "#0"},
				"south": {"uv": [8, 7, 8.5, 9.375], "texture": "#0"},
				"west": {"uv": [0, 7, 0.875, 9.375], "texture": "#0"},
				"up": {"uv": [11.5, 2.875, 11, 2], "texture": "#0"},
				"down": {"uv": [11.5, 3, 11, 3.875], "texture": "#0"}
			}
		},
		{
			"from": [14.44552, 5.24076, 7.42209],
			"to": [15.44552, 6.99076, 9.17209],
			"rotation": {"angle": -22.5, "axis": "x", "origin": [12.69552, 7.74076, 17.17209]},
			"faces": {
				"north": {"uv": [3.5, 11, 4, 11.875], "texture": "#0"},
				"east": {"uv": [0, 9.5, 0.875, 10.375], "texture": "#0"},
				"south": {"uv": [4, 11, 4.5, 11.875], "texture": "#0"},
				"west": {"uv": [2.5, 9.5, 3.375, 10.375], "texture": "#0"},
				"up": {"uv": [11.5, 4.875, 11, 4], "texture": "#0"},
				"down": {"uv": [5, 11, 4.5, 11.875], "texture": "#0"}
			}
		},
		{
			"from": [5, -1.25, 0.5],
			"to": [11, 1, 1.5],
			"faces": {
				"north": {"uv": [3.5, 0, 6.5, 1.125], "texture": "#0"},
				"east": {"uv": [10, 5, 10.5, 6.125], "texture": "#0"},
				"south": {"uv": [3.5, 1.5, 6.5, 2.625], "texture": "#0"},
				"west": {"uv": [5.5, 10, 6, 11.125], "texture": "#0"},
				"up": {"uv": [10, 6.5, 7, 6], "texture": "#0"},
				"down": {"uv": [10, 6.5, 7, 7], "texture": "#0"}
			}
		},
		{
			"from": [7, -1.25, -0.5],
			"to": [9, -0.25, 0.5],
			"faces": {
				"north": {"uv": [2, 4, 3, 4.5], "texture": "#0"},
				"east": {"uv": [6, 11, 6.5, 11.5], "texture": "#0"},
				"south": {"uv": [10, 3.5, 11, 4], "texture": "#0"},
				"west": {"uv": [11, 6, 11.5, 6.5], "texture": "#0"},
				"up": {"uv": [11, 7, 10, 6.5], "texture": "#0"},
				"down": {"uv": [11, 10, 10, 10.5], "texture": "#0"}
			}
		},
		{
			"from": [6, 4.06147, 0.5],
			"to": [10, 5.06147, 1.5],
			"rotation": {"angle": 0, "axis": "y", "origin": [0, 0.06147, 0]},
			"faces": {
				"north": {"uv": [8.5, 7.5, 10.5, 8], "texture": "#0"},
				"east": {"uv": [6.5, 11, 7, 11.5], "texture": "#0"},
				"south": {"uv": [8.5, 8, 10.5, 8.5], "texture": "#0"},
				"west": {"uv": [11, 6.5, 11.5, 7], "texture": "#0"},
				"up": {"uv": [10.5, 9, 8.5, 8.5], "texture": "#0"},
				"down": {"uv": [11, 0, 9, 0.5], "texture": "#0"}
			}
		}
	],
	"display": {
		"thirdperson_righthand": {
			"scale": [0.25, 0.25, 0.25]
		},
		"thirdperson_lefthand": {
			"scale": [0.25, 0.25, 0.25]
		},
		"head": {
			"translation": [0, 1, 0.125]
		}
	},
	"groups": [
		{
			"name": "Obi Wan Beard",
			"origin": [8, 8, 8],
			"children": [
				{
					"name": "Beard",
					"origin": [8, 8, 8],
					"children": [
						{
							"name": "Side",
							"origin": [8, 8, 8],
							"children": [0, 1, 2, 3, 4, 5, 6, 7]
						},
						{
							"name": "Side",
							"origin": [8, 8, 8],
							"children": [8, 9, 10, 11, 12, 13, 14, 15]
						},
						{
							"name": "Middle",
							"origin": [8, 8, 8],
							"children": [16, 17, 18]
						}
					]
				}
			]
		}
	]
}