{"file_name":"head","texture_size":[128,128],"textures":{"a6f54b2e-09e4-3daa-c557-2d8115a194b4":"modelengine:entity/capa","f4e90b98-015c-e3c5-c8ad-a9295f4523d9":"modelengine:entity/boneshadin2heraldxd","5e0b69f7-2e5d-3bb2-b593-0b4158e5c4ac":"modelengine:entity/fallenheraldsword","890d1a62-ddf7-6aaf-ef13-0f7d8b74ad58":"modelengine:entity/fallenheraldxd","a0855228-ad18-39e8-747d-ca56cdeff09b":"minecraft:custom/archdrake1","54e1c98d-cbb5-3f45-2868-f1ee52e55c7f":"modelengine:entity/boneshadin2herald.png","0883c4cf-7999-ec5e-75c0-85644915bfa1":"modelengine:entity/bandend"},"elements":[{"name":"vacuum","from":[6.62,8.465,5.544374],"to":[9.365,12.2,6.459374],"rotation":{"angle":0.0,"axis":"x","origin":[7.9925003,10.3325,6.001874]},"faces":{"down":{"uv":[8.5,0.0,8.875,0.25],"rotation":0,"texture":"#f4e90b98-015c-e3c5-c8ad-a9295f4523d9","tintindex":0},"east":{"uv":[8.5,0.0,8.875,0.25],"rotation":0,"texture":"#f4e90b98-015c-e3c5-c8ad-a9295f4523d9","tintindex":0},"north":{"uv":[8.5,0.0,8.875,0.25],"rotation":0,"texture":"#f4e90b98-015c-e3c5-c8ad-a9295f4523d9","tintindex":0},"south":{"uv":[8.5,0.0,8.875,0.25],"rotation":0,"texture":"#f4e90b98-015c-e3c5-c8ad-a9295f4523d9","tintindex":0},"up":{"uv":[8.5,0.0,8.875,0.25],"rotation":0,"texture":"#f4e90b98-015c-e3c5-c8ad-a9295f4523d9","tintindex":0},"west":{"uv":[8.5,0.0,8.875,0.25],"rotation":0,"texture":"#f4e90b98-015c-e3c5-c8ad-a9295f4523d9","tintindex":0}}},{"name":"vacuum","from":[6.095,8.465,6.3843737],"to":[9.889999,12.2,9.459373],"rotation":{"angle":0.0,"axis":"x","origin":[-9.085769,10.677153,2.0572996]},"faces":{"down":{"uv":[4.121,4.879,3.379,5.496],"rotation":0,"texture":"#890d1a62-ddf7-6aaf-ef13-0f7d8b74ad58","tintindex":0},"east":{"uv":[4.629,1.504,5.246,2.246],"rotation":0,"texture":"#890d1a62-ddf7-6aaf-ef13-0f7d8b74ad58","tintindex":0},"north":{"uv":[3.379,3.129,4.121,3.871],"rotation":0,"texture":"#890d1a62-ddf7-6aaf-ef13-0f7d8b74ad58","tintindex":0},"south":{"uv":[0.004,3.504,0.746,4.246],"rotation":0,"texture":"#890d1a62-ddf7-6aaf-ef13-0f7d8b74ad58","tintindex":0},"up":{"uv":[3.246,5.246,2.504,4.629],"rotation":0,"texture":"#890d1a62-ddf7-6aaf-ef13-0f7d8b74ad58","tintindex":0},"west":{"uv":[1.754,4.629,2.371,5.371],"rotation":0,"texture":"#890d1a62-ddf7-6aaf-ef13-0f7d8b74ad58","tintindex":0}}},{"name":"gasgo","from":[9.8,9.8,5.54438],"to":[10.4,11.6,5.84438],"rotation":{"angle":-22.5,"axis":"y","origin":[10.275715,10.742857,5.7376738]},"faces":{"down":{"uv":[10.246,13.504,10.129,13.621],"rotation":0,"texture":"#890d1a62-ddf7-6aaf-ef13-0f7d8b74ad58","tintindex":0},"east":{"uv":[6.504,12.379,6.621,12.746],"rotation":0,"texture":"#890d1a62-ddf7-6aaf-ef13-0f7d8b74ad58","tintindex":0},"north":{"uv":[6.254,12.379,6.371,12.746],"rotation":0,"texture":"#890d1a62-ddf7-6aaf-ef13-0f7d8b74ad58","tintindex":0},"south":{"uv":[6.754,12.379,6.871,12.746],"rotation":0,"texture":"#890d1a62-ddf7-6aaf-ef13-0f7d8b74ad58","tintindex":0},"up":{"uv":[0.0,0.0,0.0,0.0],"rotation":0,"texture":"#54e1c98d-cbb5-3f45-2868-f1ee52e55c7f","tintindex":0},"west":{"uv":[0.0,0.0,0.0,0.0],"rotation":0,"texture":"#54e1c98d-cbb5-3f45-2868-f1ee52e55c7f","tintindex":0}}},{"name":"gasgo","from":[8.0,10.4,5.54438],"to":[9.2,10.700001,5.965604],"rotation":{"angle":-22.5,"axis":"y","origin":[10.275715,10.742857,5.7376738]},"faces":{"down":{"uv":[13.246,0.879,13.004,0.996],"rotation":0,"texture":"#890d1a62-ddf7-6aaf-ef13-0f7d8b74ad58","tintindex":0},"east":{"uv":[13.629,10.254,13.746,10.371],"rotation":0,"texture":"#890d1a62-ddf7-6aaf-ef13-0f7d8b74ad58","tintindex":0},"north":{"uv":[13.004,0.004,13.246,0.121],"rotation":0,"texture":"#890d1a62-ddf7-6aaf-ef13-0f7d8b74ad58","tintindex":0},"south":{"uv":[0.0,0.0,0.0,0.0],"rotation":0,"texture":"#54e1c98d-cbb5-3f45-2868-f1ee52e55c7f","tintindex":0},"up":{"uv":[0.871,13.121,0.629,13.004],"rotation":0,"texture":"#890d1a62-ddf7-6aaf-ef13-0f7d8b74ad58","tintindex":0},"west":{"uv":[13.629,10.504,13.746,10.621],"rotation":0,"texture":"#890d1a62-ddf7-6aaf-ef13-0f7d8b74ad58","tintindex":0}}},{"name":"gasgo","from":[9.2,9.8,5.54438],"to":[9.8,10.4,5.965604],"rotation":{"angle":-22.5,"axis":"y","origin":[10.275715,10.742857,5.7376738]},"faces":{"down":{"uv":[13.746,7.754,13.629,7.871],"rotation":0,"texture":"#890d1a62-ddf7-6aaf-ef13-0f7d8b74ad58","tintindex":0},"east":{"uv":[0.0,0.0,0.0,0.0],"rotation":0,"texture":"#54e1c98d-cbb5-3f45-2868-f1ee52e55c7f","tintindex":0},"north":{"uv":[7.379,13.629,7.496,13.746],"rotation":0,"texture":"#890d1a62-ddf7-6aaf-ef13-0f7d8b74ad58","tintindex":0},"south":{"uv":[0.0,0.0,0.0,0.0],"rotation":0,"texture":"#54e1c98d-cbb5-3f45-2868-f1ee52e55c7f","tintindex":0},"up":{"uv":[0.0,0.0,0.0,0.0],"rotation":0,"texture":"#54e1c98d-cbb5-3f45-2868-f1ee52e55c7f","tintindex":0},"west":{"uv":[13.629,7.504,13.746,7.621],"rotation":0,"texture":"#890d1a62-ddf7-6aaf-ef13-0f7d8b74ad58","tintindex":0}}},{"name":"gasgo","from":[8.0,9.8,5.54438],"to":[9.2,10.1,5.965604],"rotation":{"angle":-22.5,"axis":"y","origin":[10.275715,10.742857,5.7376738]},"faces":{"down":{"uv":[3.496,13.004,3.254,13.121],"rotation":0,"texture":"#890d1a62-ddf7-6aaf-ef13-0f7d8b74ad58","tintindex":0},"east":{"uv":[13.629,10.754,13.746,10.871],"rotation":0,"texture":"#890d1a62-ddf7-6aaf-ef13-0f7d8b74ad58","tintindex":0},"north":{"uv":[13.004,1.754,13.246,1.871],"rotation":0,"texture":"#890d1a62-ddf7-6aaf-ef13-0f7d8b74ad58","tintindex":0},"south":{"uv":[0.0,0.0,0.0,0.0],"rotation":0,"texture":"#54e1c98d-cbb5-3f45-2868-f1ee52e55c7f","tintindex":0},"up":{"uv":[13.246,2.121,13.004,2.004],"rotation":0,"texture":"#890d1a62-ddf7-6aaf-ef13-0f7d8b74ad58","tintindex":0},"west":{"uv":[13.629,11.254,13.746,11.371],"rotation":0,"texture":"#890d1a62-ddf7-6aaf-ef13-0f7d8b74ad58","tintindex":0}}},{"name":"gasgo","from":[8.0,11.6,5.54438],"to":[10.4,12.2,5.84438],"rotation":{"angle":-22.5,"axis":"y","origin":[10.275715,10.742857,5.7376738]},"faces":{"down":{"uv":[0.0,0.0,0.0,0.0],"rotation":0,"texture":"#54e1c98d-cbb5-3f45-2868-f1ee52e55c7f","tintindex":0},"east":{"uv":[13.504,9.754,13.621,9.871],"rotation":0,"texture":"#890d1a62-ddf7-6aaf-ef13-0f7d8b74ad58","tintindex":0},"north":{"uv":[11.379,2.254,11.871,2.371],"rotation":0,"texture":"#890d1a62-ddf7-6aaf-ef13-0f7d8b74ad58","tintindex":0},"south":{"uv":[2.504,11.379,2.996,11.496],"rotation":0,"texture":"#890d1a62-ddf7-6aaf-ef13-0f7d8b74ad58","tintindex":0},"up":{"uv":[11.871,2.621,11.379,2.504],"rotation":0,"texture":"#890d1a62-ddf7-6aaf-ef13-0f7d8b74ad58","tintindex":0},"west":{"uv":[9.879,13.504,9.996,13.621],"rotation":0,"texture":"#890d1a62-ddf7-6aaf-ef13-0f7d8b74ad58","tintindex":0}}},{"name":"gasgo","from":[5.6,11.6,5.54438],"to":[8.0,12.2,5.84438],"rotation":{"angle":22.5,"axis":"y","origin":[5.7242856,10.742857,5.7376738]},"faces":{"down":{"uv":[0.0,0.0,0.0,0.0],"rotation":0,"texture":"#54e1c98d-cbb5-3f45-2868-f1ee52e55c7f","tintindex":0},"east":{"uv":[3.754,13.754,3.871,13.871],"rotation":0,"texture":"#890d1a62-ddf7-6aaf-ef13-0f7d8b74ad58","tintindex":0},"north":{"uv":[11.379,6.504,11.871,6.621],"rotation":0,"texture":"#890d1a62-ddf7-6aaf-ef13-0f7d8b74ad58","tintindex":0},"south":{"uv":[11.379,10.629,11.871,10.746],"rotation":0,"texture":"#890d1a62-ddf7-6aaf-ef13-0f7d8b74ad58","tintindex":0},"up":{"uv":[11.996,0.496,11.504,0.379],"rotation":0,"texture":"#890d1a62-ddf7-6aaf-ef13-0f7d8b74ad58","tintindex":0},"west":{"uv":[4.004,13.754,4.121,13.871],"rotation":0,"texture":"#890d1a62-ddf7-6aaf-ef13-0f7d8b74ad58","tintindex":0}}},{"name":"gasgo","from":[6.2,11.0,5.54438],"to":[8.0,11.6,5.965604],"rotation":{"angle":22.5,"axis":"y","origin":[5.7242856,10.742857,5.7376738]},"faces":{"down":{"uv":[11.996,12.379,11.629,12.496],"rotation":0,"texture":"#890d1a62-ddf7-6aaf-ef13-0f7d8b74ad58","tintindex":0},"east":{"uv":[13.754,3.504,13.871,3.621],"rotation":0,"texture":"#890d1a62-ddf7-6aaf-ef13-0f7d8b74ad58","tintindex":0},"north":{"uv":[10.879,12.379,11.246,12.496],"rotation":0,"texture":"#890d1a62-ddf7-6aaf-ef13-0f7d8b74ad58","tintindex":0},"south":{"uv":[0.0,0.0,0.0,0.0],"rotation":0,"texture":"#54e1c98d-cbb5-3f45-2868-f1ee52e55c7f","tintindex":0},"up":{"uv":[0.0,0.0,0.0,0.0],"rotation":0,"texture":"#54e1c98d-cbb5-3f45-2868-f1ee52e55c7f","tintindex":0},"west":{"uv":[0.0,0.0,0.0,0.0],"rotation":0,"texture":"#54e1c98d-cbb5-3f45-2868-f1ee52e55c7f","tintindex":0}}},{"name":"gasgo","from":[6.2,10.4,5.54438],"to":[6.8,11.0,5.965604],"rotation":{"angle":22.5,"axis":"y","origin":[5.7242856,10.742857,5.7376738]},"faces":{"down":{"uv":[3.621,13.754,3.504,13.871],"rotation":0,"texture":"#890d1a62-ddf7-6aaf-ef13-0f7d8b74ad58","tintindex":0},"east":{"uv":[13.754,3.254,13.871,3.371],"rotation":0,"texture":"#890d1a62-ddf7-6aaf-ef13-0f7d8b74ad58","tintindex":0},"north":{"uv":[3.254,13.754,3.371,13.871],"rotation":0,"texture":"#890d1a62-ddf7-6aaf-ef13-0f7d8b74ad58","tintindex":0},"south":{"uv":[0.0,0.0,0.0,0.0],"rotation":0,"texture":"#54e1c98d-cbb5-3f45-2868-f1ee52e55c7f","tintindex":0},"up":{"uv":[0.0,0.0,0.0,0.0],"rotation":0,"texture":"#54e1c98d-cbb5-3f45-2868-f1ee52e55c7f","tintindex":0},"west":{"uv":[0.0,0.0,0.0,0.0],"rotation":0,"texture":"#54e1c98d-cbb5-3f45-2868-f1ee52e55c7f","tintindex":0}}},{"name":"gasgo","from":[5.6,9.8,5.54438],"to":[6.2,11.6,5.84438],"rotation":{"angle":22.5,"axis":"y","origin":[5.7242856,10.742857,5.7376738]},"faces":{"down":{"uv":[2.621,13.754,2.504,13.871],"rotation":0,"texture":"#890d1a62-ddf7-6aaf-ef13-0f7d8b74ad58","tintindex":0},"east":{"uv":[0.0,0.0,0.0,0.0],"rotation":0,"texture":"#54e1c98d-cbb5-3f45-2868-f1ee52e55c7f","tintindex":0},"north":{"uv":[10.004,12.379,10.121,12.746],"rotation":0,"texture":"#890d1a62-ddf7-6aaf-ef13-0f7d8b74ad58","tintindex":0},"south":{"uv":[12.379,10.004,12.496,10.371],"rotation":0,"texture":"#890d1a62-ddf7-6aaf-ef13-0f7d8b74ad58","tintindex":0},"up":{"uv":[0.0,0.0,0.0,0.0],"rotation":0,"texture":"#54e1c98d-cbb5-3f45-2868-f1ee52e55c7f","tintindex":0},"west":{"uv":[10.254,12.379,10.371,12.746],"rotation":0,"texture":"#890d1a62-ddf7-6aaf-ef13-0f7d8b74ad58","tintindex":0}}},{"name":"gasgo","from":[6.8,10.4,5.54438],"to":[8.0,10.700001,5.965604],"rotation":{"angle":22.5,"axis":"y","origin":[5.7242856,10.742857,5.7376738]},"faces":{"down":{"uv":[11.996,12.379,11.629,12.496],"rotation":0,"texture":"#890d1a62-ddf7-6aaf-ef13-0f7d8b74ad58","tintindex":0},"east":{"uv":[2.004,13.754,2.121,13.871],"rotation":0,"texture":"#890d1a62-ddf7-6aaf-ef13-0f7d8b74ad58","tintindex":0},"north":{"uv":[13.004,10.254,13.246,10.371],"rotation":0,"texture":"#890d1a62-ddf7-6aaf-ef13-0f7d8b74ad58","tintindex":0},"south":{"uv":[0.0,0.0,0.0,0.0],"rotation":0,"texture":"#54e1c98d-cbb5-3f45-2868-f1ee52e55c7f","tintindex":0},"up":{"uv":[13.246,10.621,13.004,10.504],"rotation":0,"texture":"#890d1a62-ddf7-6aaf-ef13-0f7d8b74ad58","tintindex":0},"west":{"uv":[2.254,13.754,2.371,13.871],"rotation":0,"texture":"#890d1a62-ddf7-6aaf-ef13-0f7d8b74ad58","tintindex":0}}},{"name":"gasgo","from":[6.8,9.8,5.54438],"to":[8.0,10.1,5.965604],"rotation":{"angle":22.5,"axis":"y","origin":[5.7242856,10.742857,5.7376738]},"faces":{"down":{"uv":[13.246,10.004,13.004,10.121],"rotation":0,"texture":"#890d1a62-ddf7-6aaf-ef13-0f7d8b74ad58","tintindex":0},"east":{"uv":[13.754,1.504,13.871,1.621],"rotation":0,"texture":"#890d1a62-ddf7-6aaf-ef13-0f7d8b74ad58","tintindex":0},"north":{"uv":[9.129,13.004,9.371,13.121],"rotation":0,"texture":"#890d1a62-ddf7-6aaf-ef13-0f7d8b74ad58","tintindex":0},"south":{"uv":[0.0,0.0,0.0,0.0],"rotation":0,"texture":"#54e1c98d-cbb5-3f45-2868-f1ee52e55c7f","tintindex":0},"up":{"uv":[9.746,13.121,9.504,13.004],"rotation":0,"texture":"#890d1a62-ddf7-6aaf-ef13-0f7d8b74ad58","tintindex":0},"west":{"uv":[1.754,13.754,1.871,13.871],"rotation":0,"texture":"#890d1a62-ddf7-6aaf-ef13-0f7d8b74ad58","tintindex":0}}},{"name":"gasgo","from":[6.2,9.8,5.54438],"to":[6.8,10.4,5.965604],"rotation":{"angle":22.5,"axis":"y","origin":[5.7242856,10.742857,5.7376738]},"faces":{"down":{"uv":[1.621,13.754,1.504,13.871],"rotation":0,"texture":"#890d1a62-ddf7-6aaf-ef13-0f7d8b74ad58","tintindex":0},"east":{"uv":[1.254,13.754,1.371,13.871],"rotation":0,"texture":"#890d1a62-ddf7-6aaf-ef13-0f7d8b74ad58","tintindex":0},"north":{"uv":[1.004,13.754,1.121,13.871],"rotation":0,"texture":"#890d1a62-ddf7-6aaf-ef13-0f7d8b74ad58","tintindex":0},"south":{"uv":[0.0,0.0,0.0,0.0],"rotation":0,"texture":"#54e1c98d-cbb5-3f45-2868-f1ee52e55c7f","tintindex":0},"up":{"uv":[0.0,0.0,0.0,0.0],"rotation":0,"texture":"#54e1c98d-cbb5-3f45-2868-f1ee52e55c7f","tintindex":0},"west":{"uv":[0.0,0.0,0.0,0.0],"rotation":0,"texture":"#54e1c98d-cbb5-3f45-2868-f1ee52e55c7f","tintindex":0}}},{"name":"gasgo","from":[5.6,11.6,5.54438],"to":[10.4,12.2,5.84438],"rotation":{"angle":0.0,"axis":"x","origin":[10.275715,10.742857,5.7376738]},"faces":{"down":{"uv":[0.0,0.0,0.0,0.0],"rotation":0,"texture":"#54e1c98d-cbb5-3f45-2868-f1ee52e55c7f","tintindex":0},"east":{"uv":[0.504,13.754,0.621,13.871],"rotation":0,"texture":"#890d1a62-ddf7-6aaf-ef13-0f7d8b74ad58","tintindex":0},"north":{"uv":[8.879,0.004,9.871,0.121],"rotation":0,"texture":"#890d1a62-ddf7-6aaf-ef13-0f7d8b74ad58","tintindex":0},"south":{"uv":[8.879,0.254,9.871,0.371],"rotation":0,"texture":"#890d1a62-ddf7-6aaf-ef13-0f7d8b74ad58","tintindex":0},"up":{"uv":[9.871,0.621,8.879,0.504],"rotation":0,"texture":"#890d1a62-ddf7-6aaf-ef13-0f7d8b74ad58","tintindex":0},"west":{"uv":[0.754,13.754,0.871,13.871],"rotation":0,"texture":"#890d1a62-ddf7-6aaf-ef13-0f7d8b74ad58","tintindex":0}}},{"name":"gasgo","from":[6.2,12.2,5.54438],"to":[9.8,12.8,6.74438],"rotation":{"angle":0.0,"axis":"x","origin":[0.8371999,12.119601,2.0572996]},"faces":{"down":{"uv":[0.0,0.0,0.0,0.0],"rotation":0,"texture":"#54e1c98d-cbb5-3f45-2868-f1ee52e55c7f","tintindex":0},"east":{"uv":[5.504,12.754,5.746,12.871],"rotation":0,"texture":"#890d1a62-ddf7-6aaf-ef13-0f7d8b74ad58","tintindex":0},"north":{"uv":[9.629,8.879,10.371,8.996],"rotation":0,"texture":"#890d1a62-ddf7-6aaf-ef13-0f7d8b74ad58","tintindex":0},"south":{"uv":[9.629,9.129,10.371,9.246],"rotation":0,"texture":"#890d1a62-ddf7-6aaf-ef13-0f7d8b74ad58","tintindex":0},"up":{"uv":[6.121,2.246,5.379,2.004],"rotation":0,"texture":"#890d1a62-ddf7-6aaf-ef13-0f7d8b74ad58","tintindex":0},"west":{"uv":[12.754,5.629,12.996,5.746],"rotation":0,"texture":"#890d1a62-ddf7-6aaf-ef13-0f7d8b74ad58","tintindex":0}}},{"name":"gasgo","from":[6.5,11.6,5.24438],"to":[9.5,12.184999,5.3943796],"rotation":{"angle":0.0,"axis":"x","origin":[0.8371999,12.119601,2.0572996]},"faces":{"down":{"uv":[0.0,0.0,0.0,0.0],"rotation":0,"texture":"#54e1c98d-cbb5-3f45-2868-f1ee52e55c7f","tintindex":0},"east":{"uv":[13.754,4.879,13.871,4.996],"rotation":0,"texture":"#890d1a62-ddf7-6aaf-ef13-0f7d8b74ad58","tintindex":0},"north":{"uv":[10.379,3.504,10.996,3.621],"rotation":0,"texture":"#890d1a62-ddf7-6aaf-ef13-0f7d8b74ad58","tintindex":0},"south":{"uv":[10.379,8.254,10.996,8.371],"rotation":0,"texture":"#890d1a62-ddf7-6aaf-ef13-0f7d8b74ad58","tintindex":0},"up":{"uv":[10.996,10.246,10.379,10.129],"rotation":0,"texture":"#890d1a62-ddf7-6aaf-ef13-0f7d8b74ad58","tintindex":0},"west":{"uv":[5.129,13.754,5.246,13.871],"rotation":0,"texture":"#890d1a62-ddf7-6aaf-ef13-0f7d8b74ad58","tintindex":0}}},{"name":"gasgo","from":[7.1,11.6,5.09438],"to":[8.9,12.184999,5.24438],"rotation":{"angle":0.0,"axis":"x","origin":[0.8371999,12.119601,2.0572996]},"faces":{"down":{"uv":[0.0,0.0,0.0,0.0],"rotation":0,"texture":"#54e1c98d-cbb5-3f45-2868-f1ee52e55c7f","tintindex":0},"east":{"uv":[5.629,13.754,5.746,13.871],"rotation":0,"texture":"#890d1a62-ddf7-6aaf-ef13-0f7d8b74ad58","tintindex":0},"north":{"uv":[12.504,0.004,12.871,0.121],"rotation":0,"texture":"#890d1a62-ddf7-6aaf-ef13-0f7d8b74ad58","tintindex":0},"south":{"uv":[12.504,0.504,12.871,0.621],"rotation":0,"texture":"#890d1a62-ddf7-6aaf-ef13-0f7d8b74ad58","tintindex":0},"up":{"uv":[12.871,4.371,12.504,4.254],"rotation":0,"texture":"#890d1a62-ddf7-6aaf-ef13-0f7d8b74ad58","tintindex":0},"west":{"uv":[5.879,13.754,5.996,13.871],"rotation":0,"texture":"#890d1a62-ddf7-6aaf-ef13-0f7d8b74ad58","tintindex":0}}},{"name":"gasgo","from":[7.175,11.6,4.94438],"to":[8.825,12.184999,5.09438],"rotation":{"angle":0.0,"axis":"x","origin":[0.8371999,12.119601,2.0572996]},"faces":{"down":{"uv":[0.0,0.0,0.0,0.0],"rotation":0,"texture":"#54e1c98d-cbb5-3f45-2868-f1ee52e55c7f","tintindex":0},"east":{"uv":[13.754,6.004,13.871,6.121],"rotation":0,"texture":"#890d1a62-ddf7-6aaf-ef13-0f7d8b74ad58","tintindex":0},"north":{"uv":[12.504,7.629,12.871,7.746],"rotation":0,"texture":"#890d1a62-ddf7-6aaf-ef13-0f7d8b74ad58","tintindex":0},"south":{"uv":[12.504,11.129,12.871,11.246],"rotation":0,"texture":"#890d1a62-ddf7-6aaf-ef13-0f7d8b74ad58","tintindex":0},"up":{"uv":[12.871,11.496,12.504,11.379],"rotation":0,"texture":"#890d1a62-ddf7-6aaf-ef13-0f7d8b74ad58","tintindex":0},"west":{"uv":[6.129,13.754,6.246,13.871],"rotation":0,"texture":"#890d1a62-ddf7-6aaf-ef13-0f7d8b74ad58","tintindex":0}}},{"name":"gasgo","from":[6.2,11.6,5.3943796],"to":[9.8,12.184999,5.54438],"rotation":{"angle":0.0,"axis":"x","origin":[0.8371999,12.119601,2.0572996]},"faces":{"down":{"uv":[0.0,0.0,0.0,0.0],"rotation":0,"texture":"#54e1c98d-cbb5-3f45-2868-f1ee52e55c7f","tintindex":0},"east":{"uv":[13.754,5.129,13.871,5.246],"rotation":0,"texture":"#890d1a62-ddf7-6aaf-ef13-0f7d8b74ad58","tintindex":0},"north":{"uv":[2.379,10.129,3.121,10.246],"rotation":0,"texture":"#890d1a62-ddf7-6aaf-ef13-0f7d8b74ad58","tintindex":0},"south":{"uv":[10.129,3.004,10.871,3.121],"rotation":0,"texture":"#890d1a62-ddf7-6aaf-ef13-0f7d8b74ad58","tintindex":0},"up":{"uv":[10.871,3.371,10.129,3.254],"rotation":0,"texture":"#890d1a62-ddf7-6aaf-ef13-0f7d8b74ad58","tintindex":0},"west":{"uv":[5.379,13.754,5.496,13.871],"rotation":0,"texture":"#890d1a62-ddf7-6aaf-ef13-0f7d8b74ad58","tintindex":0}}},{"name":"gasgo","from":[6.8,12.8,5.54438],"to":[9.2,13.400001,6.74438],"rotation":{"angle":0.0,"axis":"x","origin":[0.8371999,12.119601,2.0572996]},"faces":{"down":{"uv":[0.0,0.0,0.0,0.0],"rotation":0,"texture":"#54e1c98d-cbb5-3f45-2868-f1ee52e55c7f","tintindex":0},"east":{"uv":[12.754,6.629,12.996,6.746],"rotation":0,"texture":"#890d1a62-ddf7-6aaf-ef13-0f7d8b74ad58","tintindex":0},"north":{"uv":[11.379,6.004,11.871,6.121],"rotation":0,"texture":"#890d1a62-ddf7-6aaf-ef13-0f7d8b74ad58","tintindex":0},"south":{"uv":[11.379,6.254,11.871,6.371],"rotation":0,"texture":"#890d1a62-ddf7-6aaf-ef13-0f7d8b74ad58","tintindex":0},"up":{"uv":[7.871,8.996,7.379,8.754],"rotation":0,"texture":"#890d1a62-ddf7-6aaf-ef13-0f7d8b74ad58","tintindex":0},"west":{"uv":[12.754,6.879,12.996,6.996],"rotation":0,"texture":"#890d1a62-ddf7-6aaf-ef13-0f7d8b74ad58","tintindex":0}}},{"name":"xd","from":[6.2,12.2,6.7443743],"to":[9.8,12.8,9.444374],"rotation":{"angle":0.0,"axis":"x","origin":[0.8371999,12.119601,2.0572996]},"faces":{"down":{"uv":[0.0,0.0,0.0,0.0],"rotation":0,"texture":"#54e1c98d-cbb5-3f45-2868-f1ee52e55c7f","tintindex":0},"east":{"uv":[3.379,4.629,3.996,4.746],"rotation":0,"texture":"#890d1a62-ddf7-6aaf-ef13-0f7d8b74ad58","tintindex":0},"north":{"uv":[9.629,9.379,10.371,9.496],"rotation":0,"texture":"#890d1a62-ddf7-6aaf-ef13-0f7d8b74ad58","tintindex":0},"south":{"uv":[9.629,9.629,10.371,9.746],"rotation":0,"texture":"#890d1a62-ddf7-6aaf-ef13-0f7d8b74ad58","tintindex":0},"up":{"uv":[1.621,5.246,0.879,4.629],"rotation":0,"texture":"#890d1a62-ddf7-6aaf-ef13-0f7d8b74ad58","tintindex":0},"west":{"uv":[10.254,5.254,10.871,5.371],"rotation":0,"texture":"#890d1a62-ddf7-6aaf-ef13-0f7d8b74ad58","tintindex":0}}},{"name":"xd","from":[7.4,12.650001,9.444374],"to":[8.6,12.8,10.044374],"rotation":{"angle":0.0,"axis":"x","origin":[0.8371999,12.119601,2.0572996]},"faces":{"down":{"uv":[0.0,0.0,0.0,0.0],"rotation":0,"texture":"#54e1c98d-cbb5-3f45-2868-f1ee52e55c7f","tintindex":0},"east":{"uv":[10.379,13.504,10.496,13.621],"rotation":0,"texture":"#890d1a62-ddf7-6aaf-ef13-0f7d8b74ad58","tintindex":0},"north":{"uv":[7.504,12.754,7.746,12.871],"rotation":0,"texture":"#890d1a62-ddf7-6aaf-ef13-0f7d8b74ad58","tintindex":0},"south":{"uv":[12.754,8.254,12.996,8.371],"rotation":0,"texture":"#890d1a62-ddf7-6aaf-ef13-0f7d8b74ad58","tintindex":0},"up":{"uv":[12.996,9.871,12.754,9.754],"rotation":0,"texture":"#890d1a62-ddf7-6aaf-ef13-0f7d8b74ad58","tintindex":0},"west":{"uv":[10.629,13.504,10.746,13.621],"rotation":0,"texture":"#890d1a62-ddf7-6aaf-ef13-0f7d8b74ad58","tintindex":0}}},{"name":"xd","from":[5.8999996,12.2,5.8443737],"to":[10.1,12.650001,10.044374],"rotation":{"angle":0.0,"axis":"x","origin":[0.8371999,12.119601,2.0572996]},"faces":{"down":{"uv":[0.0,0.0,0.0,0.0],"rotation":0,"texture":"#54e1c98d-cbb5-3f45-2868-f1ee52e55c7f","tintindex":0},"east":{"uv":[9.004,7.004,9.871,7.121],"rotation":0,"texture":"#890d1a62-ddf7-6aaf-ef13-0f7d8b74ad58","tintindex":0},"north":{"uv":[9.004,6.754,9.871,6.871],"rotation":0,"texture":"#890d1a62-ddf7-6aaf-ef13-0f7d8b74ad58","tintindex":0},"south":{"uv":[9.129,3.004,9.996,3.121],"rotation":0,"texture":"#890d1a62-ddf7-6aaf-ef13-0f7d8b74ad58","tintindex":0},"up":{"uv":[2.246,3.121,1.379,2.254],"rotation":0,"texture":"#890d1a62-ddf7-6aaf-ef13-0f7d8b74ad58","tintindex":0},"west":{"uv":[9.129,3.254,9.996,3.371],"rotation":0,"texture":"#890d1a62-ddf7-6aaf-ef13-0f7d8b74ad58","tintindex":0}}},{"name":"xd","from":[6.2,12.2,10.044374],"to":[9.8,12.5,10.344374],"rotation":{"angle":0.0,"axis":"x","origin":[0.8371999,12.119601,2.0572996]},"faces":{"down":{"uv":[0.0,0.0,0.0,0.0],"rotation":0,"texture":"#54e1c98d-cbb5-3f45-2868-f1ee52e55c7f","tintindex":0},"east":{"uv":[10.879,13.504,10.996,13.621],"rotation":0,"texture":"#890d1a62-ddf7-6aaf-ef13-0f7d8b74ad58","tintindex":0},"north":{"uv":[9.754,0.754,10.496,0.871],"rotation":0,"texture":"#890d1a62-ddf7-6aaf-ef13-0f7d8b74ad58","tintindex":0},"south":{"uv":[9.754,1.004,10.496,1.121],"rotation":0,"texture":"#890d1a62-ddf7-6aaf-ef13-0f7d8b74ad58","tintindex":0},"up":{"uv":[10.496,1.371,9.754,1.254],"rotation":0,"texture":"#890d1a62-ddf7-6aaf-ef13-0f7d8b74ad58","tintindex":0},"west":{"uv":[13.504,11.004,13.621,11.121],"rotation":0,"texture":"#890d1a62-ddf7-6aaf-ef13-0f7d8b74ad58","tintindex":0}}},{"name":"xd","from":[9.8,9.2,5.8443737],"to":[10.4,12.2,10.044374],"rotation":{"angle":0.0,"axis":"x","origin":[5.885768,10.677153,2.0572996]},"faces":{"down":{"uv":[2.246,9.254,2.129,10.121],"rotation":0,"texture":"#890d1a62-ddf7-6aaf-ef13-0f7d8b74ad58","tintindex":0},"east":{"uv":[0.879,3.879,1.746,4.496],"rotation":0,"texture":"#890d1a62-ddf7-6aaf-ef13-0f7d8b74ad58","tintindex":0},"north":{"uv":[0.254,10.379,0.371,10.996],"rotation":0,"texture":"#890d1a62-ddf7-6aaf-ef13-0f7d8b74ad58","tintindex":0},"south":{"uv":[2.879,10.379,2.996,10.996],"rotation":0,"texture":"#890d1a62-ddf7-6aaf-ef13-0f7d8b74ad58","tintindex":0},"up":{"uv":[1.996,10.121,1.879,9.254],"rotation":0,"texture":"#890d1a62-ddf7-6aaf-ef13-0f7d8b74ad58","tintindex":0},"west":{"uv":[0.0,0.0,0.0,0.0],"rotation":0,"texture":"#54e1c98d-cbb5-3f45-2868-f1ee52e55c7f","tintindex":0}}},{"name":"xd","from":[5.955626,9.2,9.98],"to":[10.155626,12.2,10.58],"rotation":{"angle":0.0,"axis":"x","origin":[-2.2573009,10.677153,8.885768]},"faces":{"down":{"uv":[5.996,9.254,5.129,9.371],"rotation":0,"texture":"#890d1a62-ddf7-6aaf-ef13-0f7d8b74ad58","tintindex":0},"east":{"uv":[0.754,10.379,0.871,10.996],"rotation":0,"texture":"#890d1a62-ddf7-6aaf-ef13-0f7d8b74ad58","tintindex":0},"north":{"uv":[0.0,0.0,0.0,0.0],"rotation":0,"texture":"#54e1c98d-cbb5-3f45-2868-f1ee52e55c7f","tintindex":0},"south":{"uv":[4.004,0.004,4.871,0.621],"rotation":0,"texture":"#890d1a62-ddf7-6aaf-ef13-0f7d8b74ad58","tintindex":0},"up":{"uv":[3.246,9.371,2.379,9.254],"rotation":0,"texture":"#890d1a62-ddf7-6aaf-ef13-0f7d8b74ad58","tintindex":0},"west":{"uv":[2.379,10.379,2.496,10.996],"rotation":0,"texture":"#890d1a62-ddf7-6aaf-ef13-0f7d8b74ad58","tintindex":0}}},{"name":"xd","from":[5.955626,8.0,7.58],"to":[10.155626,9.2,9.98],"rotation":{"angle":0.0,"axis":"x","origin":[-2.2573009,10.677153,8.885768]},"faces":{"down":{"uv":[6.121,2.379,5.254,2.871],"rotation":0,"texture":"#890d1a62-ddf7-6aaf-ef13-0f7d8b74ad58","tintindex":0},"east":{"uv":[8.879,0.754,9.371,0.996],"rotation":0,"texture":"#890d1a62-ddf7-6aaf-ef13-0f7d8b74ad58","tintindex":0},"north":{"uv":[0.0,0.0,0.0,0.0],"rotation":0,"texture":"#54e1c98d-cbb5-3f45-2868-f1ee52e55c7f","tintindex":0},"south":{"uv":[3.754,7.754,4.621,7.996],"rotation":0,"texture":"#890d1a62-ddf7-6aaf-ef13-0f7d8b74ad58","tintindex":0},"up":{"uv":[5.871,3.621,5.004,3.129],"rotation":0,"texture":"#890d1a62-ddf7-6aaf-ef13-0f7d8b74ad58","tintindex":0},"west":{"uv":[8.879,1.129,9.371,1.371],"rotation":0,"texture":"#890d1a62-ddf7-6aaf-ef13-0f7d8b74ad58","tintindex":0}}},{"name":"xd","from":[7.1556263,8.0,8.18],"to":[8.9556265,9.2,10.58],"rotation":{"angle":0.0,"axis":"x","origin":[-2.2573009,10.677153,8.885768]},"faces":{"down":{"uv":[7.871,8.129,7.504,8.621],"rotation":0,"texture":"#890d1a62-ddf7-6aaf-ef13-0f7d8b74ad58","tintindex":0},"east":{"uv":[8.879,1.504,9.371,1.746],"rotation":0,"texture":"#890d1a62-ddf7-6aaf-ef13-0f7d8b74ad58","tintindex":0},"north":{"uv":[0.0,0.0,0.0,0.0],"rotation":0,"texture":"#54e1c98d-cbb5-3f45-2868-f1ee52e55c7f","tintindex":0},"south":{"uv":[8.879,10.004,9.246,10.246],"rotation":0,"texture":"#890d1a62-ddf7-6aaf-ef13-0f7d8b74ad58","tintindex":0},"up":{"uv":[8.496,7.746,8.129,7.254],"rotation":0,"texture":"#890d1a62-ddf7-6aaf-ef13-0f7d8b74ad58","tintindex":0},"west":{"uv":[2.129,8.879,2.621,9.121],"rotation":0,"texture":"#890d1a62-ddf7-6aaf-ef13-0f7d8b74ad58","tintindex":0}}},{"name":"xd","from":[5.6,9.2,5.8443737],"to":[6.2,12.2,10.044374],"rotation":{"angle":0.0,"axis":"x","origin":[-9.085769,10.677153,2.0572996]},"faces":{"down":{"uv":[6.496,9.254,6.379,10.121],"rotation":0,"texture":"#890d1a62-ddf7-6aaf-ef13-0f7d8b74ad58","tintindex":0},"east":{"uv":[0.0,0.0,0.0,0.0],"rotation":0,"texture":"#54e1c98d-cbb5-3f45-2868-f1ee52e55c7f","tintindex":0},"north":{"uv":[2.629,10.379,2.746,10.996],"rotation":0,"texture":"#890d1a62-ddf7-6aaf-ef13-0f7d8b74ad58","tintindex":0},"south":{"uv":[2.879,10.379,2.996,10.996],"rotation":0,"texture":"#890d1a62-ddf7-6aaf-ef13-0f7d8b74ad58","tintindex":0},"up":{"uv":[6.246,10.121,6.129,9.254],"rotation":0,"texture":"#890d1a62-ddf7-6aaf-ef13-0f7d8b74ad58","tintindex":0},"west":{"uv":[4.004,0.754,4.871,1.371],"rotation":0,"texture":"#890d1a62-ddf7-6aaf-ef13-0f7d8b74ad58","tintindex":0}}},{"name":"xd","from":[5.6,8.0,5.8443737],"to":[6.2,9.2,7.644374],"rotation":{"angle":0.0,"axis":"x","origin":[-9.085769,10.677153,2.0572996]},"faces":{"down":{"uv":[7.371,12.379,7.254,12.746],"rotation":0,"texture":"#890d1a62-ddf7-6aaf-ef13-0f7d8b74ad58","tintindex":0},"east":{"uv":[0.0,0.0,0.0,0.0],"rotation":0,"texture":"#54e1c98d-cbb5-3f45-2868-f1ee52e55c7f","tintindex":0},"north":{"uv":[2.004,12.754,2.121,12.996],"rotation":0,"texture":"#890d1a62-ddf7-6aaf-ef13-0f7d8b74ad58","tintindex":0},"south":{"uv":[3.629,12.754,3.746,12.996],"rotation":0,"texture":"#890d1a62-ddf7-6aaf-ef13-0f7d8b74ad58","tintindex":0},"up":{"uv":[7.121,12.746,7.004,12.379],"rotation":0,"texture":"#890d1a62-ddf7-6aaf-ef13-0f7d8b74ad58","tintindex":0},"west":{"uv":[5.004,9.754,5.371,9.996],"rotation":0,"texture":"#890d1a62-ddf7-6aaf-ef13-0f7d8b74ad58","tintindex":0}}},{"name":"xd","from":[9.8,8.0,5.8443737],"to":[10.4,9.2,7.644374],"rotation":{"angle":0.0,"axis":"x","origin":[25.08577,10.677153,2.0572996]},"faces":{"down":{"uv":[8.871,12.379,8.754,12.746],"rotation":0,"texture":"#890d1a62-ddf7-6aaf-ef13-0f7d8b74ad58","tintindex":0},"east":{"uv":[9.754,5.129,10.121,5.371],"rotation":0,"texture":"#890d1a62-ddf7-6aaf-ef13-0f7d8b74ad58","tintindex":0},"north":{"uv":[8.504,12.754,8.621,12.996],"rotation":0,"texture":"#890d1a62-ddf7-6aaf-ef13-0f7d8b74ad58","tintindex":0},"south":{"uv":[12.754,12.129,12.871,12.371],"rotation":0,"texture":"#890d1a62-ddf7-6aaf-ef13-0f7d8b74ad58","tintindex":0},"up":{"uv":[12.496,8.996,12.379,8.629],"rotation":0,"texture":"#890d1a62-ddf7-6aaf-ef13-0f7d8b74ad58","tintindex":0},"west":{"uv":[0.0,0.0,0.0,0.0],"rotation":0,"texture":"#54e1c98d-cbb5-3f45-2868-f1ee52e55c7f","tintindex":0}}},{"name":"xd","from":[5.6,8.6,7.644374],"to":[6.2,9.2,8.844374],"rotation":{"angle":0.0,"axis":"x","origin":[-9.085769,10.677153,2.0572996]},"faces":{"down":{"uv":[0.121,12.879,0.004,13.121],"rotation":0,"texture":"#890d1a62-ddf7-6aaf-ef13-0f7d8b74ad58","tintindex":0},"east":{"uv":[0.0,0.0,0.0,0.0],"rotation":0,"texture":"#54e1c98d-cbb5-3f45-2868-f1ee52e55c7f","tintindex":0},"north":{"uv":[11.129,13.504,11.246,13.621],"rotation":0,"texture":"#890d1a62-ddf7-6aaf-ef13-0f7d8b74ad58","tintindex":0},"south":{"uv":[12.004,13.504,12.121,13.621],"rotation":0,"texture":"#890d1a62-ddf7-6aaf-ef13-0f7d8b74ad58","tintindex":0},"up":{"uv":[12.871,12.996,12.754,12.754],"rotation":0,"texture":"#890d1a62-ddf7-6aaf-ef13-0f7d8b74ad58","tintindex":0},"west":{"uv":[12.754,12.504,12.996,12.621],"rotation":0,"texture":"#890d1a62-ddf7-6aaf-ef13-0f7d8b74ad58","tintindex":0}}},{"name":"xd","from":[9.8,8.6,7.644374],"to":[10.4,9.2,8.844374],"rotation":{"angle":0.0,"axis":"x","origin":[25.08577,10.677153,2.0572996]},"faces":{"down":{"uv":[12.996,2.254,12.879,2.496],"rotation":0,"texture":"#890d1a62-ddf7-6aaf-ef13-0f7d8b74ad58","tintindex":0},"east":{"uv":[0.254,12.879,0.496,12.996],"rotation":0,"texture":"#890d1a62-ddf7-6aaf-ef13-0f7d8b74ad58","tintindex":0},"north":{"uv":[13.504,12.379,13.621,12.496],"rotation":0,"texture":"#890d1a62-ddf7-6aaf-ef13-0f7d8b74ad58","tintindex":0},"south":{"uv":[12.629,13.504,12.746,13.621],"rotation":0,"texture":"#890d1a62-ddf7-6aaf-ef13-0f7d8b74ad58","tintindex":0},"up":{"uv":[12.996,1.621,12.879,1.379],"rotation":0,"texture":"#890d1a62-ddf7-6aaf-ef13-0f7d8b74ad58","tintindex":0},"west":{"uv":[0.0,0.0,0.0,0.0],"rotation":0,"texture":"#54e1c98d-cbb5-3f45-2868-f1ee52e55c7f","tintindex":0}}},{"name":"xd","from":[6.17,9.2,6.399374],"to":[6.7699995,9.8,9.999374],"rotation":{"angle":0.0,"axis":"x","origin":[-9.085769,10.677153,2.0572996]},"faces":{"down":{"uv":[5.871,9.754,5.754,10.496],"rotation":0,"texture":"#890d1a62-ddf7-6aaf-ef13-0f7d8b74ad58","tintindex":0},"east":{"uv":[0.0,0.0,0.0,0.0],"rotation":0,"texture":"#54e1c98d-cbb5-3f45-2868-f1ee52e55c7f","tintindex":0},"north":{"uv":[13.129,13.504,13.246,13.621],"rotation":0,"texture":"#890d1a62-ddf7-6aaf-ef13-0f7d8b74ad58","tintindex":0},"south":{"uv":[13.504,13.129,13.621,13.246],"rotation":0,"texture":"#890d1a62-ddf7-6aaf-ef13-0f7d8b74ad58","tintindex":0},"up":{"uv":[5.621,10.496,5.504,9.754],"rotation":0,"texture":"#890d1a62-ddf7-6aaf-ef13-0f7d8b74ad58","tintindex":0},"west":{"uv":[2.379,9.879,3.121,9.996],"rotation":0,"texture":"#890d1a62-ddf7-6aaf-ef13-0f7d8b74ad58","tintindex":0}}},{"name":"xd","from":[9.2,9.2,6.3843737],"to":[9.8,9.8,9.984374],"rotation":{"angle":0.0,"axis":"x","origin":[-9.085769,10.677153,2.0572996]},"faces":{"down":{"uv":[4.371,9.879,4.254,10.621],"rotation":0,"texture":"#890d1a62-ddf7-6aaf-ef13-0f7d8b74ad58","tintindex":0},"east":{"uv":[0.0,0.0,0.0,0.0],"rotation":0,"texture":"#54e1c98d-cbb5-3f45-2868-f1ee52e55c7f","tintindex":0},"north":{"uv":[13.379,13.504,13.496,13.621],"rotation":0,"texture":"#890d1a62-ddf7-6aaf-ef13-0f7d8b74ad58","tintindex":0},"south":{"uv":[0.004,13.629,0.121,13.746],"rotation":0,"texture":"#890d1a62-ddf7-6aaf-ef13-0f7d8b74ad58","tintindex":0},"up":{"uv":[4.121,10.621,4.004,9.879],"rotation":0,"texture":"#890d1a62-ddf7-6aaf-ef13-0f7d8b74ad58","tintindex":0},"west":{"uv":[9.379,9.879,10.121,9.996],"rotation":0,"texture":"#890d1a62-ddf7-6aaf-ef13-0f7d8b74ad58","tintindex":0}}},{"name":"xd","from":[6.2,7.7,6.1443796],"to":[9.8,8.0,6.74438],"rotation":{"angle":0.0,"axis":"x","origin":[9.8,7.7,4.194374]},"faces":{"down":{"uv":[10.746,2.129,10.004,2.246],"rotation":0,"texture":"#890d1a62-ddf7-6aaf-ef13-0f7d8b74ad58","tintindex":0},"east":{"uv":[13.629,0.504,13.746,0.621],"rotation":0,"texture":"#890d1a62-ddf7-6aaf-ef13-0f7d8b74ad58","tintindex":0},"north":{"uv":[10.004,0.004,10.746,0.121],"rotation":0,"texture":"#890d1a62-ddf7-6aaf-ef13-0f7d8b74ad58","tintindex":0},"south":{"uv":[10.004,0.254,10.746,0.371],"rotation":0,"texture":"#890d1a62-ddf7-6aaf-ef13-0f7d8b74ad58","tintindex":0},"up":{"uv":[10.746,0.621,10.004,0.504],"rotation":0,"texture":"#890d1a62-ddf7-6aaf-ef13-0f7d8b74ad58","tintindex":0},"west":{"uv":[13.629,0.754,13.746,0.871],"rotation":0,"texture":"#890d1a62-ddf7-6aaf-ef13-0f7d8b74ad58","tintindex":0}}},{"name":"xd","from":[6.56,7.4,6.44438],"to":[9.5,7.7,7.04438],"rotation":{"angle":0.0,"axis":"x","origin":[9.8,7.7,4.194374]},"faces":{"down":{"uv":[10.871,9.879,10.254,9.996],"rotation":0,"texture":"#890d1a62-ddf7-6aaf-ef13-0f7d8b74ad58","tintindex":0},"east":{"uv":[13.629,1.004,13.746,1.121],"rotation":0,"texture":"#890d1a62-ddf7-6aaf-ef13-0f7d8b74ad58","tintindex":0},"north":{"uv":[10.254,5.504,10.871,5.621],"rotation":0,"texture":"#890d1a62-ddf7-6aaf-ef13-0f7d8b74ad58","tintindex":0},"south":{"uv":[10.254,7.254,10.871,7.371],"rotation":0,"texture":"#890d1a62-ddf7-6aaf-ef13-0f7d8b74ad58","tintindex":0},"up":{"uv":[10.871,7.621,10.254,7.504],"rotation":0,"texture":"#890d1a62-ddf7-6aaf-ef13-0f7d8b74ad58","tintindex":0},"west":{"uv":[13.629,1.254,13.746,1.371],"rotation":0,"texture":"#890d1a62-ddf7-6aaf-ef13-0f7d8b74ad58","tintindex":0}}},{"name":"xd","from":[6.2,7.1,6.74438],"to":[9.8,7.4,7.34438],"rotation":{"angle":0.0,"axis":"x","origin":[9.8,7.7,4.194374]},"faces":{"down":{"uv":[10.746,7.004,10.004,7.121],"rotation":0,"texture":"#890d1a62-ddf7-6aaf-ef13-0f7d8b74ad58","tintindex":0},"east":{"uv":[13.629,1.754,13.746,1.871],"rotation":0,"texture":"#890d1a62-ddf7-6aaf-ef13-0f7d8b74ad58","tintindex":0},"north":{"uv":[10.004,6.254,10.746,6.371],"rotation":0,"texture":"#890d1a62-ddf7-6aaf-ef13-0f7d8b74ad58","tintindex":0},"south":{"uv":[10.004,6.504,10.746,6.621],"rotation":0,"texture":"#890d1a62-ddf7-6aaf-ef13-0f7d8b74ad58","tintindex":0},"up":{"uv":[10.746,6.871,10.004,6.754],"rotation":0,"texture":"#890d1a62-ddf7-6aaf-ef13-0f7d8b74ad58","tintindex":0},"west":{"uv":[13.629,2.004,13.746,2.121],"rotation":0,"texture":"#890d1a62-ddf7-6aaf-ef13-0f7d8b74ad58","tintindex":0}}},{"name":"xd","from":[6.2,8.0,5.84438],"to":[9.8,8.21,6.44438],"rotation":{"angle":0.0,"axis":"x","origin":[9.8,7.7,4.194374]},"faces":{"down":{"uv":[0.996,10.129,0.254,10.246],"rotation":0,"texture":"#890d1a62-ddf7-6aaf-ef13-0f7d8b74ad58","tintindex":0},"east":{"uv":[13.629,2.254,13.746,2.371],"rotation":0,"texture":"#890d1a62-ddf7-6aaf-ef13-0f7d8b74ad58","tintindex":0},"north":{"uv":[10.004,7.754,10.746,7.871],"rotation":0,"texture":"#890d1a62-ddf7-6aaf-ef13-0f7d8b74ad58","tintindex":0},"south":{"uv":[10.004,8.004,10.746,8.121],"rotation":0,"texture":"#890d1a62-ddf7-6aaf-ef13-0f7d8b74ad58","tintindex":0},"up":{"uv":[10.746,8.621,10.004,8.504],"rotation":0,"texture":"#890d1a62-ddf7-6aaf-ef13-0f7d8b74ad58","tintindex":0},"west":{"uv":[13.629,2.504,13.746,2.621],"rotation":0,"texture":"#890d1a62-ddf7-6aaf-ef13-0f7d8b74ad58","tintindex":0}}},{"name":"gasgo","from":[9.2,8.6,5.48438],"to":[10.4,9.8,5.84438],"rotation":{"angle":0.0,"axis":"x","origin":[5.885768,10.677153,2.0572996]},"faces":{"down":{"uv":[4.371,12.879,4.129,12.996],"rotation":0,"texture":"#890d1a62-ddf7-6aaf-ef13-0f7d8b74ad58","tintindex":0},"east":{"uv":[2.754,12.879,2.871,13.121],"rotation":0,"texture":"#890d1a62-ddf7-6aaf-ef13-0f7d8b74ad58","tintindex":0},"north":{"uv":[6.129,11.254,6.371,11.496],"rotation":0,"texture":"#890d1a62-ddf7-6aaf-ef13-0f7d8b74ad58","tintindex":0},"south":{"uv":[0.0,0.0,0.0,0.0],"rotation":0,"texture":"#54e1c98d-cbb5-3f45-2868-f1ee52e55c7f","tintindex":0},"up":{"uv":[13.121,3.121,12.879,3.004],"rotation":0,"texture":"#890d1a62-ddf7-6aaf-ef13-0f7d8b74ad58","tintindex":0},"west":{"uv":[3.004,12.879,3.121,13.121],"rotation":0,"texture":"#890d1a62-ddf7-6aaf-ef13-0f7d8b74ad58","tintindex":0}}},{"name":"gasgo","from":[5.6,8.6,5.48438],"to":[6.8,9.8,5.84438],"rotation":{"angle":0.0,"axis":"x","origin":[-9.085769,10.677153,2.0572996]},"faces":{"down":{"uv":[13.121,4.879,12.879,4.996],"rotation":0,"texture":"#890d1a62-ddf7-6aaf-ef13-0f7d8b74ad58","tintindex":0},"east":{"uv":[4.504,12.879,4.621,13.121],"rotation":0,"texture":"#890d1a62-ddf7-6aaf-ef13-0f7d8b74ad58","tintindex":0},"north":{"uv":[11.379,8.754,11.621,8.996],"rotation":0,"texture":"#890d1a62-ddf7-6aaf-ef13-0f7d8b74ad58","tintindex":0},"south":{"uv":[0.0,0.0,0.0,0.0],"rotation":0,"texture":"#54e1c98d-cbb5-3f45-2868-f1ee52e55c7f","tintindex":0},"up":{"uv":[4.996,12.996,4.754,12.879],"rotation":0,"texture":"#890d1a62-ddf7-6aaf-ef13-0f7d8b74ad58","tintindex":0},"west":{"uv":[12.879,4.504,12.996,4.746],"rotation":0,"texture":"#890d1a62-ddf7-6aaf-ef13-0f7d8b74ad58","tintindex":0}}},{"name":"gasgo","from":[8.6,8.0,5.54438],"to":[9.8,8.6,5.84438],"rotation":{"angle":0.0,"axis":"x","origin":[5.885768,10.677153,2.0572996]},"faces":{"down":{"uv":[6.496,12.879,6.254,12.996],"rotation":0,"texture":"#890d1a62-ddf7-6aaf-ef13-0f7d8b74ad58","tintindex":0},"east":{"uv":[2.754,13.629,2.871,13.746],"rotation":0,"texture":"#890d1a62-ddf7-6aaf-ef13-0f7d8b74ad58","tintindex":0},"north":{"uv":[5.129,12.879,5.371,12.996],"rotation":0,"texture":"#890d1a62-ddf7-6aaf-ef13-0f7d8b74ad58","tintindex":0},"south":{"uv":[0.0,0.0,0.0,0.0],"rotation":0,"texture":"#54e1c98d-cbb5-3f45-2868-f1ee52e55c7f","tintindex":0},"up":{"uv":[6.121,12.996,5.879,12.879],"rotation":0,"texture":"#890d1a62-ddf7-6aaf-ef13-0f7d8b74ad58","tintindex":0},"west":{"uv":[13.629,2.754,13.746,2.871],"rotation":0,"texture":"#890d1a62-ddf7-6aaf-ef13-0f7d8b74ad58","tintindex":0}}},{"name":"gasgo","from":[7.4,6.8,5.54438],"to":[8.6,8.6,5.84438],"rotation":{"angle":0.0,"axis":"x","origin":[5.885768,10.677153,2.0572996]},"faces":{"down":{"uv":[6.871,12.879,6.629,12.996],"rotation":0,"texture":"#890d1a62-ddf7-6aaf-ef13-0f7d8b74ad58","tintindex":0},"east":{"uv":[9.004,12.379,9.121,12.746],"rotation":0,"texture":"#890d1a62-ddf7-6aaf-ef13-0f7d8b74ad58","tintindex":0},"north":{"uv":[6.879,9.879,7.121,10.246],"rotation":0,"texture":"#890d1a62-ddf7-6aaf-ef13-0f7d8b74ad58","tintindex":0},"south":{"uv":[0.0,0.0,0.0,0.0],"rotation":0,"texture":"#54e1c98d-cbb5-3f45-2868-f1ee52e55c7f","tintindex":0},"up":{"uv":[13.121,6.371,12.879,6.254],"rotation":0,"texture":"#890d1a62-ddf7-6aaf-ef13-0f7d8b74ad58","tintindex":0},"west":{"uv":[12.379,9.129,12.496,9.496],"rotation":0,"texture":"#890d1a62-ddf7-6aaf-ef13-0f7d8b74ad58","tintindex":0}}},{"name":"gasgo","from":[6.2,8.0,5.54438],"to":[7.4,8.6,5.84438],"rotation":{"angle":0.0,"axis":"x","origin":[-9.085769,10.677153,2.0572996]},"faces":{"down":{"uv":[13.121,7.379,12.879,7.496],"rotation":0,"texture":"#890d1a62-ddf7-6aaf-ef13-0f7d8b74ad58","tintindex":0},"east":{"uv":[3.004,13.629,3.121,13.746],"rotation":0,"texture":"#890d1a62-ddf7-6aaf-ef13-0f7d8b74ad58","tintindex":0},"north":{"uv":[7.004,12.879,7.246,12.996],"rotation":0,"texture":"#890d1a62-ddf7-6aaf-ef13-0f7d8b74ad58","tintindex":0},"south":{"uv":[0.0,0.0,0.0,0.0],"rotation":0,"texture":"#54e1c98d-cbb5-3f45-2868-f1ee52e55c7f","tintindex":0},"up":{"uv":[13.121,7.246,12.879,7.129],"rotation":0,"texture":"#890d1a62-ddf7-6aaf-ef13-0f7d8b74ad58","tintindex":0},"west":{"uv":[13.629,3.004,13.746,3.121],"rotation":0,"texture":"#890d1a62-ddf7-6aaf-ef13-0f7d8b74ad58","tintindex":0}}},{"name":"gasgo","from":[8.6,7.415,5.54438],"to":[9.710001,8.0,5.84438],"rotation":{"angle":0.0,"axis":"x","origin":[5.885768,10.677153,2.0572996]},"faces":{"down":{"uv":[13.121,8.754,12.879,8.871],"rotation":0,"texture":"#890d1a62-ddf7-6aaf-ef13-0f7d8b74ad58","tintindex":0},"east":{"uv":[13.629,3.754,13.746,3.871],"rotation":0,"texture":"#890d1a62-ddf7-6aaf-ef13-0f7d8b74ad58","tintindex":0},"north":{"uv":[12.879,7.879,13.121,7.996],"rotation":0,"texture":"#890d1a62-ddf7-6aaf-ef13-0f7d8b74ad58","tintindex":0},"south":{"uv":[12.879,8.504,13.121,8.621],"rotation":0,"texture":"#890d1a62-ddf7-6aaf-ef13-0f7d8b74ad58","tintindex":0},"up":{"uv":[8.996,12.996,8.754,12.879],"rotation":0,"texture":"#890d1a62-ddf7-6aaf-ef13-0f7d8b74ad58","tintindex":0},"west":{"uv":[4.379,13.629,4.496,13.746],"rotation":0,"texture":"#890d1a62-ddf7-6aaf-ef13-0f7d8b74ad58","tintindex":0}}},{"name":"gasgo","from":[6.2,7.4,5.54438],"to":[7.4,8.0,5.84438],"rotation":{"angle":0.0,"axis":"x","origin":[-9.085769,10.677153,2.0572996]},"faces":{"down":{"uv":[10.246,12.879,10.004,12.996],"rotation":0,"texture":"#890d1a62-ddf7-6aaf-ef13-0f7d8b74ad58","tintindex":0},"east":{"uv":[13.629,4.629,13.746,4.746],"rotation":0,"texture":"#890d1a62-ddf7-6aaf-ef13-0f7d8b74ad58","tintindex":0},"north":{"uv":[12.879,9.004,13.121,9.121],"rotation":0,"texture":"#890d1a62-ddf7-6aaf-ef13-0f7d8b74ad58","tintindex":0},"south":{"uv":[12.879,9.254,13.121,9.371],"rotation":0,"texture":"#890d1a62-ddf7-6aaf-ef13-0f7d8b74ad58","tintindex":0},"up":{"uv":[13.121,9.621,12.879,9.504],"rotation":0,"texture":"#890d1a62-ddf7-6aaf-ef13-0f7d8b74ad58","tintindex":0},"west":{"uv":[13.629,5.504,13.746,5.621],"rotation":0,"texture":"#890d1a62-ddf7-6aaf-ef13-0f7d8b74ad58","tintindex":0}}},{"name":"gasgo","from":[7.4,12.2,5.3943796],"to":[8.6,12.8,5.99438],"rotation":{"angle":0.0,"axis":"x","origin":[3.722096,10.677153,2.0572996]},"faces":{"down":{"uv":[10.996,12.879,10.754,12.996],"rotation":0,"texture":"#890d1a62-ddf7-6aaf-ef13-0f7d8b74ad58","tintindex":0},"east":{"uv":[13.629,5.754,13.746,5.871],"rotation":0,"texture":"#890d1a62-ddf7-6aaf-ef13-0f7d8b74ad58","tintindex":0},"north":{"uv":[10.379,12.879,10.621,12.996],"rotation":0,"texture":"#890d1a62-ddf7-6aaf-ef13-0f7d8b74ad58","tintindex":0},"south":{"uv":[0.0,0.0,0.0,0.0],"rotation":0,"texture":"#54e1c98d-cbb5-3f45-2868-f1ee52e55c7f","tintindex":0},"up":{"uv":[0.0,0.0,0.0,0.0],"rotation":0,"texture":"#54e1c98d-cbb5-3f45-2868-f1ee52e55c7f","tintindex":0},"west":{"uv":[13.629,6.254,13.746,6.371],"rotation":0,"texture":"#890d1a62-ddf7-6aaf-ef13-0f7d8b74ad58","tintindex":0}}},{"name":"gasgo","from":[8.1280575,8.0,5.469948],"to":[9.328058,9.2,6.069948],"rotation":{"angle":-22.5,"axis":"y","origin":[9.328058,8.45,5.68056]},"faces":{"down":{"uv":[5.746,13.004,5.504,13.121],"rotation":0,"texture":"#890d1a62-ddf7-6aaf-ef13-0f7d8b74ad58","tintindex":0},"east":{"uv":[3.879,13.004,3.996,13.246],"rotation":0,"texture":"#890d1a62-ddf7-6aaf-ef13-0f7d8b74ad58","tintindex":0},"north":{"uv":[11.504,0.004,11.746,0.246],"rotation":0,"texture":"#890d1a62-ddf7-6aaf-ef13-0f7d8b74ad58","tintindex":0},"south":{"uv":[0.0,0.0,0.0,0.0],"rotation":0,"texture":"#54e1c98d-cbb5-3f45-2868-f1ee52e55c7f","tintindex":0},"up":{"uv":[0.0,0.0,0.0,0.0],"rotation":0,"texture":"#54e1c98d-cbb5-3f45-2868-f1ee52e55c7f","tintindex":0},"west":{"uv":[13.004,4.129,13.121,4.371],"rotation":0,"texture":"#890d1a62-ddf7-6aaf-ef13-0f7d8b74ad58","tintindex":0}}},{"name":"gasgo","from":[8.1280575,9.2,5.469948],"to":[9.328058,9.5,6.069948],"rotation":{"angle":-22.5,"axis":"y","origin":[9.328058,8.45,5.68056]},"faces":{"down":{"uv":[13.246,12.129,13.004,12.246],"rotation":0,"texture":"#890d1a62-ddf7-6aaf-ef13-0f7d8b74ad58","tintindex":0},"east":{"uv":[7.129,13.754,7.246,13.871],"rotation":0,"texture":"#890d1a62-ddf7-6aaf-ef13-0f7d8b74ad58","tintindex":0},"north":{"uv":[13.004,11.629,13.246,11.746],"rotation":0,"texture":"#890d1a62-ddf7-6aaf-ef13-0f7d8b74ad58","tintindex":0},"south":{"uv":[0.0,0.0,0.0,0.0],"rotation":0,"texture":"#54e1c98d-cbb5-3f45-2868-f1ee52e55c7f","tintindex":0},"up":{"uv":[13.246,11.996,13.004,11.879],"rotation":0,"texture":"#890d1a62-ddf7-6aaf-ef13-0f7d8b74ad58","tintindex":0},"west":{"uv":[7.629,13.754,7.746,13.871],"rotation":0,"texture":"#890d1a62-ddf7-6aaf-ef13-0f7d8b74ad58","tintindex":0}}},{"name":"gasgo","from":[6.671942,9.2,5.469948],"to":[7.8719425,9.5,6.069948],"rotation":{"angle":22.5,"axis":"y","origin":[6.671942,8.45,5.68056]},"faces":{"down":{"uv":[0.496,13.129,0.254,13.246],"rotation":0,"texture":"#890d1a62-ddf7-6aaf-ef13-0f7d8b74ad58","tintindex":0},"east":{"uv":[13.754,8.004,13.871,8.121],"rotation":0,"texture":"#890d1a62-ddf7-6aaf-ef13-0f7d8b74ad58","tintindex":0},"north":{"uv":[13.004,12.754,13.246,12.871],"rotation":0,"texture":"#890d1a62-ddf7-6aaf-ef13-0f7d8b74ad58","tintindex":0},"south":{"uv":[0.0,0.0,0.0,0.0],"rotation":0,"texture":"#54e1c98d-cbb5-3f45-2868-f1ee52e55c7f","tintindex":0},"up":{"uv":[13.246,13.121,13.004,13.004],"rotation":0,"texture":"#890d1a62-ddf7-6aaf-ef13-0f7d8b74ad58","tintindex":0},"west":{"uv":[13.754,8.254,13.871,8.371],"rotation":0,"texture":"#890d1a62-ddf7-6aaf-ef13-0f7d8b74ad58","tintindex":0}}},{"name":"gasgo","from":[6.671942,8.0,5.469948],"to":[7.8719425,9.2,6.069948],"rotation":{"angle":22.5,"axis":"y","origin":[6.671942,8.45,5.68056]},"faces":{"down":{"uv":[13.246,11.379,13.004,11.496],"rotation":0,"texture":"#890d1a62-ddf7-6aaf-ef13-0f7d8b74ad58","tintindex":0},"east":{"uv":[8.254,13.004,8.371,13.246],"rotation":0,"texture":"#890d1a62-ddf7-6aaf-ef13-0f7d8b74ad58","tintindex":0},"north":{"uv":[11.504,0.629,11.746,0.871],"rotation":0,"texture":"#890d1a62-ddf7-6aaf-ef13-0f7d8b74ad58","tintindex":0},"south":{"uv":[0.0,0.0,0.0,0.0],"rotation":0,"texture":"#54e1c98d-cbb5-3f45-2868-f1ee52e55c7f","tintindex":0},"up":{"uv":[0.0,0.0,0.0,0.0],"rotation":0,"texture":"#54e1c98d-cbb5-3f45-2868-f1ee52e55c7f","tintindex":0},"west":{"uv":[13.004,11.004,13.121,11.246],"rotation":0,"texture":"#890d1a62-ddf7-6aaf-ef13-0f7d8b74ad58","tintindex":0}}},{"name":"gasgo","from":[7.7,7.925,5.02676],"to":[8.3,9.8,5.59724],"rotation":{"angle":0.0,"axis":"x","origin":[3.722096,12.16468,1.0360758]},"faces":{"down":{"uv":[4.996,13.754,4.879,13.871],"rotation":0,"texture":"#890d1a62-ddf7-6aaf-ef13-0f7d8b74ad58","tintindex":0},"east":{"uv":[3.879,12.504,3.996,12.871],"rotation":0,"texture":"#890d1a62-ddf7-6aaf-ef13-0f7d8b74ad58","tintindex":0},"north":{"uv":[0.754,12.504,0.871,12.871],"rotation":0,"texture":"#890d1a62-ddf7-6aaf-ef13-0f7d8b74ad58","tintindex":0},"south":{"uv":[12.504,5.504,12.621,5.871],"rotation":0,"texture":"#890d1a62-ddf7-6aaf-ef13-0f7d8b74ad58","tintindex":0},"up":{"uv":[4.746,13.871,4.629,13.754],"rotation":0,"texture":"#890d1a62-ddf7-6aaf-ef13-0f7d8b74ad58","tintindex":0},"west":{"uv":[8.004,12.504,8.121,12.871],"rotation":0,"texture":"#890d1a62-ddf7-6aaf-ef13-0f7d8b74ad58","tintindex":0}}},{"name":"gasgo","from":[7.7,9.785,4.72676],"to":[8.3,13.985,5.29724],"rotation":{"angle":0.0,"axis":"x","origin":[3.722096,12.16468,1.3360759]},"faces":{"down":{"uv":[13.871,4.254,13.754,4.371],"rotation":0,"texture":"#890d1a62-ddf7-6aaf-ef13-0f7d8b74ad58","tintindex":0},"east":{"uv":[8.379,9.254,8.496,10.121],"rotation":0,"texture":"#890d1a62-ddf7-6aaf-ef13-0f7d8b74ad58","tintindex":0},"north":{"uv":[6.629,9.254,6.746,10.121],"rotation":0,"texture":"#890d1a62-ddf7-6aaf-ef13-0f7d8b74ad58","tintindex":0},"south":{"uv":[8.629,9.254,8.746,10.121],"rotation":0,"texture":"#890d1a62-ddf7-6aaf-ef13-0f7d8b74ad58","tintindex":0},"up":{"uv":[13.871,4.121,13.754,4.004],"rotation":0,"texture":"#890d1a62-ddf7-6aaf-ef13-0f7d8b74ad58","tintindex":0},"west":{"uv":[0.004,9.379,0.121,10.246],"rotation":0,"texture":"#890d1a62-ddf7-6aaf-ef13-0f7d8b74ad58","tintindex":0}}},{"name":"gasgo","from":[7.780074,13.7960005,4.7336],"to":[8.203074,14.219001,5.2855997],"rotation":{"angle":-45.0,"axis":"z","origin":[7.9690742,13.985,5.012]},"faces":{"down":{"uv":[13.871,7.004,13.754,7.121],"rotation":0,"texture":"#890d1a62-ddf7-6aaf-ef13-0f7d8b74ad58","tintindex":0},"east":{"uv":[13.754,6.504,13.871,6.621],"rotation":0,"texture":"#890d1a62-ddf7-6aaf-ef13-0f7d8b74ad58","tintindex":0},"north":{"uv":[6.379,13.754,6.496,13.871],"rotation":0,"texture":"#890d1a62-ddf7-6aaf-ef13-0f7d8b74ad58","tintindex":0},"south":{"uv":[6.629,13.754,6.746,13.871],"rotation":0,"texture":"#890d1a62-ddf7-6aaf-ef13-0f7d8b74ad58","tintindex":0},"up":{"uv":[6.996,13.871,6.879,13.754],"rotation":0,"texture":"#890d1a62-ddf7-6aaf-ef13-0f7d8b74ad58","tintindex":0},"west":{"uv":[13.754,6.754,13.871,6.871],"rotation":0,"texture":"#890d1a62-ddf7-6aaf-ef13-0f7d8b74ad58","tintindex":0}}},{"name":"gasgo","from":[8.615,12.184999,5.32676],"to":[9.215,13.384999,5.8972397],"rotation":{"angle":0.0,"axis":"x","origin":[4.637096,11.564678,1.9360759]},"faces":{"down":{"uv":[13.871,8.754,13.754,8.871],"rotation":0,"texture":"#890d1a62-ddf7-6aaf-ef13-0f7d8b74ad58","tintindex":0},"east":{"uv":[13.129,1.129,13.246,1.371],"rotation":0,"texture":"#890d1a62-ddf7-6aaf-ef13-0f7d8b74ad58","tintindex":0},"north":{"uv":[1.004,13.129,1.121,13.371],"rotation":0,"texture":"#890d1a62-ddf7-6aaf-ef13-0f7d8b74ad58","tintindex":0},"south":{"uv":[1.254,13.129,1.371,13.371],"rotation":0,"texture":"#890d1a62-ddf7-6aaf-ef13-0f7d8b74ad58","tintindex":0},"up":{"uv":[13.871,8.621,13.754,8.504],"rotation":0,"texture":"#890d1a62-ddf7-6aaf-ef13-0f7d8b74ad58","tintindex":0},"west":{"uv":[1.504,13.129,1.621,13.371],"rotation":0,"texture":"#890d1a62-ddf7-6aaf-ef13-0f7d8b74ad58","tintindex":0}}},{"name":"gasgo","from":[8.695074,13.196,5.33],"to":[9.118074,13.619001,5.894],"rotation":{"angle":-45.0,"axis":"z","origin":[8.884073,13.384999,5.612]},"faces":{"down":{"uv":[13.871,12.254,13.754,12.371],"rotation":0,"texture":"#890d1a62-ddf7-6aaf-ef13-0f7d8b74ad58","tintindex":0},"east":{"uv":[10.879,13.754,10.996,13.871],"rotation":0,"texture":"#890d1a62-ddf7-6aaf-ef13-0f7d8b74ad58","tintindex":0},"north":{"uv":[10.629,13.754,10.746,13.871],"rotation":0,"texture":"#890d1a62-ddf7-6aaf-ef13-0f7d8b74ad58","tintindex":0},"south":{"uv":[13.754,11.004,13.871,11.121],"rotation":0,"texture":"#890d1a62-ddf7-6aaf-ef13-0f7d8b74ad58","tintindex":0},"up":{"uv":[11.996,13.871,11.879,13.754],"rotation":0,"texture":"#890d1a62-ddf7-6aaf-ef13-0f7d8b74ad58","tintindex":0},"west":{"uv":[11.129,13.754,11.246,13.871],"rotation":0,"texture":"#890d1a62-ddf7-6aaf-ef13-0f7d8b74ad58","tintindex":0}}},{"name":"gasgo","from":[6.785,12.184999,5.32676],"to":[7.3849998,13.384999,5.8972397],"rotation":{"angle":0.0,"axis":"x","origin":[11.362904,11.564678,1.9360759]},"faces":{"down":{"uv":[13.871,9.004,13.754,9.121],"rotation":0,"texture":"#890d1a62-ddf7-6aaf-ef13-0f7d8b74ad58","tintindex":0},"east":{"uv":[2.004,13.129,2.121,13.371],"rotation":0,"texture":"#890d1a62-ddf7-6aaf-ef13-0f7d8b74ad58","tintindex":0},"north":{"uv":[1.754,13.129,1.871,13.371],"rotation":0,"texture":"#890d1a62-ddf7-6aaf-ef13-0f7d8b74ad58","tintindex":0},"south":{"uv":[2.254,13.129,2.371,13.371],"rotation":0,"texture":"#890d1a62-ddf7-6aaf-ef13-0f7d8b74ad58","tintindex":0},"up":{"uv":[8.996,13.871,8.879,13.754],"rotation":0,"texture":"#890d1a62-ddf7-6aaf-ef13-0f7d8b74ad58","tintindex":0},"west":{"uv":[13.129,2.254,13.246,2.496],"rotation":0,"texture":"#890d1a62-ddf7-6aaf-ef13-0f7d8b74ad58","tintindex":0}}},{"name":"gasgo","from":[6.8819256,13.196,5.33],"to":[7.304926,13.619001,5.894],"rotation":{"angle":45.0,"axis":"z","origin":[7.115926,13.384999,5.612]},"faces":{"down":{"uv":[10.496,13.754,10.379,13.871],"rotation":0,"texture":"#890d1a62-ddf7-6aaf-ef13-0f7d8b74ad58","tintindex":0},"east":{"uv":[9.629,13.754,9.746,13.871],"rotation":0,"texture":"#890d1a62-ddf7-6aaf-ef13-0f7d8b74ad58","tintindex":0},"north":{"uv":[9.379,13.754,9.496,13.871],"rotation":0,"texture":"#890d1a62-ddf7-6aaf-ef13-0f7d8b74ad58","tintindex":0},"south":{"uv":[13.754,9.629,13.871,9.746],"rotation":0,"texture":"#890d1a62-ddf7-6aaf-ef13-0f7d8b74ad58","tintindex":0},"up":{"uv":[10.246,13.871,10.129,13.754],"rotation":0,"texture":"#890d1a62-ddf7-6aaf-ef13-0f7d8b74ad58","tintindex":0},"west":{"uv":[9.879,13.754,9.996,13.871],"rotation":0,"texture":"#890d1a62-ddf7-6aaf-ef13-0f7d8b74ad58","tintindex":0}}},{"name":"gasgo","from":[7.55,12.8,6.6767597],"to":[8.45,13.400001,9.94724],"rotation":{"angle":0.0,"axis":"x","origin":[3.722096,12.16468,1.3360759]},"faces":{"down":{"uv":[5.496,8.504,5.254,9.121],"rotation":0,"texture":"#890d1a62-ddf7-6aaf-ef13-0f7d8b74ad58","tintindex":0},"east":{"uv":[10.379,1.504,10.996,1.621],"rotation":0,"texture":"#890d1a62-ddf7-6aaf-ef13-0f7d8b74ad58","tintindex":0},"north":{"uv":[11.129,12.879,11.371,12.996],"rotation":0,"texture":"#890d1a62-ddf7-6aaf-ef13-0f7d8b74ad58","tintindex":0},"south":{"uv":[11.504,12.879,11.746,12.996],"rotation":0,"texture":"#890d1a62-ddf7-6aaf-ef13-0f7d8b74ad58","tintindex":0},"up":{"uv":[1.996,9.121,1.754,8.504],"rotation":0,"texture":"#890d1a62-ddf7-6aaf-ef13-0f7d8b74ad58","tintindex":0},"west":{"uv":[10.379,1.754,10.996,1.871],"rotation":0,"texture":"#890d1a62-ddf7-6aaf-ef13-0f7d8b74ad58","tintindex":0}}},{"name":"gasgo","from":[7.7,12.2,9.97676],"to":[8.3,13.400001,11.17676],"rotation":{"angle":0.0,"axis":"x","origin":[3.722096,12.16468,1.3360759]},"faces":{"down":{"uv":[13.121,0.504,13.004,0.746],"rotation":0,"texture":"#890d1a62-ddf7-6aaf-ef13-0f7d8b74ad58","tintindex":0},"east":{"uv":[9.504,11.379,9.746,11.621],"rotation":0,"texture":"#890d1a62-ddf7-6aaf-ef13-0f7d8b74ad58","tintindex":0},"north":{"uv":[11.879,12.879,11.996,13.121],"rotation":0,"texture":"#890d1a62-ddf7-6aaf-ef13-0f7d8b74ad58","tintindex":0},"south":{"uv":[12.129,12.879,12.246,13.121],"rotation":0,"texture":"#890d1a62-ddf7-6aaf-ef13-0f7d8b74ad58","tintindex":0},"up":{"uv":[12.496,13.121,12.379,12.879],"rotation":0,"texture":"#890d1a62-ddf7-6aaf-ef13-0f7d8b74ad58","tintindex":0},"west":{"uv":[11.004,11.379,11.246,11.621],"rotation":0,"texture":"#890d1a62-ddf7-6aaf-ef13-0f7d8b74ad58","tintindex":0}}},{"name":"gasgo","from":[7.7,9.8,10.576759],"to":[8.3,12.2,11.17676],"rotation":{"angle":0.0,"axis":"x","origin":[3.722096,12.16468,1.3360759]},"faces":{"down":{"uv":[8.246,13.629,8.129,13.746],"rotation":0,"texture":"#890d1a62-ddf7-6aaf-ef13-0f7d8b74ad58","tintindex":0},"east":{"uv":[4.504,11.379,4.621,11.871],"rotation":0,"texture":"#890d1a62-ddf7-6aaf-ef13-0f7d8b74ad58","tintindex":0},"north":{"uv":[4.004,11.254,4.121,11.746],"rotation":0,"texture":"#890d1a62-ddf7-6aaf-ef13-0f7d8b74ad58","tintindex":0},"south":{"uv":[9.879,11.379,9.996,11.871],"rotation":0,"texture":"#890d1a62-ddf7-6aaf-ef13-0f7d8b74ad58","tintindex":0},"up":{"uv":[7.996,13.746,7.879,13.629],"rotation":0,"texture":"#890d1a62-ddf7-6aaf-ef13-0f7d8b74ad58","tintindex":0},"west":{"uv":[11.379,11.379,11.496,11.871],"rotation":0,"texture":"#890d1a62-ddf7-6aaf-ef13-0f7d8b74ad58","tintindex":0}}},{"name":"gasgo","from":[7.7,13.400001,6.6767597],"to":[8.3,14.0,9.94724],"rotation":{"angle":0.0,"axis":"x","origin":[3.722096,12.16468,1.3360759]},"faces":{"down":{"uv":[6.871,10.379,6.754,10.996],"rotation":0,"texture":"#890d1a62-ddf7-6aaf-ef13-0f7d8b74ad58","tintindex":0},"east":{"uv":[10.379,2.379,10.996,2.496],"rotation":0,"texture":"#890d1a62-ddf7-6aaf-ef13-0f7d8b74ad58","tintindex":0},"north":{"uv":[8.379,13.629,8.496,13.746],"rotation":0,"texture":"#890d1a62-ddf7-6aaf-ef13-0f7d8b74ad58","tintindex":0},"south":{"uv":[8.629,13.629,8.746,13.746],"rotation":0,"texture":"#890d1a62-ddf7-6aaf-ef13-0f7d8b74ad58","tintindex":0},"up":{"uv":[3.246,10.996,3.129,10.379],"rotation":0,"texture":"#890d1a62-ddf7-6aaf-ef13-0f7d8b74ad58","tintindex":0},"west":{"uv":[10.379,2.629,10.996,2.746],"rotation":0,"texture":"#890d1a62-ddf7-6aaf-ef13-0f7d8b74ad58","tintindex":0}}},{"name":"gasgo","from":[7.7,14.0,8.47676],"to":[8.3,14.6,9.94724],"rotation":{"angle":0.0,"axis":"x","origin":[3.722096,12.16468,1.3360759]},"faces":{"down":{"uv":[8.121,13.004,8.004,13.246],"rotation":0,"texture":"#890d1a62-ddf7-6aaf-ef13-0f7d8b74ad58","tintindex":0},"east":{"uv":[7.379,13.004,7.621,13.121],"rotation":0,"texture":"#890d1a62-ddf7-6aaf-ef13-0f7d8b74ad58","tintindex":0},"north":{"uv":[11.379,13.629,11.496,13.746],"rotation":0,"texture":"#890d1a62-ddf7-6aaf-ef13-0f7d8b74ad58","tintindex":0},"south":{"uv":[13.629,11.504,13.746,11.621],"rotation":0,"texture":"#890d1a62-ddf7-6aaf-ef13-0f7d8b74ad58","tintindex":0},"up":{"uv":[7.871,13.246,7.754,13.004],"rotation":0,"texture":"#890d1a62-ddf7-6aaf-ef13-0f7d8b74ad58","tintindex":0},"west":{"uv":[13.004,7.629,13.246,7.746],"rotation":0,"texture":"#890d1a62-ddf7-6aaf-ef13-0f7d8b74ad58","tintindex":0}}},{"name":"gasgo","from":[7.7,14.6,9.3767605],"to":[8.3,15.2,9.94724],"rotation":{"angle":0.0,"axis":"x","origin":[8.0,14.900001,9.662001]},"faces":{"down":{"uv":[12.996,13.629,12.879,13.746],"rotation":0,"texture":"#890d1a62-ddf7-6aaf-ef13-0f7d8b74ad58","tintindex":0},"east":{"uv":[13.629,11.754,13.746,11.871],"rotation":0,"texture":"#890d1a62-ddf7-6aaf-ef13-0f7d8b74ad58","tintindex":0},"north":{"uv":[11.629,13.629,11.746,13.746],"rotation":0,"texture":"#890d1a62-ddf7-6aaf-ef13-0f7d8b74ad58","tintindex":0},"south":{"uv":[13.629,12.004,13.746,12.121],"rotation":0,"texture":"#890d1a62-ddf7-6aaf-ef13-0f7d8b74ad58","tintindex":0},"up":{"uv":[13.746,12.746,13.629,12.629],"rotation":0,"texture":"#890d1a62-ddf7-6aaf-ef13-0f7d8b74ad58","tintindex":0},"west":{"uv":[12.254,13.629,12.371,13.746],"rotation":0,"texture":"#890d1a62-ddf7-6aaf-ef13-0f7d8b74ad58","tintindex":0}}},{"name":"gasgo","from":[7.7,15.2,9.3767605],"to":[8.3,15.8,9.94724],"rotation":{"angle":0.0,"axis":"x","origin":[3.722096,12.16468,1.3360759]},"faces":{"down":{"uv":[13.871,0.254,13.754,0.371],"rotation":0,"texture":"#890d1a62-ddf7-6aaf-ef13-0f7d8b74ad58","tintindex":0},"east":{"uv":[13.629,13.379,13.746,13.496],"rotation":0,"texture":"#890d1a62-ddf7-6aaf-ef13-0f7d8b74ad58","tintindex":0},"north":{"uv":[13.629,12.879,13.746,12.996],"rotation":0,"texture":"#890d1a62-ddf7-6aaf-ef13-0f7d8b74ad58","tintindex":0},"south":{"uv":[13.629,13.629,13.746,13.746],"rotation":0,"texture":"#890d1a62-ddf7-6aaf-ef13-0f7d8b74ad58","tintindex":0},"up":{"uv":[0.371,13.871,0.254,13.754],"rotation":0,"texture":"#890d1a62-ddf7-6aaf-ef13-0f7d8b74ad58","tintindex":0},"west":{"uv":[13.754,0.004,13.871,0.121],"rotation":0,"texture":"#890d1a62-ddf7-6aaf-ef13-0f7d8b74ad58","tintindex":0}}},{"name":"gasgo","from":[8.0,11.0,5.54438],"to":[9.8,11.6,5.965604],"rotation":{"angle":-22.5,"axis":"y","origin":[10.275715,10.742857,5.7376738]},"faces":{"down":{"uv":[9.621,12.379,9.254,12.496],"rotation":0,"texture":"#890d1a62-ddf7-6aaf-ef13-0f7d8b74ad58","tintindex":0},"east":{"uv":[0.0,0.0,0.0,0.0],"rotation":0,"texture":"#54e1c98d-cbb5-3f45-2868-f1ee52e55c7f","tintindex":0},"north":{"uv":[12.379,8.004,12.746,8.121],"rotation":0,"texture":"#890d1a62-ddf7-6aaf-ef13-0f7d8b74ad58","tintindex":0},"south":{"uv":[0.0,0.0,0.0,0.0],"rotation":0,"texture":"#54e1c98d-cbb5-3f45-2868-f1ee52e55c7f","tintindex":0},"up":{"uv":[0.0,0.0,0.0,0.0],"rotation":0,"texture":"#54e1c98d-cbb5-3f45-2868-f1ee52e55c7f","tintindex":0},"west":{"uv":[13.629,7.254,13.746,7.371],"rotation":0,"texture":"#890d1a62-ddf7-6aaf-ef13-0f7d8b74ad58","tintindex":0}}},{"name":"bandend_11","from":[7.4,9.2,17.6],"to":[8.0,11.6,18.2],"rotation":{"angle":-45.0,"axis":"y","origin":[7.4,17.6,9.2]},"faces":{"down":{"uv":[14.0,14.0,15.0,13.0],"rotation":270,"texture":"#0883c4cf-7999-ec5e-75c0-85644915bfa1","tintindex":0},"east":{"uv":[15.0,10.0,14.0,14.0],"rotation":0,"texture":"#0883c4cf-7999-ec5e-75c0-85644915bfa1","tintindex":0},"north":{"uv":[15.0,10.0,14.0,14.0],"rotation":0,"texture":"#0883c4cf-7999-ec5e-75c0-85644915bfa1","tintindex":0},"south":{"uv":[15.0,10.0,14.0,14.0],"rotation":0,"texture":"#0883c4cf-7999-ec5e-75c0-85644915bfa1","tintindex":0},"up":{"uv":[15.0,11.0,14.0,10.0],"rotation":270,"texture":"#0883c4cf-7999-ec5e-75c0-85644915bfa1","tintindex":0},"west":{"uv":[15.0,14.0,14.0,10.0],"rotation":180,"texture":"#0883c4cf-7999-ec5e-75c0-85644915bfa1","tintindex":0}}},{"name":"bandend_10","from":[7.4,8.0,17.0],"to":[8.0,12.8,17.6],"rotation":{"angle":-45.0,"axis":"y","origin":[7.4,17.6,9.2]},"faces":{"down":{"uv":[13.0,16.0,14.0,15.0],"rotation":270,"texture":"#0883c4cf-7999-ec5e-75c0-85644915bfa1","tintindex":0},"east":{"uv":[14.0,8.0,13.0,16.0],"rotation":0,"texture":"#0883c4cf-7999-ec5e-75c0-85644915bfa1","tintindex":0},"north":{"uv":[14.0,8.0,13.0,16.0],"rotation":0,"texture":"#0883c4cf-7999-ec5e-75c0-85644915bfa1","tintindex":0},"south":{"uv":[14.0,8.0,13.0,16.0],"rotation":0,"texture":"#0883c4cf-7999-ec5e-75c0-85644915bfa1","tintindex":0},"up":{"uv":[14.0,9.0,13.0,8.0],"rotation":270,"texture":"#0883c4cf-7999-ec5e-75c0-85644915bfa1","tintindex":0},"west":{"uv":[14.0,16.0,13.0,8.0],"rotation":180,"texture":"#0883c4cf-7999-ec5e-75c0-85644915bfa1","tintindex":0}}},{"name":"bandend_9","from":[7.4,12.2,14.6],"to":[8.0,12.8,15.2],"rotation":{"angle":-45.0,"axis":"y","origin":[7.4,17.6,9.2]},"faces":{"down":{"uv":[9.0,9.0,10.0,8.0],"rotation":270,"texture":"#0883c4cf-7999-ec5e-75c0-85644915bfa1","tintindex":0},"east":{"uv":[10.0,8.0,9.0,9.0],"rotation":0,"texture":"#0883c4cf-7999-ec5e-75c0-85644915bfa1","tintindex":0},"north":{"uv":[10.0,8.0,9.0,9.0],"rotation":0,"texture":"#0883c4cf-7999-ec5e-75c0-85644915bfa1","tintindex":0},"south":{"uv":[10.0,8.0,9.0,9.0],"rotation":0,"texture":"#0883c4cf-7999-ec5e-75c0-85644915bfa1","tintindex":0},"up":{"uv":[10.0,9.0,9.0,8.0],"rotation":270,"texture":"#0883c4cf-7999-ec5e-75c0-85644915bfa1","tintindex":0},"west":{"uv":[10.0,9.0,9.0,8.0],"rotation":180,"texture":"#0883c4cf-7999-ec5e-75c0-85644915bfa1","tintindex":0}}},{"name":"bandend_8","from":[7.4,9.8,16.400002],"to":[8.0,14.0,17.0],"rotation":{"angle":-45.0,"axis":"y","origin":[7.4,17.6,9.2]},"faces":{"down":{"uv":[12.0,13.0,13.0,12.0],"rotation":270,"texture":"#0883c4cf-7999-ec5e-75c0-85644915bfa1","tintindex":0},"east":{"uv":[13.0,6.0,12.0,13.0],"rotation":0,"texture":"#0883c4cf-7999-ec5e-75c0-85644915bfa1","tintindex":0},"north":{"uv":[13.0,6.0,12.0,13.0],"rotation":0,"texture":"#0883c4cf-7999-ec5e-75c0-85644915bfa1","tintindex":0},"south":{"uv":[13.0,6.0,12.0,13.0],"rotation":0,"texture":"#0883c4cf-7999-ec5e-75c0-85644915bfa1","tintindex":0},"up":{"uv":[13.0,7.0,12.0,6.0],"rotation":270,"texture":"#0883c4cf-7999-ec5e-75c0-85644915bfa1","tintindex":0},"west":{"uv":[13.0,13.0,12.0,6.0],"rotation":180,"texture":"#0883c4cf-7999-ec5e-75c0-85644915bfa1","tintindex":0}}},{"name":"bandend_7","from":[7.4,12.8,11.6],"to":[8.0,14.0,12.2],"rotation":{"angle":-45.0,"axis":"y","origin":[7.4,17.6,9.2]},"faces":{"down":{"uv":[4.0,8.0,5.0,7.0],"rotation":270,"texture":"#0883c4cf-7999-ec5e-75c0-85644915bfa1","tintindex":0},"east":{"uv":[5.0,6.0,4.0,8.0],"rotation":0,"texture":"#0883c4cf-7999-ec5e-75c0-85644915bfa1","tintindex":0},"north":{"uv":[5.0,6.0,4.0,8.0],"rotation":0,"texture":"#0883c4cf-7999-ec5e-75c0-85644915bfa1","tintindex":0},"south":{"uv":[5.0,6.0,4.0,8.0],"rotation":0,"texture":"#0883c4cf-7999-ec5e-75c0-85644915bfa1","tintindex":0},"up":{"uv":[5.0,7.0,4.0,6.0],"rotation":270,"texture":"#0883c4cf-7999-ec5e-75c0-85644915bfa1","tintindex":0},"west":{"uv":[5.0,8.0,4.0,6.0],"rotation":180,"texture":"#0883c4cf-7999-ec5e-75c0-85644915bfa1","tintindex":0}}},{"name":"bandend_6","from":[2.4330952,11.0,13.991169],"to":[3.0330951,14.6,14.591168],"rotation":{"angle":-45.0,"axis":"y","origin":[2.7330952,12.8,14.291169]},"faces":{"down":{"uv":[11.0,11.0,12.0,10.0],"rotation":270,"texture":"#0883c4cf-7999-ec5e-75c0-85644915bfa1","tintindex":0},"east":{"uv":[12.0,5.0,11.0,11.0],"rotation":0,"texture":"#0883c4cf-7999-ec5e-75c0-85644915bfa1","tintindex":0},"north":{"uv":[12.0,5.0,11.0,11.0],"rotation":0,"texture":"#0883c4cf-7999-ec5e-75c0-85644915bfa1","tintindex":0},"south":{"uv":[12.0,5.0,11.0,11.0],"rotation":0,"texture":"#0883c4cf-7999-ec5e-75c0-85644915bfa1","tintindex":0},"up":{"uv":[12.0,6.0,11.0,5.0],"rotation":270,"texture":"#0883c4cf-7999-ec5e-75c0-85644915bfa1","tintindex":0},"west":{"uv":[12.0,11.0,11.0,5.0],"rotation":180,"texture":"#0883c4cf-7999-ec5e-75c0-85644915bfa1","tintindex":0}}},{"name":"bandend_5","from":[7.4,11.6,15.2],"to":[8.0,15.8,15.8],"rotation":{"angle":-45.0,"axis":"y","origin":[7.4,17.6,9.2]},"faces":{"down":{"uv":[10.0,10.0,11.0,9.0],"rotation":270,"texture":"#0883c4cf-7999-ec5e-75c0-85644915bfa1","tintindex":0},"east":{"uv":[11.0,3.0,10.0,10.0],"rotation":0,"texture":"#0883c4cf-7999-ec5e-75c0-85644915bfa1","tintindex":0},"north":{"uv":[11.0,3.0,10.0,10.0],"rotation":0,"texture":"#0883c4cf-7999-ec5e-75c0-85644915bfa1","tintindex":0},"south":{"uv":[11.0,3.0,10.0,10.0],"rotation":0,"texture":"#0883c4cf-7999-ec5e-75c0-85644915bfa1","tintindex":0},"up":{"uv":[11.0,4.0,10.0,3.0],"rotation":270,"texture":"#0883c4cf-7999-ec5e-75c0-85644915bfa1","tintindex":0},"west":{"uv":[11.0,10.0,10.0,3.0],"rotation":180,"texture":"#0883c4cf-7999-ec5e-75c0-85644915bfa1","tintindex":0}}},{"name":"bandend_4","from":[7.4,14.6,9.2],"to":[8.0,16.400002,9.8],"rotation":{"angle":-45.0,"axis":"y","origin":[7.4,17.6,9.2]},"faces":{"down":{"uv":[0.0,5.0,1.0,4.0],"rotation":270,"texture":"#0883c4cf-7999-ec5e-75c0-85644915bfa1","tintindex":0},"east":{"uv":[1.0,2.0,0.0,5.0],"rotation":0,"texture":"#0883c4cf-7999-ec5e-75c0-85644915bfa1","tintindex":0},"north":{"uv":[1.0,2.0,0.0,5.0],"rotation":0,"texture":"#0883c4cf-7999-ec5e-75c0-85644915bfa1","tintindex":0},"south":{"uv":[1.0,2.0,0.0,5.0],"rotation":0,"texture":"#0883c4cf-7999-ec5e-75c0-85644915bfa1","tintindex":0},"up":{"uv":[1.0,3.0,0.0,2.0],"rotation":270,"texture":"#0883c4cf-7999-ec5e-75c0-85644915bfa1","tintindex":0},"west":{"uv":[1.0,5.0,0.0,2.0],"rotation":180,"texture":"#0883c4cf-7999-ec5e-75c0-85644915bfa1","tintindex":0}}},{"name":"bandend_3","from":[4.1301513,12.8,11.094112],"to":[4.730151,17.0,14.094113],"rotation":{"angle":-45.0,"axis":"y","origin":[4.4301515,14.900001,12.594113]},"faces":{"down":{"uv":[5.0,8.0,10.0,7.0],"rotation":270,"texture":"#0883c4cf-7999-ec5e-75c0-85644915bfa1","tintindex":0},"east":{"uv":[10.0,1.0,5.0,8.0],"rotation":0,"texture":"#0883c4cf-7999-ec5e-75c0-85644915bfa1","tintindex":0},"north":{"uv":[6.0,1.0,5.0,8.0],"rotation":0,"texture":"#0883c4cf-7999-ec5e-75c0-85644915bfa1","tintindex":0},"south":{"uv":[10.0,1.0,9.0,8.0],"rotation":0,"texture":"#0883c4cf-7999-ec5e-75c0-85644915bfa1","tintindex":0},"up":{"uv":[10.0,2.0,5.0,1.0],"rotation":270,"texture":"#0883c4cf-7999-ec5e-75c0-85644915bfa1","tintindex":0},"west":{"uv":[10.0,8.0,5.0,1.0],"rotation":180,"texture":"#0883c4cf-7999-ec5e-75c0-85644915bfa1","tintindex":0}}},{"name":"bandend_2","from":[7.4,14.0,9.8],"to":[8.0,17.0,10.4],"rotation":{"angle":-45.0,"axis":"y","origin":[7.4,17.6,9.2]},"faces":{"down":{"uv":[1.0,6.0,2.0,5.0],"rotation":270,"texture":"#0883c4cf-7999-ec5e-75c0-85644915bfa1","tintindex":0},"east":{"uv":[2.0,1.0,1.0,6.0],"rotation":0,"texture":"#0883c4cf-7999-ec5e-75c0-85644915bfa1","tintindex":0},"north":{"uv":[2.0,1.0,1.0,6.0],"rotation":0,"texture":"#0883c4cf-7999-ec5e-75c0-85644915bfa1","tintindex":0},"south":{"uv":[2.0,1.0,1.0,6.0],"rotation":0,"texture":"#0883c4cf-7999-ec5e-75c0-85644915bfa1","tintindex":0},"up":{"uv":[2.0,2.0,1.0,1.0],"rotation":270,"texture":"#0883c4cf-7999-ec5e-75c0-85644915bfa1","tintindex":0},"west":{"uv":[2.0,6.0,1.0,1.0],"rotation":180,"texture":"#0883c4cf-7999-ec5e-75c0-85644915bfa1","tintindex":0}}},{"name":"bandend_1","from":[7.4,14.0,10.4],"to":[8.0,17.6,12.2],"rotation":{"angle":-45.0,"axis":"y","origin":[7.4,17.6,9.2]},"faces":{"down":{"uv":[2.0,6.0,5.0,5.0],"rotation":270,"texture":"#0883c4cf-7999-ec5e-75c0-85644915bfa1","tintindex":0},"east":{"uv":[5.0,0.0,2.0,6.0],"rotation":0,"texture":"#0883c4cf-7999-ec5e-75c0-85644915bfa1","tintindex":0},"north":{"uv":[3.0,0.0,2.0,6.0],"rotation":0,"texture":"#0883c4cf-7999-ec5e-75c0-85644915bfa1","tintindex":0},"south":{"uv":[5.0,0.0,4.0,6.0],"rotation":0,"texture":"#0883c4cf-7999-ec5e-75c0-85644915bfa1","tintindex":0},"up":{"uv":[5.0,1.0,2.0,0.0],"rotation":270,"texture":"#0883c4cf-7999-ec5e-75c0-85644915bfa1","tintindex":0},"west":{"uv":[5.0,6.0,2.0,0.0],"rotation":180,"texture":"#0883c4cf-7999-ec5e-75c0-85644915bfa1","tintindex":0}}},{"name":"bandend_0","from":[8.0,14.0,10.4],"to":[8.6,17.6,12.2],"rotation":{"angle":45.0,"axis":"y","origin":[8.6,17.6,9.2]},"faces":{"down":{"uv":[2.0,5.0,5.0,6.0],"rotation":270,"texture":"#0883c4cf-7999-ec5e-75c0-85644915bfa1","tintindex":0},"east":{"uv":[2.0,6.0,5.0,0.0],"rotation":180,"texture":"#0883c4cf-7999-ec5e-75c0-85644915bfa1","tintindex":0},"north":{"uv":[2.0,0.0,3.0,6.0],"rotation":0,"texture":"#0883c4cf-7999-ec5e-75c0-85644915bfa1","tintindex":0},"south":{"uv":[4.0,0.0,5.0,6.0],"rotation":0,"texture":"#0883c4cf-7999-ec5e-75c0-85644915bfa1","tintindex":0},"up":{"uv":[5.0,0.0,2.0,1.0],"rotation":270,"texture":"#0883c4cf-7999-ec5e-75c0-85644915bfa1","tintindex":0},"west":{"uv":[2.0,0.0,5.0,6.0],"rotation":0,"texture":"#0883c4cf-7999-ec5e-75c0-85644915bfa1","tintindex":0}}},{"name":"bandend_1","from":[8.724264,14.0,9.748528],"to":[9.324265,17.0,10.348528],"rotation":{"angle":45.0,"axis":"y","origin":[9.024263,15.5,10.048529]},"faces":{"down":{"uv":[1.0,5.0,2.0,6.0],"rotation":270,"texture":"#0883c4cf-7999-ec5e-75c0-85644915bfa1","tintindex":0},"east":{"uv":[1.0,6.0,2.0,1.0],"rotation":180,"texture":"#0883c4cf-7999-ec5e-75c0-85644915bfa1","tintindex":0},"north":{"uv":[1.0,1.0,2.0,6.0],"rotation":0,"texture":"#0883c4cf-7999-ec5e-75c0-85644915bfa1","tintindex":0},"south":{"uv":[1.0,1.0,2.0,6.0],"rotation":0,"texture":"#0883c4cf-7999-ec5e-75c0-85644915bfa1","tintindex":0},"up":{"uv":[2.0,1.0,1.0,2.0],"rotation":270,"texture":"#0883c4cf-7999-ec5e-75c0-85644915bfa1","tintindex":0},"west":{"uv":[1.0,1.0,2.0,6.0],"rotation":0,"texture":"#0883c4cf-7999-ec5e-75c0-85644915bfa1","tintindex":0}}},{"name":"bandend_2","from":[11.269849,12.8,11.094112],"to":[11.869848,17.0,14.094113],"rotation":{"angle":45.0,"axis":"y","origin":[11.569848,14.900001,12.594113]},"faces":{"down":{"uv":[5.0,7.0,10.0,8.0],"rotation":270,"texture":"#0883c4cf-7999-ec5e-75c0-85644915bfa1","tintindex":0},"east":{"uv":[5.0,8.0,10.0,1.0],"rotation":180,"texture":"#0883c4cf-7999-ec5e-75c0-85644915bfa1","tintindex":0},"north":{"uv":[5.0,1.0,6.0,8.0],"rotation":0,"texture":"#0883c4cf-7999-ec5e-75c0-85644915bfa1","tintindex":0},"south":{"uv":[9.0,1.0,10.0,8.0],"rotation":0,"texture":"#0883c4cf-7999-ec5e-75c0-85644915bfa1","tintindex":0},"up":{"uv":[10.0,1.0,5.0,2.0],"rotation":270,"texture":"#0883c4cf-7999-ec5e-75c0-85644915bfa1","tintindex":0},"west":{"uv":[5.0,1.0,10.0,8.0],"rotation":0,"texture":"#0883c4cf-7999-ec5e-75c0-85644915bfa1","tintindex":0}}},{"name":"bandend_3","from":[8.0,14.6,9.2],"to":[8.6,16.400002,9.8],"rotation":{"angle":45.0,"axis":"y","origin":[8.6,17.6,9.2]},"faces":{"down":{"uv":[0.0,4.0,1.0,5.0],"rotation":270,"texture":"#0883c4cf-7999-ec5e-75c0-85644915bfa1","tintindex":0},"east":{"uv":[0.0,5.0,1.0,2.0],"rotation":180,"texture":"#0883c4cf-7999-ec5e-75c0-85644915bfa1","tintindex":0},"north":{"uv":[0.0,2.0,1.0,5.0],"rotation":0,"texture":"#0883c4cf-7999-ec5e-75c0-85644915bfa1","tintindex":0},"south":{"uv":[0.0,2.0,1.0,5.0],"rotation":0,"texture":"#0883c4cf-7999-ec5e-75c0-85644915bfa1","tintindex":0},"up":{"uv":[1.0,2.0,0.0,3.0],"rotation":270,"texture":"#0883c4cf-7999-ec5e-75c0-85644915bfa1","tintindex":0},"west":{"uv":[0.0,2.0,1.0,5.0],"rotation":0,"texture":"#0883c4cf-7999-ec5e-75c0-85644915bfa1","tintindex":0}}},{"name":"bandend_4","from":[8.0,11.6,15.2],"to":[8.6,15.8,15.8],"rotation":{"angle":45.0,"axis":"y","origin":[8.6,17.6,9.2]},"faces":{"down":{"uv":[10.0,9.0,11.0,10.0],"rotation":270,"texture":"#0883c4cf-7999-ec5e-75c0-85644915bfa1","tintindex":0},"east":{"uv":[10.0,10.0,11.0,3.0],"rotation":180,"texture":"#0883c4cf-7999-ec5e-75c0-85644915bfa1","tintindex":0},"north":{"uv":[10.0,3.0,11.0,10.0],"rotation":0,"texture":"#0883c4cf-7999-ec5e-75c0-85644915bfa1","tintindex":0},"south":{"uv":[10.0,3.0,11.0,10.0],"rotation":0,"texture":"#0883c4cf-7999-ec5e-75c0-85644915bfa1","tintindex":0},"up":{"uv":[11.0,3.0,10.0,4.0],"rotation":270,"texture":"#0883c4cf-7999-ec5e-75c0-85644915bfa1","tintindex":0},"west":{"uv":[10.0,3.0,11.0,10.0],"rotation":0,"texture":"#0883c4cf-7999-ec5e-75c0-85644915bfa1","tintindex":0}}},{"name":"bandend_5","from":[8.0,11.0,15.8],"to":[8.6,14.6,16.400002],"rotation":{"angle":45.0,"axis":"y","origin":[8.6,17.6,9.2]},"faces":{"down":{"uv":[11.0,10.0,12.0,11.0],"rotation":270,"texture":"#0883c4cf-7999-ec5e-75c0-85644915bfa1","tintindex":0},"east":{"uv":[11.0,11.0,12.0,5.0],"rotation":180,"texture":"#0883c4cf-7999-ec5e-75c0-85644915bfa1","tintindex":0},"north":{"uv":[11.0,5.0,12.0,11.0],"rotation":0,"texture":"#0883c4cf-7999-ec5e-75c0-85644915bfa1","tintindex":0},"south":{"uv":[11.0,5.0,12.0,11.0],"rotation":0,"texture":"#0883c4cf-7999-ec5e-75c0-85644915bfa1","tintindex":0},"up":{"uv":[12.0,5.0,11.0,6.0],"rotation":270,"texture":"#0883c4cf-7999-ec5e-75c0-85644915bfa1","tintindex":0},"west":{"uv":[11.0,5.0,12.0,11.0],"rotation":0,"texture":"#0883c4cf-7999-ec5e-75c0-85644915bfa1","tintindex":0}}},{"name":"bandend_6","from":[8.0,12.8,11.6],"to":[8.6,14.0,12.2],"rotation":{"angle":45.0,"axis":"y","origin":[8.6,17.6,9.2]},"faces":{"down":{"uv":[4.0,7.0,5.0,8.0],"rotation":270,"texture":"#0883c4cf-7999-ec5e-75c0-85644915bfa1","tintindex":0},"east":{"uv":[4.0,8.0,5.0,6.0],"rotation":180,"texture":"#0883c4cf-7999-ec5e-75c0-85644915bfa1","tintindex":0},"north":{"uv":[4.0,6.0,5.0,8.0],"rotation":0,"texture":"#0883c4cf-7999-ec5e-75c0-85644915bfa1","tintindex":0},"south":{"uv":[4.0,6.0,5.0,8.0],"rotation":0,"texture":"#0883c4cf-7999-ec5e-75c0-85644915bfa1","tintindex":0},"up":{"uv":[5.0,6.0,4.0,7.0],"rotation":270,"texture":"#0883c4cf-7999-ec5e-75c0-85644915bfa1","tintindex":0},"west":{"uv":[4.0,6.0,5.0,8.0],"rotation":0,"texture":"#0883c4cf-7999-ec5e-75c0-85644915bfa1","tintindex":0}}},{"name":"bandend_7","from":[8.0,9.8,16.400002],"to":[8.6,14.0,17.0],"rotation":{"angle":45.0,"axis":"y","origin":[8.6,17.6,9.2]},"faces":{"down":{"uv":[12.0,12.0,13.0,13.0],"rotation":270,"texture":"#0883c4cf-7999-ec5e-75c0-85644915bfa1","tintindex":0},"east":{"uv":[12.0,13.0,13.0,6.0],"rotation":180,"texture":"#0883c4cf-7999-ec5e-75c0-85644915bfa1","tintindex":0},"north":{"uv":[12.0,6.0,13.0,13.0],"rotation":0,"texture":"#0883c4cf-7999-ec5e-75c0-85644915bfa1","tintindex":0},"south":{"uv":[12.0,6.0,13.0,13.0],"rotation":0,"texture":"#0883c4cf-7999-ec5e-75c0-85644915bfa1","tintindex":0},"up":{"uv":[13.0,6.0,12.0,7.0],"rotation":270,"texture":"#0883c4cf-7999-ec5e-75c0-85644915bfa1","tintindex":0},"west":{"uv":[12.0,6.0,13.0,13.0],"rotation":0,"texture":"#0883c4cf-7999-ec5e-75c0-85644915bfa1","tintindex":0}}},{"name":"bandend_8","from":[8.0,12.2,14.6],"to":[8.6,12.8,15.2],"rotation":{"angle":45.0,"axis":"y","origin":[8.6,17.6,9.2]},"faces":{"down":{"uv":[9.0,8.0,10.0,9.0],"rotation":270,"texture":"#0883c4cf-7999-ec5e-75c0-85644915bfa1","tintindex":0},"east":{"uv":[9.0,9.0,10.0,8.0],"rotation":180,"texture":"#0883c4cf-7999-ec5e-75c0-85644915bfa1","tintindex":0},"north":{"uv":[9.0,8.0,10.0,9.0],"rotation":0,"texture":"#0883c4cf-7999-ec5e-75c0-85644915bfa1","tintindex":0},"south":{"uv":[9.0,8.0,10.0,9.0],"rotation":0,"texture":"#0883c4cf-7999-ec5e-75c0-85644915bfa1","tintindex":0},"up":{"uv":[10.0,8.0,9.0,9.0],"rotation":270,"texture":"#0883c4cf-7999-ec5e-75c0-85644915bfa1","tintindex":0},"west":{"uv":[9.0,8.0,10.0,9.0],"rotation":0,"texture":"#0883c4cf-7999-ec5e-75c0-85644915bfa1","tintindex":0}}},{"name":"bandend_9","from":[8.0,8.0,17.0],"to":[8.6,12.8,17.6],"rotation":{"angle":45.0,"axis":"y","origin":[8.6,17.6,9.2]},"faces":{"down":{"uv":[13.0,15.0,14.0,16.0],"rotation":270,"texture":"#0883c4cf-7999-ec5e-75c0-85644915bfa1","tintindex":0},"east":{"uv":[13.0,16.0,14.0,8.0],"rotation":180,"texture":"#0883c4cf-7999-ec5e-75c0-85644915bfa1","tintindex":0},"north":{"uv":[13.0,8.0,14.0,16.0],"rotation":0,"texture":"#0883c4cf-7999-ec5e-75c0-85644915bfa1","tintindex":0},"south":{"uv":[13.0,8.0,14.0,16.0],"rotation":0,"texture":"#0883c4cf-7999-ec5e-75c0-85644915bfa1","tintindex":0},"up":{"uv":[14.0,8.0,13.0,9.0],"rotation":270,"texture":"#0883c4cf-7999-ec5e-75c0-85644915bfa1","tintindex":0},"west":{"uv":[13.0,8.0,14.0,16.0],"rotation":0,"texture":"#0883c4cf-7999-ec5e-75c0-85644915bfa1","tintindex":0}}},{"name":"bandend_10","from":[8.0,9.2,17.6],"to":[8.6,11.6,18.2],"rotation":{"angle":45.0,"axis":"y","origin":[8.6,17.6,9.2]},"faces":{"down":{"uv":[14.0,13.0,15.0,14.0],"rotation":270,"texture":"#0883c4cf-7999-ec5e-75c0-85644915bfa1","tintindex":0},"east":{"uv":[14.0,14.0,15.0,10.0],"rotation":180,"texture":"#0883c4cf-7999-ec5e-75c0-85644915bfa1","tintindex":0},"north":{"uv":[14.0,10.0,15.0,14.0],"rotation":0,"texture":"#0883c4cf-7999-ec5e-75c0-85644915bfa1","tintindex":0},"south":{"uv":[14.0,10.0,15.0,14.0],"rotation":0,"texture":"#0883c4cf-7999-ec5e-75c0-85644915bfa1","tintindex":0},"up":{"uv":[15.0,10.0,14.0,11.0],"rotation":270,"texture":"#0883c4cf-7999-ec5e-75c0-85644915bfa1","tintindex":0},"west":{"uv":[14.0,10.0,15.0,14.0],"rotation":0,"texture":"#0883c4cf-7999-ec5e-75c0-85644915bfa1","tintindex":0}}},{"name":"gasgo","from":[9.2,10.4,5.54438],"to":[9.8,11.0,5.965604],"rotation":{"angle":-22.5,"axis":"y","origin":[10.275715,10.742857,5.7376738]},"faces":{"down":{"uv":[13.746,10.004,13.629,10.121],"rotation":0,"texture":"#890d1a62-ddf7-6aaf-ef13-0f7d8b74ad58","tintindex":0},"east":{"uv":[0.0,0.0,0.0,0.0],"rotation":0,"texture":"#54e1c98d-cbb5-3f45-2868-f1ee52e55c7f","tintindex":0},"north":{"uv":[9.129,13.629,9.246,13.746],"rotation":0,"texture":"#890d1a62-ddf7-6aaf-ef13-0f7d8b74ad58","tintindex":0},"south":{"uv":[0.0,0.0,0.0,0.0],"rotation":0,"texture":"#54e1c98d-cbb5-3f45-2868-f1ee52e55c7f","tintindex":0},"up":{"uv":[0.0,0.0,0.0,0.0],"rotation":0,"texture":"#54e1c98d-cbb5-3f45-2868-f1ee52e55c7f","tintindex":0},"west":{"uv":[13.629,9.379,13.746,9.496],"rotation":0,"texture":"#890d1a62-ddf7-6aaf-ef13-0f7d8b74ad58","tintindex":0}}}],"display":{"head":{"translation":[0.0,-6.4,0.0],"rotation":[0.0,0.0,0.0],"scale":[3.8095,3.8095,3.8095]},"gui":{"translation":[0.0,0.0,0.0],"rotation":[35.0,225.0,0.0],"scale":[0.625,0.625,0.625]}}}