{"file_name":"leftarmbot","texture_size":[128,128],"textures":{"a6f54b2e-09e4-3daa-c557-2d8115a194b4":"modelengine:entity/capa","f4e90b98-015c-e3c5-c8ad-a9295f4523d9":"modelengine:entity/boneshadin2heraldxd","5e0b69f7-2e5d-3bb2-b593-0b4158e5c4ac":"modelengine:entity/fallenheraldsword","890d1a62-ddf7-6aaf-ef13-0f7d8b74ad58":"modelengine:entity/fallenheraldxd","a0855228-ad18-39e8-747d-ca56cdeff09b":"minecraft:custom/archdrake1","54e1c98d-cbb5-3f45-2868-f1ee52e55c7f":"modelengine:entity/boneshadin2herald.png","0883c4cf-7999-ec5e-75c0-85644915bfa1":"modelengine:entity/bandend"},"elements":[{"name":"left arm","from":[9.07306,6.9367714,6.95],"to":[9.163059,7.536772,9.05],"rotation":{"angle":0.0,"axis":"x","origin":[8.32306,6.1867714,9.950001]},"faces":{"down":{"uv":[5.371,11.629,5.254,12.121],"rotation":0,"texture":"#890d1a62-ddf7-6aaf-ef13-0f7d8b74ad58","tintindex":0},"east":{"uv":[11.629,4.129,12.121,4.246],"rotation":0,"texture":"#890d1a62-ddf7-6aaf-ef13-0f7d8b74ad58","tintindex":0},"north":{"uv":[13.879,12.004,13.996,12.121],"rotation":0,"texture":"#890d1a62-ddf7-6aaf-ef13-0f7d8b74ad58","tintindex":0},"south":{"uv":[12.129,13.879,12.246,13.996],"rotation":0,"texture":"#890d1a62-ddf7-6aaf-ef13-0f7d8b74ad58","tintindex":0},"up":{"uv":[5.121,12.121,5.004,11.629],"rotation":0,"texture":"#890d1a62-ddf7-6aaf-ef13-0f7d8b74ad58","tintindex":0},"west":{"uv":[11.629,5.254,12.121,5.371],"rotation":0,"texture":"#890d1a62-ddf7-6aaf-ef13-0f7d8b74ad58","tintindex":0}}},{"name":"left arm","from":[6.9730597,6.9367714,6.8599997],"to":[9.07306,7.536772,6.95],"rotation":{"angle":0.0,"axis":"x","origin":[14.17306,6.1867714,11.900001]},"faces":{"down":{"uv":[12.121,9.754,11.629,9.871],"rotation":0,"texture":"#890d1a62-ddf7-6aaf-ef13-0f7d8b74ad58","tintindex":0},"east":{"uv":[13.879,12.504,13.996,12.621],"rotation":0,"texture":"#890d1a62-ddf7-6aaf-ef13-0f7d8b74ad58","tintindex":0},"north":{"uv":[6.004,11.629,6.496,11.746],"rotation":0,"texture":"#890d1a62-ddf7-6aaf-ef13-0f7d8b74ad58","tintindex":0},"south":{"uv":[11.629,7.254,12.121,7.371],"rotation":0,"texture":"#890d1a62-ddf7-6aaf-ef13-0f7d8b74ad58","tintindex":0},"up":{"uv":[12.121,7.621,11.629,7.504],"rotation":0,"texture":"#890d1a62-ddf7-6aaf-ef13-0f7d8b74ad58","tintindex":0},"west":{"uv":[12.754,13.879,12.871,13.996],"rotation":0,"texture":"#890d1a62-ddf7-6aaf-ef13-0f7d8b74ad58","tintindex":0}}},{"name":"left arm","from":[6.9730597,5.7367716,6.8599997],"to":[9.07306,6.336772,6.95],"rotation":{"angle":0.0,"axis":"x","origin":[14.17306,4.9867716,11.900001]},"faces":{"down":{"uv":[11.371,0.254,10.879,0.371],"rotation":0,"texture":"#890d1a62-ddf7-6aaf-ef13-0f7d8b74ad58","tintindex":0},"east":{"uv":[0.754,13.504,0.871,13.621],"rotation":0,"texture":"#890d1a62-ddf7-6aaf-ef13-0f7d8b74ad58","tintindex":0},"north":{"uv":[10.754,9.004,11.246,9.121],"rotation":0,"texture":"#890d1a62-ddf7-6aaf-ef13-0f7d8b74ad58","tintindex":0},"south":{"uv":[10.754,10.629,11.246,10.746],"rotation":0,"texture":"#890d1a62-ddf7-6aaf-ef13-0f7d8b74ad58","tintindex":0},"up":{"uv":[11.371,0.121,10.879,0.004],"rotation":0,"texture":"#890d1a62-ddf7-6aaf-ef13-0f7d8b74ad58","tintindex":0},"west":{"uv":[1.004,13.504,1.121,13.621],"rotation":0,"texture":"#890d1a62-ddf7-6aaf-ef13-0f7d8b74ad58","tintindex":0}}},{"name":"left arm","from":[6.9730597,5.7367716,9.05],"to":[9.07306,6.336772,9.139999],"rotation":{"angle":0.0,"axis":"x","origin":[14.17306,4.9867716,11.900001]},"faces":{"down":{"uv":[1.496,11.004,1.004,11.121],"rotation":0,"texture":"#890d1a62-ddf7-6aaf-ef13-0f7d8b74ad58","tintindex":0},"east":{"uv":[2.004,13.504,2.121,13.621],"rotation":0,"texture":"#890d1a62-ddf7-6aaf-ef13-0f7d8b74ad58","tintindex":0},"north":{"uv":[10.879,7.754,11.371,7.871],"rotation":0,"texture":"#890d1a62-ddf7-6aaf-ef13-0f7d8b74ad58","tintindex":0},"south":{"uv":[10.879,8.004,11.371,8.121],"rotation":0,"texture":"#890d1a62-ddf7-6aaf-ef13-0f7d8b74ad58","tintindex":0},"up":{"uv":[11.371,8.621,10.879,8.504],"rotation":0,"texture":"#890d1a62-ddf7-6aaf-ef13-0f7d8b74ad58","tintindex":0},"west":{"uv":[2.254,13.504,2.371,13.621],"rotation":0,"texture":"#890d1a62-ddf7-6aaf-ef13-0f7d8b74ad58","tintindex":0}}},{"name":"left arm","from":[6.88306,5.7367716,6.95],"to":[6.9730597,6.336772,9.05],"rotation":{"angle":0.0,"axis":"x","origin":[8.32306,4.9867716,9.950001]},"faces":{"down":{"uv":[10.996,6.129,10.879,6.621],"rotation":0,"texture":"#890d1a62-ddf7-6aaf-ef13-0f7d8b74ad58","tintindex":0},"east":{"uv":[10.879,0.504,11.371,0.621],"rotation":0,"texture":"#890d1a62-ddf7-6aaf-ef13-0f7d8b74ad58","tintindex":0},"north":{"uv":[1.254,13.504,1.371,13.621],"rotation":0,"texture":"#890d1a62-ddf7-6aaf-ef13-0f7d8b74ad58","tintindex":0},"south":{"uv":[1.504,13.504,1.621,13.621],"rotation":0,"texture":"#890d1a62-ddf7-6aaf-ef13-0f7d8b74ad58","tintindex":0},"up":{"uv":[9.996,11.246,9.879,10.754],"rotation":0,"texture":"#890d1a62-ddf7-6aaf-ef13-0f7d8b74ad58","tintindex":0},"west":{"uv":[10.879,2.004,11.371,2.121],"rotation":0,"texture":"#890d1a62-ddf7-6aaf-ef13-0f7d8b74ad58","tintindex":0}}},{"name":"left arm","from":[9.07306,5.7367716,6.95],"to":[9.163059,6.336772,9.05],"rotation":{"angle":0.0,"axis":"x","origin":[8.32306,4.9867716,9.950001]},"faces":{"down":{"uv":[10.871,10.879,10.754,11.371],"rotation":0,"texture":"#890d1a62-ddf7-6aaf-ef13-0f7d8b74ad58","tintindex":0},"east":{"uv":[10.879,6.754,11.371,6.871],"rotation":0,"texture":"#890d1a62-ddf7-6aaf-ef13-0f7d8b74ad58","tintindex":0},"north":{"uv":[13.504,1.504,13.621,1.621],"rotation":0,"texture":"#890d1a62-ddf7-6aaf-ef13-0f7d8b74ad58","tintindex":0},"south":{"uv":[1.754,13.504,1.871,13.621],"rotation":0,"texture":"#890d1a62-ddf7-6aaf-ef13-0f7d8b74ad58","tintindex":0},"up":{"uv":[9.371,11.371,9.254,10.879],"rotation":0,"texture":"#890d1a62-ddf7-6aaf-ef13-0f7d8b74ad58","tintindex":0},"west":{"uv":[10.879,7.004,11.371,7.121],"rotation":0,"texture":"#890d1a62-ddf7-6aaf-ef13-0f7d8b74ad58","tintindex":0}}},{"name":"left arm","from":[6.9730597,6.9367714,9.05],"to":[9.07306,7.536772,9.139999],"rotation":{"angle":0.0,"axis":"x","origin":[14.17306,6.1867714,11.900001]},"faces":{"down":{"uv":[12.121,3.004,11.629,3.121],"rotation":0,"texture":"#890d1a62-ddf7-6aaf-ef13-0f7d8b74ad58","tintindex":0},"east":{"uv":[11.379,13.879,11.496,13.996],"rotation":0,"texture":"#890d1a62-ddf7-6aaf-ef13-0f7d8b74ad58","tintindex":0},"north":{"uv":[0.004,11.629,0.496,11.746],"rotation":0,"texture":"#890d1a62-ddf7-6aaf-ef13-0f7d8b74ad58","tintindex":0},"south":{"uv":[2.504,11.629,2.996,11.746],"rotation":0,"texture":"#890d1a62-ddf7-6aaf-ef13-0f7d8b74ad58","tintindex":0},"up":{"uv":[12.121,2.871,11.629,2.754],"rotation":0,"texture":"#890d1a62-ddf7-6aaf-ef13-0f7d8b74ad58","tintindex":0},"west":{"uv":[13.879,11.504,13.996,11.621],"rotation":0,"texture":"#890d1a62-ddf7-6aaf-ef13-0f7d8b74ad58","tintindex":0}}},{"name":"left arm","from":[6.88306,6.9367714,6.95],"to":[6.9730597,7.536772,9.05],"rotation":{"angle":0.0,"axis":"x","origin":[8.32306,6.1867714,9.950001]},"faces":{"down":{"uv":[4.371,11.629,4.254,12.121],"rotation":0,"texture":"#890d1a62-ddf7-6aaf-ef13-0f7d8b74ad58","tintindex":0},"east":{"uv":[11.629,3.629,12.121,3.746],"rotation":0,"texture":"#890d1a62-ddf7-6aaf-ef13-0f7d8b74ad58","tintindex":0},"north":{"uv":[11.629,13.879,11.746,13.996],"rotation":0,"texture":"#890d1a62-ddf7-6aaf-ef13-0f7d8b74ad58","tintindex":0},"south":{"uv":[13.879,11.754,13.996,11.871],"rotation":0,"texture":"#890d1a62-ddf7-6aaf-ef13-0f7d8b74ad58","tintindex":0},"up":{"uv":[9.371,11.996,9.254,11.504],"rotation":0,"texture":"#890d1a62-ddf7-6aaf-ef13-0f7d8b74ad58","tintindex":0},"west":{"uv":[11.629,3.879,12.121,3.996],"rotation":0,"texture":"#890d1a62-ddf7-6aaf-ef13-0f7d8b74ad58","tintindex":0}}},{"name":"left arm","from":[7.1230597,7.2367716,7.1],"to":[8.923059,8.436771,8.9],"rotation":{"angle":0.0,"axis":"x","origin":[8.02306,7.836772,8.0]},"faces":{"down":{"uv":[8.5,0.0,8.875,0.25],"rotation":0,"texture":"#f4e90b98-015c-e3c5-c8ad-a9295f4523d9","tintindex":0},"east":{"uv":[8.5,0.0,8.875,0.25],"rotation":0,"texture":"#f4e90b98-015c-e3c5-c8ad-a9295f4523d9","tintindex":0},"north":{"uv":[8.5,0.0,8.875,0.25],"rotation":0,"texture":"#f4e90b98-015c-e3c5-c8ad-a9295f4523d9","tintindex":0},"south":{"uv":[8.5,0.0,8.875,0.25],"rotation":0,"texture":"#f4e90b98-015c-e3c5-c8ad-a9295f4523d9","tintindex":0},"up":{"uv":[8.5,0.0,8.875,0.25],"rotation":0,"texture":"#f4e90b98-015c-e3c5-c8ad-a9295f4523d9","tintindex":0},"west":{"uv":[8.5,0.0,8.875,0.25],"rotation":0,"texture":"#f4e90b98-015c-e3c5-c8ad-a9295f4523d9","tintindex":0}}},{"name":"left arm","from":[6.9730597,5.4367714,6.95],"to":[9.07306,7.836772,9.05],"rotation":{"angle":0.0,"axis":"x","origin":[11.62306,-2.3632288,8.0]},"faces":{"down":{"uv":[6.996,0.004,6.504,0.496],"rotation":0,"texture":"#890d1a62-ddf7-6aaf-ef13-0f7d8b74ad58","tintindex":0},"east":{"uv":[6.254,6.129,6.746,6.621],"rotation":0,"texture":"#890d1a62-ddf7-6aaf-ef13-0f7d8b74ad58","tintindex":0},"north":{"uv":[6.254,5.504,6.746,5.996],"rotation":0,"texture":"#890d1a62-ddf7-6aaf-ef13-0f7d8b74ad58","tintindex":0},"south":{"uv":[0.629,6.379,1.121,6.871],"rotation":0,"texture":"#890d1a62-ddf7-6aaf-ef13-0f7d8b74ad58","tintindex":0},"up":{"uv":[3.621,6.871,3.129,6.379],"rotation":0,"texture":"#890d1a62-ddf7-6aaf-ef13-0f7d8b74ad58","tintindex":0},"west":{"uv":[2.504,6.379,2.996,6.871],"rotation":0,"texture":"#890d1a62-ddf7-6aaf-ef13-0f7d8b74ad58","tintindex":0}}},{"name":"left arm","from":[6.6730595,5.4367714,7.25],"to":[6.9730597,7.2367716,7.85],"rotation":{"angle":0.0,"axis":"x","origin":[11.173059,-2.3632288,8.0]},"faces":{"down":{"uv":[3.246,5.379,3.129,5.496],"rotation":0,"texture":"#890d1a62-ddf7-6aaf-ef13-0f7d8b74ad58","tintindex":0},"east":{"uv":[8.504,12.254,8.621,12.621],"rotation":0,"texture":"#890d1a62-ddf7-6aaf-ef13-0f7d8b74ad58","tintindex":0},"north":{"uv":[10.629,12.129,10.746,12.496],"rotation":0,"texture":"#890d1a62-ddf7-6aaf-ef13-0f7d8b74ad58","tintindex":0},"south":{"uv":[12.254,11.129,12.371,11.496],"rotation":0,"texture":"#890d1a62-ddf7-6aaf-ef13-0f7d8b74ad58","tintindex":0},"up":{"uv":[0.746,5.246,0.629,5.129],"rotation":0,"texture":"#890d1a62-ddf7-6aaf-ef13-0f7d8b74ad58","tintindex":0},"west":{"uv":[12.254,11.629,12.371,11.996],"rotation":0,"texture":"#890d1a62-ddf7-6aaf-ef13-0f7d8b74ad58","tintindex":0}}},{"name":"left arm","from":[6.667351,7.20807,7.25],"to":[6.967351,8.40807,7.85],"rotation":{"angle":-22.5,"axis":"z","origin":[6.7423506,7.20807,8.45]},"faces":{"down":{"uv":[13.496,10.004,13.379,10.121],"rotation":0,"texture":"#890d1a62-ddf7-6aaf-ef13-0f7d8b74ad58","tintindex":0},"east":{"uv":[12.629,8.629,12.746,8.871],"rotation":0,"texture":"#890d1a62-ddf7-6aaf-ef13-0f7d8b74ad58","tintindex":0},"north":{"uv":[12.629,7.254,12.746,7.496],"rotation":0,"texture":"#890d1a62-ddf7-6aaf-ef13-0f7d8b74ad58","tintindex":0},"south":{"uv":[12.629,9.004,12.746,9.246],"rotation":0,"texture":"#890d1a62-ddf7-6aaf-ef13-0f7d8b74ad58","tintindex":0},"up":{"uv":[8.746,13.496,8.629,13.379],"rotation":0,"texture":"#890d1a62-ddf7-6aaf-ef13-0f7d8b74ad58","tintindex":0},"west":{"uv":[9.254,12.629,9.371,12.871],"rotation":0,"texture":"#890d1a62-ddf7-6aaf-ef13-0f7d8b74ad58","tintindex":0}}},{"name":"left arm","from":[6.667351,7.20807,8.15],"to":[6.967351,8.40807,8.75],"rotation":{"angle":-22.5,"axis":"z","origin":[6.7423506,7.20807,8.45]},"faces":{"down":{"uv":[8.496,13.379,8.379,13.496],"rotation":0,"texture":"#890d1a62-ddf7-6aaf-ef13-0f7d8b74ad58","tintindex":0},"east":{"uv":[2.129,8.504,2.246,8.746],"rotation":0,"texture":"#890d1a62-ddf7-6aaf-ef13-0f7d8b74ad58","tintindex":0},"north":{"uv":[6.629,3.254,6.746,3.496],"rotation":0,"texture":"#890d1a62-ddf7-6aaf-ef13-0f7d8b74ad58","tintindex":0},"south":{"uv":[4.129,8.629,4.246,8.871],"rotation":0,"texture":"#890d1a62-ddf7-6aaf-ef13-0f7d8b74ad58","tintindex":0},"up":{"uv":[8.246,13.496,8.129,13.379],"rotation":0,"texture":"#890d1a62-ddf7-6aaf-ef13-0f7d8b74ad58","tintindex":0},"west":{"uv":[12.629,6.254,12.746,6.496],"rotation":0,"texture":"#890d1a62-ddf7-6aaf-ef13-0f7d8b74ad58","tintindex":0}}},{"name":"left arm","from":[6.6730595,5.4367714,8.15],"to":[6.9730597,7.2367716,8.75],"rotation":{"angle":0.0,"axis":"x","origin":[11.173059,-2.3632288,8.0]},"faces":{"down":{"uv":[7.996,13.379,7.879,13.496],"rotation":0,"texture":"#890d1a62-ddf7-6aaf-ef13-0f7d8b74ad58","tintindex":0},"east":{"uv":[0.004,12.379,0.121,12.746],"rotation":0,"texture":"#890d1a62-ddf7-6aaf-ef13-0f7d8b74ad58","tintindex":0},"north":{"uv":[12.254,12.129,12.371,12.496],"rotation":0,"texture":"#890d1a62-ddf7-6aaf-ef13-0f7d8b74ad58","tintindex":0},"south":{"uv":[0.254,12.379,0.371,12.746],"rotation":0,"texture":"#890d1a62-ddf7-6aaf-ef13-0f7d8b74ad58","tintindex":0},"up":{"uv":[13.496,7.746,13.379,7.629],"rotation":0,"texture":"#890d1a62-ddf7-6aaf-ef13-0f7d8b74ad58","tintindex":0},"west":{"uv":[0.504,12.379,0.621,12.746],"rotation":0,"texture":"#890d1a62-ddf7-6aaf-ef13-0f7d8b74ad58","tintindex":0}}},{"name":"left arm","from":[6.82306,3.0367715,6.8],"to":[9.223061,5.4367714,9.2],"rotation":{"angle":0.0,"axis":"x","origin":[11.62306,-2.3632288,8.0]},"faces":{"down":{"uv":[7.121,2.629,6.629,3.121],"rotation":0,"texture":"#890d1a62-ddf7-6aaf-ef13-0f7d8b74ad58","tintindex":0},"east":{"uv":[6.504,1.254,6.996,1.746],"rotation":0,"texture":"#890d1a62-ddf7-6aaf-ef13-0f7d8b74ad58","tintindex":0},"north":{"uv":[6.504,0.629,6.996,1.121],"rotation":0,"texture":"#890d1a62-ddf7-6aaf-ef13-0f7d8b74ad58","tintindex":0},"south":{"uv":[3.754,6.504,4.246,6.996],"rotation":0,"texture":"#890d1a62-ddf7-6aaf-ef13-0f7d8b74ad58","tintindex":0},"up":{"uv":[2.371,7.121,1.879,6.629],"rotation":0,"texture":"#890d1a62-ddf7-6aaf-ef13-0f7d8b74ad58","tintindex":0},"west":{"uv":[4.379,6.504,4.871,6.996],"rotation":0,"texture":"#890d1a62-ddf7-6aaf-ef13-0f7d8b74ad58","tintindex":0}}}],"display":{"head":{"translation":[0.0,-6.4,0.0],"rotation":[0.0,0.0,0.0],"scale":[3.8095,3.8095,3.8095]},"gui":{"translation":[0.0,0.0,0.0],"rotation":[35.0,225.0,0.0],"scale":[0.625,0.625,0.625]}}}