{"file_name":"leftleg","texture_size":[128,128],"textures":{"a6f54b2e-09e4-3daa-c557-2d8115a194b4":"modelengine:entity/capa","f4e90b98-015c-e3c5-c8ad-a9295f4523d9":"modelengine:entity/boneshadin2heraldxd","5e0b69f7-2e5d-3bb2-b593-0b4158e5c4ac":"modelengine:entity/fallenheraldsword","890d1a62-ddf7-6aaf-ef13-0f7d8b74ad58":"modelengine:entity/fallenheraldxd","a0855228-ad18-39e8-747d-ca56cdeff09b":"minecraft:custom/archdrake1","54e1c98d-cbb5-3f45-2868-f1ee52e55c7f":"modelengine:entity/boneshadin2herald.png","0883c4cf-7999-ec5e-75c0-85644915bfa1":"modelengine:entity/bandend"},"elements":[{"name":"left leg","from":[6.8,5.6,6.8],"to":[9.2,8.6,9.2],"rotation":{"angle":0.0,"axis":"x","origin":[8.0,7.1,8.0]},"faces":{"down":{"uv":[6.746,4.879,6.254,5.371],"rotation":0,"texture":"#890d1a62-ddf7-6aaf-ef13-0f7d8b74ad58","tintindex":0},"east":{"uv":[5.629,5.254,6.121,5.871],"rotation":0,"texture":"#890d1a62-ddf7-6aaf-ef13-0f7d8b74ad58","tintindex":0},"north":{"uv":[5.629,4.504,6.121,5.121],"rotation":0,"texture":"#890d1a62-ddf7-6aaf-ef13-0f7d8b74ad58","tintindex":0},"south":{"uv":[3.754,5.754,4.246,6.371],"rotation":0,"texture":"#890d1a62-ddf7-6aaf-ef13-0f7d8b74ad58","tintindex":0},"up":{"uv":[6.746,4.746,6.254,4.254],"rotation":0,"texture":"#890d1a62-ddf7-6aaf-ef13-0f7d8b74ad58","tintindex":0},"west":{"uv":[4.379,5.754,4.871,6.371],"rotation":0,"texture":"#890d1a62-ddf7-6aaf-ef13-0f7d8b74ad58","tintindex":0}}},{"name":"left leg","from":[7.25,4.3999996,7.1],"to":[9.05,5.6,8.9],"rotation":{"angle":0.0,"axis":"x","origin":[9.139999,0.19999981,8.0]},"faces":{"down":{"uv":[8.5,0.0,8.875,0.25],"rotation":0,"texture":"#f4e90b98-015c-e3c5-c8ad-a9295f4523d9","tintindex":0},"east":{"uv":[8.5,0.0,8.875,0.25],"rotation":0,"texture":"#f4e90b98-015c-e3c5-c8ad-a9295f4523d9","tintindex":0},"north":{"uv":[8.5,0.0,8.875,0.25],"rotation":0,"texture":"#f4e90b98-015c-e3c5-c8ad-a9295f4523d9","tintindex":0},"south":{"uv":[8.5,0.0,8.875,0.25],"rotation":0,"texture":"#f4e90b98-015c-e3c5-c8ad-a9295f4523d9","tintindex":0},"up":{"uv":[8.5,0.0,8.875,0.25],"rotation":0,"texture":"#f4e90b98-015c-e3c5-c8ad-a9295f4523d9","tintindex":0},"west":{"uv":[8.5,0.0,8.875,0.25],"rotation":0,"texture":"#f4e90b98-015c-e3c5-c8ad-a9295f4523d9","tintindex":0}}}],"display":{"head":{"translation":[0.0,-6.4,0.0],"rotation":[0.0,0.0,0.0],"scale":[3.8095,3.8095,3.8095]},"gui":{"translation":[0.0,0.0,0.0],"rotation":[35.0,225.0,0.0],"scale":[0.625,0.625,0.625]}}}