{ "custom.fallenhero.hurt": { "category": "hostile", "sounds": [ { "name": "custom/mobs/fallenhero/damage1" }, { "name": "custom/mobs/fallenhero/damage2" }, { "name": "custom/mobs/fallenhero/damage3" }, { "name": "custom/mobs/fallenhero/damage4" } ], "subtitle": "Fallen Hero hurt", "attenuation_distance": "0.8"  }, 
"custom.fallenhero.hitmetal": { "category": "hostile", "sounds": [ { "name": "custom/mobs/fallenhero/hitmetal1" }, { "name": "custom/mobs/fallenhero/hitmetal2" }, { "name": "custom/mobs/fallenhero/hitmetal3" }, { "name": "custom/mobs/fallenhero/hitmetal4" } ], "subtitle": "Metal hit", "attenuation_distance": "0.8"  }, 
"custom.fallenhero.attackwindup": { "category": "hostile", "sounds": [ { "name": "custom/mobs/fallenhero/attackwindup1" }, { "name": "custom/mobs/fallenhero/attackwindup2" }, { "name": "custom/mobs/fallenhero/attackwindup3" }, { "name": "custom/mobs/fallenhero/attackwindup4" } ], "subtitle": "Metal hit", "attenuation_distance": "0.8"  }, 
"custom.fallenhero.death": { "category": "hostile", "sounds": [ { "name": "custom/mobs/fallenhero/death1" }, { "name": "custom/mobs/fallenhero/death2" }, { "name": "custom/mobs/fallenhero/death3" } ], "subtitle": "Fallen Hero disincarnates" }, 
"custom.fallenhero.effort": { "category": "hostile", "sounds": [ { "name": "custom/mobs/fallenhero/effort1" }, { "name": "custom/mobs/fallenhero/effort2" }, { "name": "custom/mobs/fallenhero/effort3" } ], "subtitle": "Fallen Hero efforts" }, 
"custom.fallenhero.spawn": { "category": "hostile", "sounds": [ { "name": "custom/mobs/fallenhero/spawn1"}, { "name": "custom/mobs/fallenhero/spawn2" }, { "name": "custom/mobs/fallenhero/spawn3" }, { "name": "custom/mobs/fallenhero/spawn4" }, { "name": "custom/mobs/fallenhero/spawn5" } ], "subtitle": "Fallen Hero Incarnates" }, 
"custom.fallenhero.roundslash": { "category": "hostile", "sounds": [ { "name": "custom/mobs/fallenhero/roundslash1" }, { "name": "custom/mobs/fallenhero/roundslash2" } ] }, 
"custom.fallenhero.slashhita": { "category": "hostile", "sounds": [ { "name": "custom/mobs/fallenhero/slashhit1" }, { "name": "custom/mobs/fallenhero/slashhit2" }, { "name": "custom/mobs/fallenhero/slashhit3" } ] }, 
"custom.fallenhero.slashhitb": { "category": "hostile", "sounds": [ { "name": "custom/mobs/fallenhero/slashhitb1" }, { "name": "custom/mobs/fallenhero/slashhitb2" }, { "name": "custom/mobs/fallenhero/slashhitb3" } ] }, 
"custom.fallenhero.deathb": { "category": "hostile", "sounds": [ { "name": "custom/mobs/fallenhero/deathb" } ], "subtitle": "Empty armor falls" }, 
"custom.fallenhero.reaperdeath": { "category": "hostile", "sounds": [ { "name": "custom/mobs/fallenhero/reaperdeath" } ], "subtitle": "Empty armor falls" }, 
"custom.fallenhero.fallenheraldspawn": { "category": "hostile", "sounds": [ { "name": "custom/mobs/fallenhero/fallenheraldspawn" } ] }, 
"custom.spell.soulfirecast": { "category": "hostile", "sounds": [ { "name": "custom/spell/fallenhero/soulfirecast1" }, { "name": "custom/spell/fallenhero/soulfirecast2" }, { "name": "custom/spell/fallenhero/soulfirecast3" } ], "subtitle": "Fallen Herald fires" }, 
"custom.spell.soulfirehit": { "category": "hostile", "sounds": [ { "name": "custom/spell/fallenhero/soulfirehit1" }, { "name": "custom/spell/fallenhero/soulfirehit2" } ], "subtitle": "Soulfire attack" }, 
"custom.spell.herostun": { "category": "hostile", "sounds": [ { "name": "custom/spell/fallenhero/stun1" }, { "name": "custom/spell/fallenhero/stun2" } ], "subtitle": "Soulfire attack" }, 
"custom.spell.channelstun": { "category": "hostile", "sounds": [ { "name": "custom/spell/fallenhero/channelstun" } ] }, 
"custom.spell.soulfirechannel": { "category": "hostile", "sounds": [ { "name": "custom/spell/fallenhero/soulfirechannel" } ], "subtitle": "Soulfire channel" }, 
"custom.spell.soulfirechannelb": { "category": "hostile", "sounds": [ { "name": "custom/spell/fallenhero/soulfirechannelb1" }, { "name": "custom/spell/fallenhero/soulfirechannelb2" } ], "subtitle": "Soulfire channel" }, 
"custom.spell.soulfirehitb": { "category": "hostile", "sounds": [ { "name": "custom/spell/fallenhero/soulfirehitb1" }, { "name": "custom/spell/fallenhero/soulfirehitb2" } ], "subtitle": "Soulfire attack" }, 
"custom.spell.soulfirecastb": { "category": "hostile", "sounds": [ { "name": "custom/spell/fallenhero/soulfirecastb1" }, { "name": "custom/spell/fallenhero/soulfirecastb2" } ], "subtitle": "Soulfire attack" }, 
"custom.spell.jump": { "category": "hostile", "sounds": [ { "name": "custom/spell/fallenhero/jump1" }, { "name": "custom/spell/fallenhero/jump2" } ], "subtitle": "Soulfire attack" }, 
"custom.spell.landshockwave": { "category": "hostile", "sounds": [ { "name": "custom/spell/fallenhero/landshockwave1" }, { "name": "custom/spell/fallenhero/soulfirehit2" } ], "subtitle": "Soulfire channel" }, 
"custom.spell.slam": { "category": "hostile", "sounds": [ { "name": "custom/spell/fallenhero/slam1" }, { "name": "custom/spell/fallenhero/slam2" } ], "subtitle": "Ground hit" } 
}