{
	"credit": "Made with Blockbench",
	"texture_size": [64, 64],
	"textures": {
		"0": "dc_7_blaster",
		"particle": "dc_7_blaster"
	},
	"elements": [
		{
			"from": [-4, 1.95275, 6.9595],
			"to": [-1.25, 2.70275, 8.9595],
			"rotation": {"angle": -22.5, "axis": "z", "origin": [0, -8.79725, -0.0405]},
			"faces": {
				"north": {"uv": [5.75, 9, 6.4375, 9.1875], "texture": "#0"},
				"east": {"uv": [9, 7, 9.5, 7.1875], "texture": "#0"},
				"south": {"uv": [5.75, 8.75, 6.4375, 8.9375], "texture": "#0"},
				"west": {"uv": [8.25, 9, 8.75, 9.1875], "texture": "#0"},
				"up": {"uv": [8, 5.4375, 7.5, 4.75], "rotation": 90, "texture": "#0"},
				"down": {"uv": [8.25, 0, 7.75, 0.6875], "rotation": 270, "texture": "#0"}
			}
		},
		{
			"from": [4.25565, -2.40589, 6.9595],
			"to": [4.75565, -1.65589, 8.9595],
			"rotation": {"angle": 22.5, "axis": "z", "origin": [-6.49435, -3.65589, -0.0405]},
			"faces": {
				"north": {"uv": [5.5, 11.25, 5.625, 11.4375], "texture": "#0"},
				"east": {"uv": [8.75, 9, 9.25, 9.1875], "texture": "#0"},
				"south": {"uv": [5.25, 11.25, 5.375, 11.4375], "texture": "#0"},
				"west": {"uv": [0.5, 9.25, 1, 9.4375], "texture": "#0"},
				"up": {"uv": [8, 10.125, 7.5, 10], "rotation": 90, "texture": "#0"},
				"down": {"uv": [8.5, 10, 8, 10.125], "rotation": 270, "texture": "#0"}
			}
		},
		{
			"from": [-2.53806, 2.14409, 6.9595],
			"to": [-0.78806, 8.64409, 8.9595],
			"rotation": {"angle": -22.5, "axis": "z", "origin": [0.46194, -8.60591, -0.0405]},
			"faces": {
				"north": {"uv": [1.5, 7, 1.9375, 8.625], "texture": "#0"},
				"east": {"uv": [4, 5.75, 4.5, 7.375], "texture": "#0"},
				"south": {"uv": [1, 7, 1.4375, 8.625], "texture": "#0"},
				"west": {"uv": [4.5, 5.75, 5, 7.375], "texture": "#0"},
				"up": {"uv": [8.75, 0.4375, 8.25, 0], "rotation": 90, "texture": "#0"},
				"down": {"uv": [8.75, 1.75, 8.25, 2.1875], "rotation": 270, "texture": "#0"}
			}
		},
		{
			"from": [-4.20131, 3.07167, 6.9595],
			"to": [-2.35131, 5.57167, 8.9595],
			"rotation": {"angle": -22.5, "axis": "z", "origin": [-2.20131, -7.67833, -0.0405]},
			"faces": {
				"north": {"uv": [6.5, 7.75, 6.9375, 8.375], "texture": "#0"},
				"east": {"uv": [0.5, 7.75, 1, 8.375], "texture": "#0"},
				"south": {"uv": [6, 7.75, 6.4375, 8.375], "texture": "#0"},
				"west": {"uv": [7.75, 1.75, 8.25, 2.375], "texture": "#0"},
				"up": {"uv": [2.75, 8.6875, 2.25, 8.25], "rotation": 90, "texture": "#0"},
				"down": {"uv": [3.25, 8.25, 2.75, 8.6875], "rotation": 270, "texture": "#0"}
			}
		},
		{
			"from": [-7.87281, 7.35572, 6.9595],
			"to": [-6.12281, 10.85572, 8.9595],
			"rotation": {"angle": -45, "axis": "z", "origin": [-5.87281, -4.39428, -0.0405]},
			"faces": {
				"north": {"uv": [0, 7.75, 0.4375, 8.625], "texture": "#0"},
				"east": {"uv": [7, 7, 7.5, 7.875], "texture": "#0"},
				"south": {"uv": [7.5, 7, 7.9375, 7.875], "texture": "#0"},
				"west": {"uv": [3, 7.25, 3.5, 8.125], "texture": "#0"},
				"up": {"uv": [3.75, 8.6875, 3.25, 8.25], "rotation": 90, "texture": "#0"},
				"down": {"uv": [4.25, 8.25, 3.75, 8.6875], "rotation": 270, "texture": "#0"}
			}
		},
		{
			"from": [4.45081, -4.5701, 6.9595],
			"to": [4.95081, -4.0701, 8.9595],
			"rotation": {"angle": 45, "axis": "z", "origin": [-6.29919, -5.8201, -0.0405]},
			"faces": {
				"north": {"uv": [11.5, 6, 11.625, 6.125], "texture": "#0"},
				"east": {"uv": [10.25, 2.75, 10.75, 2.875], "texture": "#0"},
				"south": {"uv": [4.75, 11.5, 4.875, 11.625], "texture": "#0"},
				"west": {"uv": [3, 10.25, 3.5, 10.375], "texture": "#0"},
				"up": {"uv": [10.75, 3.125, 10.25, 3], "rotation": 90, "texture": "#0"},
				"down": {"uv": [4.5, 10.25, 4, 10.375], "rotation": 270, "texture": "#0"}
			}
		},
		{
			"from": [3.94068, 3.5713, 7.2095],
			"to": [4.44068, 4.3213, 8.7095],
			"rotation": {"angle": 22.5, "axis": "z", "origin": [7.94068, -6.4287, -0.0405]},
			"faces": {
				"north": {"uv": [5.75, 11.25, 5.875, 11.4375], "texture": "#0"},
				"east": {"uv": [9.75, 4, 10.125, 4.1875], "texture": "#0"},
				"south": {"uv": [11.25, 5.5, 11.375, 5.6875], "texture": "#0"},
				"west": {"uv": [9.75, 4.25, 10.125, 4.4375], "texture": "#0"},
				"up": {"uv": [10.625, 5.625, 10.25, 5.5], "rotation": 90, "texture": "#0"},
				"down": {"uv": [10.625, 5.75, 10.25, 5.875], "rotation": 270, "texture": "#0"}
			}
		},
		{
			"from": [-4, 1.20275, 7.2095],
			"to": [-1.25, 1.95275, 8.7095],
			"rotation": {"angle": -22.5, "axis": "z", "origin": [0, -8.79725, -0.0405]},
			"faces": {
				"north": {"uv": [9, 6.75, 9.6875, 6.9375], "texture": "#0"},
				"east": {"uv": [9.75, 6.5, 10.125, 6.6875], "texture": "#0"},
				"south": {"uv": [9, 6.5, 9.6875, 6.6875], "texture": "#0"},
				"west": {"uv": [9.75, 6.75, 10.125, 6.9375], "texture": "#0"},
				"up": {"uv": [8.375, 4.6875, 8, 4], "rotation": 90, "texture": "#0"},
				"down": {"uv": [8.375, 4.75, 8, 5.4375], "rotation": 270, "texture": "#0"}
			}
		},
		{
			"from": [6.44172, 2.69385, 7.2095],
			"to": [6.94172, 3.79385, 8.7095],
			"rotation": {"angle": 22.5, "axis": "z", "origin": [10.44172, -7.30615, -0.0405]},
			"faces": {
				"north": {"uv": [10.5, 10.75, 10.625, 11], "texture": "#0"},
				"east": {"uv": [9.25, 0.75, 9.625, 1], "texture": "#0"},
				"south": {"uv": [10.75, 7.25, 10.875, 7.5], "texture": "#0"},
				"west": {"uv": [1, 9.25, 1.375, 9.5], "texture": "#0"},
				"up": {"uv": [10.625, 6.625, 10.25, 6.5], "rotation": 90, "texture": "#0"},
				"down": {"uv": [10.625, 6.75, 10.25, 6.875], "rotation": 270, "texture": "#0"}
			}
		},
		{
			"from": [0.9595, -4, 7.2095],
			"to": [3.9595, -3.5, 8.7095],
			"rotation": {"angle": -22.5, "axis": "z", "origin": [13.9595, 0, -0.0405]},
			"faces": {
				"north": {"uv": [9.25, 1.25, 10, 1.375], "texture": "#0"},
				"east": {"uv": [10.25, 7, 10.625, 7.125], "texture": "#0"},
				"south": {"uv": [9.25, 1, 10, 1.125], "texture": "#0"},
				"west": {"uv": [10.25, 7.25, 10.625, 7.375], "texture": "#0"},
				"up": {"uv": [5.375, 8.5, 5, 7.75], "rotation": 90, "texture": "#0"},
				"down": {"uv": [5.875, 7.75, 5.5, 8.5], "rotation": 270, "texture": "#0"}
			}
		},
		{
			"from": [1.0595, -3.5, 7.2095],
			"to": [3.2595, -3.4, 8.7095],
			"rotation": {"angle": -22.5, "axis": "z", "origin": [13.9595, 0, -0.0405]},
			"faces": {
				"north": {"uv": [10.75, 6.5, 11.3125, 6.5625], "texture": "#0"},
				"east": {"uv": [11.25, 5.75, 11.625, 5.8125], "texture": "#0"},
				"south": {"uv": [6, 10.75, 6.5625, 10.8125], "texture": "#0"},
				"west": {"uv": [6, 11.25, 6.375, 11.3125], "texture": "#0"},
				"up": {"uv": [8.625, 7.8125, 8.25, 7.25], "rotation": 90, "texture": "#0"},
				"down": {"uv": [7.875, 8.25, 7.5, 8.8125], "rotation": 270, "texture": "#0"}
			}
		},
		{
			"from": [0.9595, 7, 5.9595],
			"to": [16.9595, 10, 9.9595],
			"rotation": {"angle": 0, "axis": "y", "origin": [15.9595, 0, -0.0405]},
			"faces": {
				"north": {"uv": [4, 4, 8, 4.75], "texture": "#0"},
				"east": {"uv": [5, 5.75, 6, 6.5], "texture": "#0"},
				"south": {"uv": [0, 4, 4, 4.75], "texture": "#0"},
				"west": {"uv": [6, 5.75, 7, 6.5], "texture": "#0"},
				"up": {"uv": [3.5, 4, 2.5, 0], "rotation": 90, "texture": "#0"},
				"down": {"uv": [4.5, 0, 3.5, 4], "rotation": 270, "texture": "#0"}
			}
		},
		{
			"from": [2.2095, 7.5, 5.4595],
			"to": [17.9595, 8, 10.4595],
			"rotation": {"angle": 0, "axis": "y", "origin": [15.9595, 0, -0.0405]},
			"faces": {
				"north": {"uv": [7, 6.25, 10.9375, 6.375], "texture": "#0"},
				"east": {"uv": [8.5, 4, 9.75, 4.125], "texture": "#0"},
				"south": {"uv": [7, 6, 10.9375, 6.125], "texture": "#0"},
				"west": {"uv": [8.5, 4.25, 9.75, 4.375], "texture": "#0"},
				"up": {"uv": [1.25, 3.9375, 0, 0], "rotation": 90, "texture": "#0"},
				"down": {"uv": [2.5, 0, 1.25, 3.9375], "rotation": 270, "texture": "#0"}
			}
		},
		{
			"from": [3.22818, 10.87132, 5.9595],
			"to": [14.83818, 12.12132, 9.9595],
			"rotation": {"angle": 0, "axis": "y", "origin": [13.83818, -3.87868, -0.0405]},
			"faces": {
				"north": {"uv": [5.75, 3.5, 8.625, 3.8125], "texture": "#0"},
				"east": {"uv": [2, 7.75, 3, 8.0625], "texture": "#0"},
				"south": {"uv": [5.75, 3, 8.625, 3.3125], "texture": "#0"},
				"west": {"uv": [7.75, 2.5, 8.75, 2.8125], "texture": "#0"},
				"up": {"uv": [5.5, 2.875, 4.5, 0], "rotation": 90, "texture": "#0"},
				"down": {"uv": [1, 4.75, 0, 7.625], "rotation": 270, "texture": "#0"}
			}
		},
		{
			"from": [5.88818, 12.12132, 6.2095],
			"to": [11.83818, 12.37132, 9.7095],
			"rotation": {"angle": 0, "axis": "y", "origin": [13.83818, -3.62868, -0.0405]},
			"faces": {
				"north": {"uv": [9.25, 5, 10.75, 5.0625], "texture": "#0"},
				"east": {"uv": [10.25, 4.75, 11.125, 4.8125], "texture": "#0"},
				"south": {"uv": [9.25, 1.5, 10.75, 1.5625], "texture": "#0"},
				"west": {"uv": [5, 10.25, 5.875, 10.3125], "texture": "#0"},
				"up": {"uv": [1.875, 6.25, 1, 4.75], "rotation": 90, "texture": "#0"},
				"down": {"uv": [2.875, 4.75, 2, 6.25], "rotation": 270, "texture": "#0"}
			}
		},
		{
			"from": [5.38818, 9.87132, 6.9595],
			"to": [14.83818, 11.12132, 8.9595],
			"rotation": {"angle": 0, "axis": "y", "origin": [13.83818, -3.87868, -0.0405]},
			"faces": {
				"north": {"uv": [6.75, 1.25, 9.125, 1.5625], "texture": "#0"},
				"east": {"uv": [0.5, 8.5, 1, 8.8125], "texture": "#0"},
				"south": {"uv": [6.75, 0.75, 9.125, 1.0625], "texture": "#0"},
				"west": {"uv": [8.5, 4.5, 9, 4.8125], "texture": "#0"},
				"up": {"uv": [3.5, 7.125, 3, 4.75], "rotation": 90, "texture": "#0"},
				"down": {"uv": [4, 4.75, 3.5, 7.125], "rotation": 270, "texture": "#0"}
			}
		},
		{
			"from": [7.18132, 12.63604, 5.9595],
			"to": [10.18132, 13.63604, 9.9595],
			"rotation": {"angle": -45, "axis": "z", "origin": [9.18132, 3.63604, -0.0405]},
			"faces": {
				"north": {"uv": [8.25, 2.25, 9, 2.5], "texture": "#0"},
				"east": {"uv": [8, 5.5, 9, 5.75], "texture": "#0"},
				"south": {"uv": [8.25, 0.5, 9, 0.75], "texture": "#0"},
				"west": {"uv": [8, 5.75, 9, 6], "texture": "#0"},
				"up": {"uv": [2, 7, 1, 6.25], "rotation": 90, "texture": "#0"},
				"down": {"uv": [3, 6.25, 2, 7], "rotation": 270, "texture": "#0"}
			}
		},
		{
			"from": [0.43132, 6.88604, 5.9595],
			"to": [3.43132, 9.19604, 9.9595],
			"rotation": {"angle": -22.5, "axis": "z", "origin": [9.18132, 3.63604, -0.0405]},
			"faces": {
				"north": {"uv": [4.25, 7.5, 5, 8.0625], "texture": "#0"},
				"east": {"uv": [6.75, 1.75, 7.75, 2.3125], "texture": "#0"},
				"south": {"uv": [3.5, 7.5, 4.25, 8.0625], "texture": "#0"},
				"west": {"uv": [2, 7, 3, 7.5625], "texture": "#0"},
				"up": {"uv": [7.5, 5.5, 6.5, 4.75], "rotation": 90, "texture": "#0"},
				"down": {"uv": [6, 6.5, 5, 7.25], "rotation": 270, "texture": "#0"}
			}
		},
		{
			"from": [3.43132, 8.13604, 5.9595],
			"to": [5.18132, 10.19604, 9.9595],
			"rotation": {"angle": -22.5, "axis": "z", "origin": [9.18132, 3.63604, -0.0405]},
			"faces": {
				"north": {"uv": [7, 8.25, 7.4375, 8.75], "texture": "#0"},
				"east": {"uv": [6.75, 2.5, 7.75, 3], "texture": "#0"},
				"south": {"uv": [4.25, 8.25, 4.6875, 8.75], "texture": "#0"},
				"west": {"uv": [7, 5.5, 8, 6], "texture": "#0"},
				"up": {"uv": [6, 7.6875, 5, 7.25], "rotation": 90, "texture": "#0"},
				"down": {"uv": [7, 7.25, 6, 7.6875], "rotation": 270, "texture": "#0"}
			}
		},
		{
			"from": [15.42928, 5.88767, 5.9595],
			"to": [16.42928, 8.88767, 9.9595],
			"rotation": {"angle": 22.5, "axis": "z", "origin": [8.42928, 6.88767, -0.0405]},
			"faces": {
				"north": {"uv": [8.25, 8, 8.5, 8.75], "texture": "#0"},
				"east": {"uv": [6, 6.5, 7, 7.25], "texture": "#0"},
				"south": {"uv": [4.75, 8.25, 5, 9], "texture": "#0"},
				"west": {"uv": [6.75, 0, 7.75, 0.75], "texture": "#0"},
				"up": {"uv": [8, 8.25, 7, 8], "rotation": 90, "texture": "#0"},
				"down": {"uv": [9, 7, 8, 7.25], "rotation": 270, "texture": "#0"}
			}
		},
		{
			"name": "hexadecagon",
			"from": [16.9595, 8.25136, 8.9595],
			"to": [19.9595, 8.74864, 9.2095],
			"rotation": {"angle": 45, "axis": "x", "origin": [17.4595, 8.5, 7.9595]},
			"faces": {
				"north": {"uv": [9.25, 5.25, 10, 5.375], "texture": "#0"},
				"east": {"uv": [11.75, 9.75, 11.8125, 9.875], "texture": "#0"},
				"south": {"uv": [2.5, 9.25, 3.25, 9.375], "texture": "#0"},
				"west": {"uv": [10, 11.75, 10.0625, 11.875], "texture": "#0"},
				"up": {"uv": [7.5625, 11, 7.5, 10.25], "rotation": 90, "texture": "#0"},
				"down": {"uv": [7.8125, 10.25, 7.75, 11], "rotation": 270, "texture": "#0"}
			}
		},
		{
			"name": "hexadecagon",
			"from": [16.9595, 8.25136, 8.9595],
			"to": [19.9595, 8.74864, 9.2095],
			"rotation": {"angle": 22.5, "axis": "x", "origin": [17.4595, 8.5, 7.9595]},
			"faces": {
				"north": {"uv": [8, 9.25, 8.75, 9.375], "texture": "#0"},
				"east": {"uv": [11.75, 10, 11.8125, 10.125], "texture": "#0"},
				"south": {"uv": [5.75, 9.25, 6.5, 9.375], "texture": "#0"},
				"west": {"uv": [10.25, 11.75, 10.3125, 11.875], "texture": "#0"},
				"up": {"uv": [8.0625, 11, 8, 10.25], "rotation": 90, "texture": "#0"},
				"down": {"uv": [8.3125, 10.25, 8.25, 11], "rotation": 270, "texture": "#0"}
			}
		},
		{
			"name": "hexadecagon",
			"from": [16.9595, 8.25136, 8.9595],
			"to": [19.9595, 8.74864, 9.2095],
			"rotation": {"angle": 0, "axis": "x", "origin": [17.4595, 8.5, 7.9595]},
			"faces": {
				"north": {"uv": [9.25, 8.25, 10, 8.375], "texture": "#0"},
				"east": {"uv": [11.75, 10.25, 11.8125, 10.375], "texture": "#0"},
				"south": {"uv": [9.25, 8, 10, 8.125], "texture": "#0"},
				"west": {"uv": [10.5, 11.75, 10.5625, 11.875], "texture": "#0"},
				"up": {"uv": [8.8125, 11, 8.75, 10.25], "rotation": 90, "texture": "#0"},
				"down": {"uv": [9.0625, 10.25, 9, 11], "rotation": 270, "texture": "#0"}
			}
		},
		{
			"name": "hexadecagon",
			"from": [16.9595, 8.25136, 8.9595],
			"to": [19.9595, 8.74864, 9.2095],
			"rotation": {"angle": -22.5, "axis": "x", "origin": [17.4595, 8.5, 7.9595]},
			"faces": {
				"north": {"uv": [8.75, 9.25, 9.5, 9.375], "texture": "#0"},
				"east": {"uv": [11.75, 10.5, 11.8125, 10.625], "texture": "#0"},
				"south": {"uv": [9.25, 8.5, 10, 8.625], "texture": "#0"},
				"west": {"uv": [10.75, 11.75, 10.8125, 11.875], "texture": "#0"},
				"up": {"uv": [9.3125, 11, 9.25, 10.25], "rotation": 90, "texture": "#0"},
				"down": {"uv": [9.5625, 10.25, 9.5, 11], "rotation": 270, "texture": "#0"}
			}
		},
		{
			"name": "hexadecagon",
			"from": [16.9595, 8.25136, 8.9595],
			"to": [19.9595, 8.74864, 9.2095],
			"rotation": {"angle": -45, "axis": "x", "origin": [17.4595, 8.5, 7.9595]},
			"faces": {
				"north": {"uv": [0, 9.5, 0.75, 9.625], "texture": "#0"},
				"east": {"uv": [11.75, 10.75, 11.8125, 10.875], "texture": "#0"},
				"south": {"uv": [9.25, 9, 10, 9.125], "texture": "#0"},
				"west": {"uv": [11, 11.75, 11.0625, 11.875], "texture": "#0"},
				"up": {"uv": [9.8125, 11, 9.75, 10.25], "rotation": 90, "texture": "#0"},
				"down": {"uv": [10.0625, 10.25, 10, 11], "rotation": 270, "texture": "#0"}
			}
		},
		{
			"name": "hexadecagon",
			"from": [16.9595, 8.25136, 6.7095],
			"to": [19.9595, 8.74864, 6.9595],
			"rotation": {"angle": 45, "axis": "x", "origin": [17.4595, 8.5, 7.9595]},
			"faces": {
				"north": {"uv": [9.5, 0.25, 10.25, 0.375], "texture": "#0"},
				"east": {"uv": [11.75, 11, 11.8125, 11.125], "texture": "#0"},
				"south": {"uv": [9.5, 0, 10.25, 0.125], "texture": "#0"},
				"west": {"uv": [11.25, 11.75, 11.3125, 11.875], "texture": "#0"},
				"up": {"uv": [10.3125, 11, 10.25, 10.25], "rotation": 90, "texture": "#0"},
				"down": {"uv": [0.0625, 10.5, 0, 11.25], "rotation": 270, "texture": "#0"}
			}
		},
		{
			"name": "hexadecagon",
			"from": [16.9595, 8.25136, 6.7095],
			"to": [19.9595, 8.74864, 6.9595],
			"rotation": {"angle": 22.5, "axis": "x", "origin": [17.4595, 8.5, 7.9595]},
			"faces": {
				"north": {"uv": [9.5, 1.75, 10.25, 1.875], "texture": "#0"},
				"east": {"uv": [11.75, 11.25, 11.8125, 11.375], "texture": "#0"},
				"south": {"uv": [0.75, 9.5, 1.5, 9.625], "texture": "#0"},
				"west": {"uv": [11.5, 11.75, 11.5625, 11.875], "texture": "#0"},
				"up": {"uv": [0.3125, 11.25, 0.25, 10.5], "rotation": 90, "texture": "#0"},
				"down": {"uv": [0.5625, 10.5, 0.5, 11.25], "rotation": 270, "texture": "#0"}
			}
		},
		{
			"name": "hexadecagon",
			"from": [16.9595, 8.25136, 6.7095],
			"to": [19.9595, 8.74864, 6.9595],
			"rotation": {"angle": 0, "axis": "x", "origin": [17.4595, 8.5, 7.9595]},
			"faces": {
				"north": {"uv": [2.25, 9.5, 3, 9.625], "texture": "#0"},
				"east": {"uv": [11.75, 11.5, 11.8125, 11.625], "texture": "#0"},
				"south": {"uv": [9.5, 2, 10.25, 2.125], "texture": "#0"},
				"west": {"uv": [11.75, 11.75, 11.8125, 11.875], "texture": "#0"},
				"up": {"uv": [0.8125, 11.25, 0.75, 10.5], "rotation": 90, "texture": "#0"},
				"down": {"uv": [1.0625, 10.5, 1, 11.25], "rotation": 270, "texture": "#0"}
			}
		},
		{
			"name": "hexadecagon",
			"from": [16.9595, 8.25136, 6.7095],
			"to": [19.9595, 8.74864, 6.9595],
			"rotation": {"angle": -22.5, "axis": "x", "origin": [17.4595, 8.5, 7.9595]},
			"faces": {
				"north": {"uv": [9.5, 2.75, 10.25, 2.875], "texture": "#0"},
				"east": {"uv": [0, 12, 0.0625, 12.125], "texture": "#0"},
				"south": {"uv": [9.5, 2.5, 10.25, 2.625], "texture": "#0"},
				"west": {"uv": [12, 0, 12.0625, 0.125], "texture": "#0"},
				"up": {"uv": [1.3125, 11.25, 1.25, 10.5], "rotation": 90, "texture": "#0"},
				"down": {"uv": [1.8125, 10.5, 1.75, 11.25], "rotation": 270, "texture": "#0"}
			}
		},
		{
			"name": "hexadecagon",
			"from": [16.9595, 8.25136, 6.7095],
			"to": [19.9595, 8.74864, 6.9595],
			"rotation": {"angle": -45, "axis": "x", "origin": [17.4595, 8.5, 7.9595]},
			"faces": {
				"north": {"uv": [9.5, 3, 10.25, 3.125], "texture": "#0"},
				"east": {"uv": [0.25, 12, 0.3125, 12.125], "texture": "#0"},
				"south": {"uv": [3, 9.5, 3.75, 9.625], "texture": "#0"},
				"west": {"uv": [12, 0.25, 12.0625, 0.375], "texture": "#0"},
				"up": {"uv": [2.0625, 11.25, 2, 10.5], "rotation": 90, "texture": "#0"},
				"down": {"uv": [2.3125, 10.5, 2.25, 11.25], "rotation": 270, "texture": "#0"}
			}
		},
		{
			"name": "hexadecagon",
			"from": [16.9595, 7.25, 7.71086],
			"to": [19.9595, 7.5, 8.20814],
			"rotation": {"angle": 22.5, "axis": "x", "origin": [17.4595, 8.5, 7.9595]},
			"faces": {
				"north": {"uv": [10.25, 7.75, 11, 7.8125], "texture": "#0"},
				"east": {"uv": [0.5, 12, 0.625, 12.0625], "texture": "#0"},
				"south": {"uv": [10.25, 7.5, 11, 7.5625], "texture": "#0"},
				"west": {"uv": [12, 0.5, 12.125, 0.5625], "texture": "#0"},
				"up": {"uv": [1.625, 10, 1.5, 9.25], "rotation": 90, "texture": "#0"},
				"down": {"uv": [6.625, 9.25, 6.5, 10], "rotation": 270, "texture": "#0"}
			}
		},
		{
			"name": "hexadecagon",
			"from": [16.9595, 7.25, 7.71086],
			"to": [19.9595, 7.5, 8.20814],
			"rotation": {"angle": 0, "axis": "x", "origin": [17.4595, 8.5, 7.9595]},
			"faces": {
				"north": {"uv": [10.25, 9.25, 11, 9.3125], "texture": "#0"},
				"east": {"uv": [0.75, 12, 0.875, 12.0625], "texture": "#0"},
				"south": {"uv": [10.25, 8.75, 11, 8.8125], "texture": "#0"},
				"west": {"uv": [12, 0.75, 12.125, 0.8125], "texture": "#0"},
				"up": {"uv": [6.875, 10, 6.75, 9.25], "rotation": 90, "texture": "#0"},
				"down": {"uv": [1.875, 9.5, 1.75, 10.25], "rotation": 270, "texture": "#0"}
			}
		},
		{
			"name": "hexadecagon",
			"from": [16.9595, 7.25, 7.71086],
			"to": [19.9595, 7.5, 8.20814],
			"rotation": {"angle": -22.5, "axis": "x", "origin": [17.4595, 8.5, 7.9595]},
			"faces": {
				"north": {"uv": [10.5, 0.75, 11.25, 0.8125], "texture": "#0"},
				"east": {"uv": [1, 12, 1.125, 12.0625], "texture": "#0"},
				"south": {"uv": [10.25, 9.75, 11, 9.8125], "texture": "#0"},
				"west": {"uv": [12, 1, 12.125, 1.0625], "texture": "#0"},
				"up": {"uv": [9.625, 4, 9.5, 3.25], "rotation": 90, "texture": "#0"},
				"down": {"uv": [4.125, 9.5, 4, 10.25], "rotation": 270, "texture": "#0"}
			}
		},
		{
			"name": "hexadecagon",
			"from": [16.9595, 9.5, 7.71086],
			"to": [19.9595, 9.75, 8.20814],
			"rotation": {"angle": 22.5, "axis": "x", "origin": [17.4595, 8.5, 7.9595]},
			"faces": {
				"north": {"uv": [4, 10.5, 4.75, 10.5625], "texture": "#0"},
				"east": {"uv": [1.25, 12, 1.375, 12.0625], "texture": "#0"},
				"south": {"uv": [2.5, 10.5, 3.25, 10.5625], "texture": "#0"},
				"west": {"uv": [12, 1.25, 12.125, 1.3125], "texture": "#0"},
				"up": {"uv": [4.375, 10.25, 4.25, 9.5], "rotation": 90, "texture": "#0"},
				"down": {"uv": [4.625, 9.5, 4.5, 10.25], "rotation": 270, "texture": "#0"}
			}
		},
		{
			"name": "hexadecagon",
			"from": [16.9595, 9.5, 7.71086],
			"to": [19.9595, 9.75, 8.20814],
			"rotation": {"angle": 0, "axis": "x", "origin": [17.4595, 8.5, 7.9595]},
			"faces": {
				"north": {"uv": [10.5, 4.25, 11.25, 4.3125], "texture": "#0"},
				"east": {"uv": [1.5, 12, 1.625, 12.0625], "texture": "#0"},
				"south": {"uv": [10.5, 4, 11.25, 4.0625], "texture": "#0"},
				"west": {"uv": [12, 1.5, 12.125, 1.5625], "texture": "#0"},
				"up": {"uv": [5.125, 10.25, 5, 9.5], "rotation": 90, "texture": "#0"},
				"down": {"uv": [5.375, 9.5, 5.25, 10.25], "rotation": 270, "texture": "#0"}
			}
		},
		{
			"name": "hexadecagon",
			"from": [16.9595, 9.5, 7.71086],
			"to": [19.9595, 9.75, 8.20814],
			"rotation": {"angle": -22.5, "axis": "x", "origin": [17.4595, 8.5, 7.9595]},
			"faces": {
				"north": {"uv": [5, 10.5, 5.75, 10.5625], "texture": "#0"},
				"east": {"uv": [1.75, 12, 1.875, 12.0625], "texture": "#0"},
				"south": {"uv": [10.5, 4.5, 11.25, 4.5625], "texture": "#0"},
				"west": {"uv": [12, 1.75, 12.125, 1.8125], "texture": "#0"},
				"up": {"uv": [5.625, 10.25, 5.5, 9.5], "rotation": 90, "texture": "#0"},
				"down": {"uv": [5.875, 9.5, 5.75, 10.25], "rotation": 270, "texture": "#0"}
			}
		},
		{
			"name": "hexadecagon",
			"from": [17.9595, 8.27622, 6.8345],
			"to": [18.9595, 8.72378, 9.0845],
			"rotation": {"angle": 45, "axis": "x", "origin": [18.4595, 8.5, 7.9595]},
			"faces": {
				"north": {"uv": [2.5, 11, 2.75, 11.125], "texture": "#0"},
				"east": {"uv": [8.75, 9.75, 9.3125, 9.875], "texture": "#0"},
				"south": {"uv": [10.75, 10.75, 11, 10.875], "texture": "#0"},
				"west": {"uv": [9.5, 9.75, 10.0625, 9.875], "texture": "#0"},
				"up": {"uv": [9.3125, 2, 8.75, 1.75], "rotation": 90, "texture": "#0"},
				"down": {"uv": [9.3125, 2, 8.75, 2.25], "rotation": 270, "texture": "#0"}
			}
		},
		{
			"name": "hexadecagon",
			"from": [17.9595, 8.27622, 6.8345],
			"to": [18.9595, 8.72378, 9.0845],
			"rotation": {"angle": 22.5, "axis": "x", "origin": [18.4595, 8.5, 7.9595]},
			"faces": {
				"north": {"uv": [3, 11, 3.25, 11.125], "texture": "#0"},
				"east": {"uv": [0, 10, 0.5625, 10.125], "texture": "#0"},
				"south": {"uv": [2.75, 11, 3, 11.125], "texture": "#0"},
				"west": {"uv": [0.75, 10, 1.3125, 10.125], "texture": "#0"},
				"up": {"uv": [3.0625, 9, 2.5, 8.75], "rotation": 90, "texture": "#0"},
				"down": {"uv": [9.3125, 2.5, 8.75, 2.75], "rotation": 270, "texture": "#0"}
			}
		},
		{
			"name": "hexadecagon",
			"from": [17.9595, 8.27622, 6.8345],
			"to": [18.9595, 8.72378, 9.0845],
			"rotation": {"angle": 0, "axis": "x", "origin": [18.4595, 8.5, 7.9595]},
			"faces": {
				"north": {"uv": [3.5, 11, 3.75, 11.125], "texture": "#0"},
				"east": {"uv": [10, 1, 10.5625, 1.125], "texture": "#0"},
				"south": {"uv": [3.25, 11, 3.5, 11.125], "texture": "#0"},
				"west": {"uv": [10, 1.25, 10.5625, 1.375], "texture": "#0"},
				"up": {"uv": [9.3125, 3, 8.75, 2.75], "rotation": 90, "texture": "#0"},
				"down": {"uv": [9.3125, 3, 8.75, 3.25], "rotation": 270, "texture": "#0"}
			}
		},
		{
			"name": "hexadecagon",
			"from": [17.9595, 8.27622, 6.8345],
			"to": [18.9595, 8.72378, 9.0845],
			"rotation": {"angle": -22.5, "axis": "x", "origin": [18.4595, 8.5, 7.9595]},
			"faces": {
				"north": {"uv": [5.25, 11, 5.5, 11.125], "texture": "#0"},
				"east": {"uv": [2.25, 10, 2.8125, 10.125], "texture": "#0"},
				"south": {"uv": [3.75, 11, 4, 11.125], "texture": "#0"},
				"west": {"uv": [3, 10, 3.5625, 10.125], "texture": "#0"},
				"up": {"uv": [3.8125, 9, 3.25, 8.75], "rotation": 90, "texture": "#0"},
				"down": {"uv": [9.3125, 3.25, 8.75, 3.5], "rotation": 270, "texture": "#0"}
			}
		},
		{
			"name": "hexadecagon",
			"from": [17.9595, 8.27622, 6.8345],
			"to": [18.9595, 8.72378, 9.0845],
			"rotation": {"angle": -45, "axis": "x", "origin": [18.4595, 8.5, 7.9595]},
			"faces": {
				"north": {"uv": [11, 5.5, 11.25, 5.625], "texture": "#0"},
				"east": {"uv": [10, 3.25, 10.5625, 3.375], "texture": "#0"},
				"south": {"uv": [5.5, 11, 5.75, 11.125], "texture": "#0"},
				"west": {"uv": [10, 3.5, 10.5625, 3.625], "texture": "#0"},
				"up": {"uv": [9.3125, 3.75, 8.75, 3.5], "rotation": 90, "texture": "#0"},
				"down": {"uv": [9.3125, 3.75, 8.75, 4], "rotation": 270, "texture": "#0"}
			}
		},
		{
			"name": "hexadecagon",
			"from": [17.9595, 7.375, 7.73572],
			"to": [18.9595, 9.625, 8.18327],
			"rotation": {"angle": 22.5, "axis": "x", "origin": [18.4595, 8.5, 7.9595]},
			"faces": {
				"north": {"uv": [4.25, 8.75, 4.5, 9.3125], "texture": "#0"},
				"east": {"uv": [1.5, 10, 1.625, 10.5625], "texture": "#0"},
				"south": {"uv": [4, 8.75, 4.25, 9.3125], "texture": "#0"},
				"west": {"uv": [3.75, 10, 3.875, 10.5625], "texture": "#0"},
				"up": {"uv": [11.125, 6, 11, 5.75], "rotation": 90, "texture": "#0"},
				"down": {"uv": [6.125, 11, 6, 11.25], "rotation": 270, "texture": "#0"}
			}
		},
		{
			"name": "hexadecagon",
			"from": [17.9595, 7.375, 7.73572],
			"to": [18.9595, 9.625, 8.18327],
			"rotation": {"angle": 0, "axis": "x", "origin": [18.4595, 8.5, 7.9595]},
			"faces": {
				"north": {"uv": [5, 8.75, 5.25, 9.3125], "texture": "#0"},
				"east": {"uv": [4.75, 10, 4.875, 10.5625], "texture": "#0"},
				"south": {"uv": [4.5, 8.75, 4.75, 9.3125], "texture": "#0"},
				"west": {"uv": [6.5, 10, 6.625, 10.5625], "texture": "#0"},
				"up": {"uv": [11.125, 6.25, 11, 6], "rotation": 90, "texture": "#0"},
				"down": {"uv": [6.375, 11, 6.25, 11.25], "rotation": 270, "texture": "#0"}
			}
		},
		{
			"name": "hexadecagon",
			"from": [17.9595, 7.375, 7.73572],
			"to": [18.9595, 9.625, 8.18327],
			"rotation": {"angle": -22.5, "axis": "x", "origin": [18.4595, 8.5, 7.9595]},
			"faces": {
				"north": {"uv": [5.5, 8.75, 5.75, 9.3125], "texture": "#0"},
				"east": {"uv": [6.75, 10, 6.875, 10.5625], "texture": "#0"},
				"south": {"uv": [5.25, 8.75, 5.5, 9.3125], "texture": "#0"},
				"west": {"uv": [10, 7.25, 10.125, 7.8125], "texture": "#0"},
				"up": {"uv": [11.125, 6.5, 11, 6.25], "rotation": 90, "texture": "#0"},
				"down": {"uv": [6.625, 11, 6.5, 11.25], "rotation": 270, "texture": "#0"}
			}
		},
		{
			"name": "hexadecagon",
			"from": [5.4595, 5.85218, 7.4595],
			"to": [5.9595, 7.14782, 8.4595],
			"rotation": {"angle": 0, "axis": "x", "origin": [7.4595, 6.25, 7.9595]},
			"faces": {
				"north": {"uv": [5, 10.75, 5.125, 11.0625], "texture": "#0"},
				"east": {"uv": [8, 9.5, 8.25, 9.8125], "texture": "#0"},
				"south": {"uv": [4.75, 10.75, 4.875, 11.0625], "texture": "#0"},
				"west": {"uv": [8.25, 9.5, 8.5, 9.8125], "texture": "#0"},
				"up": {"uv": [7.5, 11.125, 7.25, 11], "rotation": 90, "texture": "#0"},
				"down": {"uv": [11.25, 7.25, 11, 7.375], "rotation": 270, "texture": "#0"}
			}
		},
		{
			"name": "hexadecagon",
			"from": [5.4595, 5.85218, 7.4595],
			"to": [5.9595, 6.64782, 8.4595],
			"rotation": {"angle": 22.5, "axis": "z", "origin": [7.4595, 6.25, 7.9595]},
			"faces": {
				"north": {"uv": [11.25, 6.25, 11.375, 6.4375], "texture": "#0"},
				"east": {"uv": [3.25, 10.5, 3.5, 10.6875], "texture": "#0"},
				"south": {"uv": [11.25, 6, 11.375, 6.1875], "texture": "#0"},
				"west": {"uv": [3.5, 10.5, 3.75, 10.6875], "texture": "#0"},
				"up": {"uv": [7.75, 11.125, 7.5, 11], "rotation": 90, "texture": "#0"},
				"down": {"uv": [11.25, 7.5, 11, 7.625], "rotation": 270, "texture": "#0"}
			}
		},
		{
			"name": "hexadecagon",
			"from": [5.4595, 5.85218, 7.4595],
			"to": [5.9595, 6.64782, 8.4595],
			"rotation": {"angle": 45, "axis": "z", "origin": [7.4595, 6.25, 7.9595]},
			"faces": {
				"north": {"uv": [7.25, 11.25, 7.375, 11.4375], "texture": "#0"},
				"east": {"uv": [5.75, 10.5, 6, 10.6875], "texture": "#0"},
				"south": {"uv": [6.5, 11.25, 6.625, 11.4375], "texture": "#0"},
				"west": {"uv": [6, 10.5, 6.25, 10.6875], "texture": "#0"},
				"up": {"uv": [8, 11.125, 7.75, 11], "rotation": 90, "texture": "#0"},
				"down": {"uv": [11.25, 7.75, 11, 7.875], "rotation": 270, "texture": "#0"}
			}
		},
		{
			"name": "hexadecagon",
			"from": [7.06167, 4.25, 7.4595],
			"to": [7.85732, 4.75, 8.4595],
			"rotation": {"angle": -22.5, "axis": "z", "origin": [7.4595, 6.25, 7.9595]},
			"faces": {
				"north": {"uv": [7.5, 11.25, 7.6875, 11.375], "texture": "#0"},
				"east": {"uv": [8, 11, 8.25, 11.125], "texture": "#0"},
				"south": {"uv": [11.25, 7.25, 11.4375, 7.375], "texture": "#0"},
				"west": {"uv": [8.25, 11, 8.5, 11.125], "texture": "#0"},
				"up": {"uv": [6.5, 10.6875, 6.25, 10.5], "rotation": 90, "texture": "#0"},
				"down": {"uv": [7.25, 10.5, 7, 10.6875], "rotation": 270, "texture": "#0"}
			}
		},
		{
			"name": "hexadecagon",
			"from": [7.06167, 4.25, 7.4595],
			"to": [8.05732, 4.75, 8.4595],
			"rotation": {"angle": 0, "axis": "x", "origin": [7.4595, 6.25, 7.9595]},
			"faces": {
				"north": {"uv": [9, 11, 9.25, 11.125], "texture": "#0"},
				"east": {"uv": [8.5, 11, 8.75, 11.125], "texture": "#0"},
				"south": {"uv": [8.75, 11, 9, 11.125], "texture": "#0"},
				"west": {"uv": [11, 8.75, 11.25, 8.875], "texture": "#0"},
				"up": {"uv": [1.5, 10.5, 1.25, 10.25], "rotation": 90, "texture": "#0"},
				"down": {"uv": [3.75, 10.25, 3.5, 10.5], "rotation": 270, "texture": "#0"}
			}
		},
		{
			"name": "hexadecagon",
			"from": [7.95804, 4.61955, 7.4595],
			"to": [8.40604, 4.74955, 8.4595],
			"rotation": {"angle": 0, "axis": "x", "origin": [7.65822, 6.21955, 7.9595]},
			"faces": {
				"north": {"uv": [12, 2, 12.125, 2.0625], "texture": "#0"},
				"east": {"uv": [6.25, 11.5, 6.5, 11.5625], "texture": "#0"},
				"south": {"uv": [2, 12, 2.125, 12.0625], "texture": "#0"},
				"west": {"uv": [11.5, 6.25, 11.75, 6.3125], "texture": "#0"},
				"up": {"uv": [9.5, 11.125, 9.25, 11], "rotation": 90, "texture": "#0"},
				"down": {"uv": [11.25, 9.25, 11, 9.375], "rotation": 270, "texture": "#0"}
			}
		},
		{
			"name": "hexadecagon",
			"from": [8.65732, 4.25, 7.4595],
			"to": [8.85297, 4.65, 8.4595],
			"rotation": {"angle": -22.5, "axis": "z", "origin": [8.45515, 6.25, 7.9595]},
			"faces": {
				"north": {"uv": [12, 2.25, 12.0625, 2.375], "texture": "#0"},
				"east": {"uv": [9.5, 11, 9.75, 11.125], "texture": "#0"},
				"south": {"uv": [2.25, 12, 2.3125, 12.125], "texture": "#0"},
				"west": {"uv": [9.75, 11, 10, 11.125], "texture": "#0"},
				"up": {"uv": [6.75, 11.5625, 6.5, 11.5], "rotation": 90, "texture": "#0"},
				"down": {"uv": [11.75, 6.5, 11.5, 6.5625], "rotation": 270, "texture": "#0"}
			}
		},
		{
			"name": "hexadecagon",
			"from": [8.63427, 4.80332, 7.4595],
			"to": [9.13427, 5.00224, 8.4595],
			"rotation": {"angle": -45, "axis": "z", "origin": [8.63427, 4.90278, 7.9595]},
			"faces": {
				"north": {"uv": [12, 2.5, 12.125, 2.5625], "texture": "#0"},
				"east": {"uv": [6.75, 11.5, 7, 11.5625], "texture": "#0"},
				"south": {"uv": [2.5, 12, 2.625, 12.0625], "texture": "#0"},
				"west": {"uv": [11.5, 6.75, 11.75, 6.8125], "texture": "#0"},
				"up": {"uv": [11.25, 9.875, 11, 9.75], "rotation": 90, "texture": "#0"},
				"down": {"uv": [10.25, 11, 10, 11.125], "rotation": 270, "texture": "#0"}
			}
		},
		{
			"name": "hexadecagon",
			"from": [8.63427, 4.80332, 7.4595],
			"to": [9.13427, 5.00224, 8.4595],
			"rotation": {"angle": -22.5, "axis": "z", "origin": [8.63427, 4.90278, 7.9595]},
			"faces": {
				"north": {"uv": [12, 2.75, 12.125, 2.8125], "texture": "#0"},
				"east": {"uv": [7, 11.5, 7.25, 11.5625], "texture": "#0"},
				"south": {"uv": [2.75, 12, 2.875, 12.0625], "texture": "#0"},
				"west": {"uv": [11.5, 7, 11.75, 7.0625], "texture": "#0"},
				"up": {"uv": [10.5, 11.125, 10.25, 11], "rotation": 90, "texture": "#0"},
				"down": {"uv": [11.25, 10.25, 11, 10.375], "rotation": 270, "texture": "#0"}
			}
		},
		{
			"name": "hexadecagon",
			"from": [8.63427, 4.80332, 7.4595],
			"to": [9.13427, 5.00224, 8.4595],
			"rotation": {"angle": 0, "axis": "x", "origin": [8.63427, 4.90278, 7.9595]},
			"faces": {
				"north": {"uv": [12, 3, 12.125, 3.0625], "texture": "#0"},
				"east": {"uv": [7.25, 11.5, 7.5, 11.5625], "texture": "#0"},
				"south": {"uv": [3, 12, 3.125, 12.0625], "texture": "#0"},
				"west": {"uv": [11.5, 7.25, 11.75, 7.3125], "texture": "#0"},
				"up": {"uv": [10.75, 11.125, 10.5, 11], "rotation": 90, "texture": "#0"},
				"down": {"uv": [11.25, 10.5, 11, 10.625], "rotation": 270, "texture": "#0"}
			}
		},
		{
			"name": "hexadecagon",
			"from": [8.63427, 4.80332, 7.4595],
			"to": [9.13427, 5.00224, 8.4595],
			"rotation": {"angle": 22.5, "axis": "z", "origin": [8.63427, 4.90278, 7.9595]},
			"faces": {
				"north": {"uv": [12, 3.25, 12.125, 3.3125], "texture": "#0"},
				"east": {"uv": [7.5, 11.5, 7.75, 11.5625], "texture": "#0"},
				"south": {"uv": [3.25, 12, 3.375, 12.0625], "texture": "#0"},
				"west": {"uv": [11.5, 7.5, 11.75, 7.5625], "texture": "#0"},
				"up": {"uv": [11, 11.125, 10.75, 11], "rotation": 90, "texture": "#0"},
				"down": {"uv": [11.25, 10.75, 11, 10.875], "rotation": 270, "texture": "#0"}
			}
		},
		{
			"name": "hexadecagon",
			"from": [8.13427, 4.80332, 7.4595],
			"to": [9.13427, 5.00224, 8.4595],
			"rotation": {"angle": 45, "axis": "z", "origin": [8.63427, 4.90278, 7.9595]},
			"faces": {
				"north": {"uv": [11.5, 8, 11.75, 8.0625], "texture": "#0"},
				"east": {"uv": [7.75, 11.5, 8, 11.5625], "texture": "#0"},
				"south": {"uv": [11.5, 7.75, 11.75, 7.8125], "texture": "#0"},
				"west": {"uv": [8, 11.5, 8.25, 11.5625], "texture": "#0"},
				"up": {"uv": [10.5, 4.25, 10.25, 4], "rotation": 90, "texture": "#0"},
				"down": {"uv": [10.5, 4.25, 10.25, 4.5], "rotation": 270, "texture": "#0"}
			}
		},
		{
			"name": "hexadecagon",
			"from": [8.53482, 4.40278, 7.4595],
			"to": [8.73373, 5.40278, 8.4595],
			"rotation": {"angle": -22.5, "axis": "z", "origin": [8.63427, 4.90278, 7.9595]},
			"faces": {
				"north": {"uv": [11.5, 8.5, 11.5625, 8.75], "texture": "#0"},
				"east": {"uv": [4.5, 10.25, 4.75, 10.5], "texture": "#0"},
				"south": {"uv": [11.5, 8.25, 11.5625, 8.5], "texture": "#0"},
				"west": {"uv": [10.25, 4.5, 10.5, 4.75], "texture": "#0"},
				"up": {"uv": [9, 11.5625, 8.75, 11.5], "rotation": 90, "texture": "#0"},
				"down": {"uv": [11.75, 8.75, 11.5, 8.8125], "rotation": 270, "texture": "#0"}
			}
		},
		{
			"name": "hexadecagon",
			"from": [8.53482, 4.40278, 7.4595],
			"to": [8.73373, 4.65278, 8.4595],
			"rotation": {"angle": 0, "axis": "x", "origin": [8.63427, 4.90278, 7.9595]},
			"faces": {
				"north": {"uv": [12, 7.5, 12.0625, 7.5625], "texture": "#0"},
				"east": {"uv": [9, 11.5, 9.25, 11.5625], "texture": "#0"},
				"south": {"uv": [7.5, 12, 7.5625, 12.0625], "texture": "#0"},
				"west": {"uv": [9.25, 11.5, 9.5, 11.5625], "texture": "#0"},
				"up": {"uv": [9.75, 11.5625, 9.5, 11.5], "rotation": 90, "texture": "#0"},
				"down": {"uv": [10, 11.5, 9.75, 11.5625], "rotation": 270, "texture": "#0"}
			}
		},
		{
			"name": "hexadecagon",
			"from": [8.53482, 4.40278, 7.4595],
			"to": [8.73373, 4.90278, 8.4595],
			"rotation": {"angle": 22.5, "axis": "z", "origin": [8.63427, 4.90278, 7.9595]},
			"faces": {
				"north": {"uv": [12, 3.5, 12.0625, 3.625], "texture": "#0"},
				"east": {"uv": [11, 11, 11.25, 11.125], "texture": "#0"},
				"south": {"uv": [3.5, 12, 3.5625, 12.125], "texture": "#0"},
				"west": {"uv": [0, 11.25, 0.25, 11.375], "texture": "#0"},
				"up": {"uv": [10.25, 11.5625, 10, 11.5], "rotation": 90, "texture": "#0"},
				"down": {"uv": [10.5, 11.5, 10.25, 11.5625], "rotation": 270, "texture": "#0"}
			}
		},
		{
			"name": "hexadecagon",
			"from": [9.83482, 6.40278, 7.7095],
			"to": [17.53373, 7.50278, 8.2095],
			"rotation": {"angle": 0, "axis": "x", "origin": [8.43427, 4.65278, 7.9595]},
			"faces": {
				"north": {"uv": [7, 6.75, 8.9375, 7], "texture": "#0"},
				"east": {"uv": [0.25, 11.25, 0.375, 11.5], "texture": "#0"},
				"south": {"uv": [7, 6.5, 8.9375, 6.75], "texture": "#0"},
				"west": {"uv": [0.5, 11.25, 0.625, 11.5], "texture": "#0"},
				"up": {"uv": [8.125, 9.1875, 8, 7.25], "rotation": 90, "texture": "#0"},
				"down": {"uv": [2.125, 8.25, 2, 10.1875], "rotation": 270, "texture": "#0"}
			}
		},
		{
			"name": "hexadecagon",
			"from": [8.6229, 2.48183, 7.7095],
			"to": [9.82181, 3.03183, 8.2095],
			"rotation": {"angle": 22.5, "axis": "z", "origin": [-0.27764, 5.73183, 7.9595]},
			"faces": {
				"north": {"uv": [5.25, 10.75, 5.5625, 10.875], "texture": "#0"},
				"east": {"uv": [10.5, 11.5, 10.625, 11.625], "texture": "#0"},
				"south": {"uv": [10.75, 5, 11.0625, 5.125], "texture": "#0"},
				"west": {"uv": [11.5, 10.5, 11.625, 10.625], "texture": "#0"},
				"up": {"uv": [10.875, 5.8125, 10.75, 5.5], "rotation": 90, "texture": "#0"},
				"down": {"uv": [5.875, 10.75, 5.75, 11.0625], "rotation": 270, "texture": "#0"}
			}
		},
		{
			"name": "hexadecagon",
			"from": [3.97174, -4.1819, 7.7095],
			"to": [4.37065, -3.6319, 8.2095],
			"rotation": {"angle": 45, "axis": "z", "origin": [-5.72881, 7.0681, 7.9595]},
			"faces": {
				"north": {"uv": [11.5, 11.25, 11.625, 11.375], "texture": "#0"},
				"east": {"uv": [11.5, 10.75, 11.625, 10.875], "texture": "#0"},
				"south": {"uv": [11.5, 11, 11.625, 11.125], "texture": "#0"},
				"west": {"uv": [11.25, 11.5, 11.375, 11.625], "texture": "#0"},
				"up": {"uv": [11.625, 11.625, 11.5, 11.5], "rotation": 90, "texture": "#0"},
				"down": {"uv": [11.875, 0, 11.75, 0.125], "rotation": 270, "texture": "#0"}
			}
		},
		{
			"name": "hexadecagon",
			"from": [9.70813, 12.04688, 7.7095],
			"to": [10.25813, 12.44579, 8.2095],
			"rotation": {"angle": -22.5, "axis": "z", "origin": [-6.09187, 11.94634, 7.9595]},
			"faces": {
				"north": {"uv": [0.75, 11.75, 0.875, 11.875], "texture": "#0"},
				"east": {"uv": [0.25, 11.75, 0.375, 11.875], "texture": "#0"},
				"south": {"uv": [11.75, 0.25, 11.875, 0.375], "texture": "#0"},
				"west": {"uv": [0.5, 11.75, 0.625, 11.875], "texture": "#0"},
				"up": {"uv": [1.125, 11.875, 1, 11.75], "rotation": 90, "texture": "#0"},
				"down": {"uv": [1.375, 11.75, 1.25, 11.875], "rotation": 270, "texture": "#0"}
			}
		},
		{
			"name": "hexadecagon",
			"from": [8.5439, 4.89392, 7.7095],
			"to": [9.0939, 5.99283, 8.2095],
			"rotation": {"angle": 0, "axis": "x", "origin": [-7.2561, 13.29337, 7.9595]},
			"faces": {
				"north": {"uv": [11.25, 1, 11.375, 1.25], "texture": "#0"},
				"east": {"uv": [0.75, 11.25, 0.875, 11.5], "texture": "#0"},
				"south": {"uv": [11.25, 0.75, 11.375, 1], "texture": "#0"},
				"west": {"uv": [1, 11.25, 1.125, 11.5], "texture": "#0"},
				"up": {"uv": [1.625, 11.875, 1.5, 11.75], "rotation": 90, "texture": "#0"},
				"down": {"uv": [1.875, 11.75, 1.75, 11.875], "rotation": 270, "texture": "#0"}
			}
		},
		{
			"name": "hexadecagon",
			"from": [15.61222, 5.56285, 7.7095],
			"to": [16.06113, 6.46285, 8.2095],
			"rotation": {"angle": 22.5, "axis": "z", "origin": [14.46168, 10.81285, 7.9595]},
			"faces": {
				"north": {"uv": [11.25, 1.5, 11.375, 1.75], "texture": "#0"},
				"east": {"uv": [1.25, 11.25, 1.375, 11.5], "texture": "#0"},
				"south": {"uv": [11.25, 1.25, 11.375, 1.5], "texture": "#0"},
				"west": {"uv": [1.5, 11.25, 1.625, 11.5], "texture": "#0"},
				"up": {"uv": [2.125, 11.875, 2, 11.75], "rotation": 90, "texture": "#0"},
				"down": {"uv": [2.375, 11.75, 2.25, 11.875], "rotation": 270, "texture": "#0"}
			}
		},
		{
			"name": "hexadecagon",
			"from": [13.15893, 3.63754, 7.7095],
			"to": [13.60785, 4.43754, 8.2095],
			"rotation": {"angle": 45, "axis": "z", "origin": [12.00839, 10.88754, 7.9595]},
			"faces": {
				"north": {"uv": [8, 11.25, 8.125, 11.4375], "texture": "#0"},
				"east": {"uv": [11.25, 7.5, 11.375, 7.6875], "texture": "#0"},
				"south": {"uv": [7.75, 11.25, 7.875, 11.4375], "texture": "#0"},
				"west": {"uv": [11.25, 7.75, 11.375, 7.9375], "texture": "#0"},
				"up": {"uv": [2.625, 11.875, 2.5, 11.75], "rotation": 90, "texture": "#0"},
				"down": {"uv": [2.875, 11.75, 2.75, 11.875], "rotation": 270, "texture": "#0"}
			}
		},
		{
			"name": "hexadecagon",
			"from": [17.92972, 10.5194, 7.7095],
			"to": [18.52972, 10.96831, 8.2095],
			"rotation": {"angle": -22.5, "axis": "z", "origin": [9.27972, 9.36886, 7.9595]},
			"faces": {
				"north": {"uv": [3.75, 11.75, 3.875, 11.875], "texture": "#0"},
				"east": {"uv": [3, 11.75, 3.125, 11.875], "texture": "#0"},
				"south": {"uv": [3.25, 11.75, 3.375, 11.875], "texture": "#0"},
				"west": {"uv": [3.5, 11.75, 3.625, 11.875], "texture": "#0"},
				"up": {"uv": [4.125, 11.875, 4, 11.75], "rotation": 90, "texture": "#0"},
				"down": {"uv": [4.375, 11.75, 4.25, 11.875], "rotation": 270, "texture": "#0"}
			}
		},
		{
			"name": "hexadecagon",
			"from": [17.48769, 7.30674, 7.7095],
			"to": [18.43769, 7.75565, 8.2095],
			"rotation": {"angle": 0, "axis": "x", "origin": [9.18769, 6.1562, 7.9595]},
			"faces": {
				"north": {"uv": [2, 11.25, 2.25, 11.375], "texture": "#0"},
				"east": {"uv": [4.5, 11.75, 4.625, 11.875], "texture": "#0"},
				"south": {"uv": [1.75, 11.25, 2, 11.375], "texture": "#0"},
				"west": {"uv": [4.75, 11.75, 4.875, 11.875], "texture": "#0"},
				"up": {"uv": [2.375, 11.5, 2.25, 11.25], "rotation": 90, "texture": "#0"},
				"down": {"uv": [2.625, 11.25, 2.5, 11.5], "rotation": 270, "texture": "#0"}
			}
		},
		{
			"name": "hexadecagon",
			"from": [8.5845, 4.82514, 7.3595],
			"to": [8.8345, 4.87486, 8.5595],
			"rotation": {"angle": -45, "axis": "z", "origin": [8.7095, 4.85, 7.9595]},
			"faces": {
				"north": {"uv": [12, 7.75, 12.0625, 7.8125], "texture": "#0"},
				"east": {"uv": [0.25, 11.5, 0.5625, 11.5625], "texture": "#0"},
				"south": {"uv": [7.75, 12, 7.8125, 12.0625], "texture": "#0"},
				"west": {"uv": [11.5, 0.5, 11.8125, 0.5625], "texture": "#0"},
				"up": {"uv": [1.0625, 11.5625, 0.75, 11.5], "rotation": 90, "texture": "#0"},
				"down": {"uv": [11.8125, 0.75, 11.5, 0.8125], "rotation": 270, "texture": "#0"}
			}
		},
		{
			"name": "hexadecagon",
			"from": [8.5845, 4.82514, 7.3595],
			"to": [8.8345, 4.87486, 8.5595],
			"rotation": {"angle": -22.5, "axis": "z", "origin": [8.7095, 4.85, 7.9595]},
			"faces": {
				"north": {"uv": [12, 8, 12.0625, 8.0625], "texture": "#0"},
				"east": {"uv": [11.5, 1, 11.8125, 1.0625], "texture": "#0"},
				"south": {"uv": [8, 12, 8.0625, 12.0625], "texture": "#0"},
				"west": {"uv": [1.25, 11.5, 1.5625, 11.5625], "texture": "#0"},
				"up": {"uv": [11.8125, 1.3125, 11.5, 1.25], "rotation": 90, "texture": "#0"},
				"down": {"uv": [11.8125, 1.5, 11.5, 1.5625], "rotation": 270, "texture": "#0"}
			}
		},
		{
			"name": "hexadecagon",
			"from": [8.5845, 4.82514, 7.3595],
			"to": [8.8345, 4.87486, 8.5595],
			"rotation": {"angle": 0, "axis": "x", "origin": [8.7095, 4.85, 7.9595]},
			"faces": {
				"north": {"uv": [12, 8.25, 12.0625, 8.3125], "texture": "#0"},
				"east": {"uv": [1.75, 11.5, 2.0625, 11.5625], "texture": "#0"},
				"south": {"uv": [8.25, 12, 8.3125, 12.0625], "texture": "#0"},
				"west": {"uv": [11.5, 1.75, 11.8125, 1.8125], "texture": "#0"},
				"up": {"uv": [11.8125, 2.0625, 11.5, 2], "rotation": 90, "texture": "#0"},
				"down": {"uv": [2.5625, 11.5, 2.25, 11.5625], "rotation": 270, "texture": "#0"}
			}
		},
		{
			"name": "hexadecagon",
			"from": [8.5845, 4.82514, 7.3595],
			"to": [8.8345, 4.87486, 8.5595],
			"rotation": {"angle": 22.5, "axis": "z", "origin": [8.7095, 4.85, 7.9595]},
			"faces": {
				"north": {"uv": [12, 8.5, 12.0625, 8.5625], "texture": "#0"},
				"east": {"uv": [11.5, 2.25, 11.8125, 2.3125], "texture": "#0"},
				"south": {"uv": [8.5, 12, 8.5625, 12.0625], "texture": "#0"},
				"west": {"uv": [11.5, 2.5, 11.8125, 2.5625], "texture": "#0"},
				"up": {"uv": [3.0625, 11.5625, 2.75, 11.5], "rotation": 90, "texture": "#0"},
				"down": {"uv": [11.8125, 2.75, 11.5, 2.8125], "rotation": 270, "texture": "#0"}
			}
		},
		{
			"name": "hexadecagon",
			"from": [8.5845, 4.82514, 7.3595],
			"to": [8.8345, 4.87486, 8.5595],
			"rotation": {"angle": 45, "axis": "z", "origin": [8.7095, 4.85, 7.9595]},
			"faces": {
				"north": {"uv": [12, 8.75, 12.0625, 8.8125], "texture": "#0"},
				"east": {"uv": [11.5, 3, 11.8125, 3.0625], "texture": "#0"},
				"south": {"uv": [8.75, 12, 8.8125, 12.0625], "texture": "#0"},
				"west": {"uv": [3.25, 11.5, 3.5625, 11.5625], "texture": "#0"},
				"up": {"uv": [11.8125, 3.3125, 11.5, 3.25], "rotation": 90, "texture": "#0"},
				"down": {"uv": [11.8125, 3.5, 11.5, 3.5625], "rotation": 270, "texture": "#0"}
			}
		},
		{
			"name": "hexadecagon",
			"from": [8.68463, 4.725, 7.3595],
			"to": [8.73436, 4.975, 8.5595],
			"rotation": {"angle": -22.5, "axis": "z", "origin": [8.7095, 4.85, 7.9595]},
			"faces": {
				"north": {"uv": [12, 9, 12.0625, 9.0625], "texture": "#0"},
				"east": {"uv": [3.75, 11.5, 4.0625, 11.5625], "texture": "#0"},
				"south": {"uv": [9, 12, 9.0625, 12.0625], "texture": "#0"},
				"west": {"uv": [11.5, 3.75, 11.8125, 3.8125], "texture": "#0"},
				"up": {"uv": [11.8125, 4.0625, 11.5, 4], "rotation": 90, "texture": "#0"},
				"down": {"uv": [4.5625, 11.5, 4.25, 11.5625], "rotation": 270, "texture": "#0"}
			}
		},
		{
			"name": "hexadecagon",
			"from": [8.68463, 4.725, 7.3595],
			"to": [8.73436, 4.975, 8.5595],
			"rotation": {"angle": 0, "axis": "x", "origin": [8.7095, 4.85, 7.9595]},
			"faces": {
				"north": {"uv": [12, 9.25, 12.0625, 9.3125], "texture": "#0"},
				"east": {"uv": [11.5, 4.25, 11.8125, 4.3125], "texture": "#0"},
				"south": {"uv": [9.25, 12, 9.3125, 12.0625], "texture": "#0"},
				"west": {"uv": [11.5, 4.5, 11.8125, 4.5625], "texture": "#0"},
				"up": {"uv": [11.8125, 4.8125, 11.5, 4.75], "rotation": 90, "texture": "#0"},
				"down": {"uv": [11.8125, 5, 11.5, 5.0625], "rotation": 270, "texture": "#0"}
			}
		},
		{
			"name": "hexadecagon",
			"from": [8.68463, 4.725, 7.3595],
			"to": [8.73436, 4.975, 8.5595],
			"rotation": {"angle": 22.5, "axis": "z", "origin": [8.7095, 4.85, 7.9595]},
			"faces": {
				"north": {"uv": [12, 9.5, 12.0625, 9.5625], "texture": "#0"},
				"east": {"uv": [5.25, 11.5, 5.5625, 11.5625], "texture": "#0"},
				"south": {"uv": [9.5, 12, 9.5625, 12.0625], "texture": "#0"},
				"west": {"uv": [11.5, 5.25, 11.8125, 5.3125], "texture": "#0"},
				"up": {"uv": [11.8125, 5.5625, 11.5, 5.5], "rotation": 90, "texture": "#0"},
				"down": {"uv": [6.0625, 11.5, 5.75, 11.5625], "rotation": 270, "texture": "#0"}
			}
		},
		{
			"name": "hexadecagon",
			"from": [5.8595, 6.30054, 7.8345],
			"to": [6.9595, 6.84946, 8.0845],
			"rotation": {"angle": -45, "axis": "z", "origin": [6.4595, 6.75, 7.9595]},
			"faces": {
				"north": {"uv": [11.25, 2.75, 11.5, 2.875], "texture": "#0"},
				"east": {"uv": [3.75, 12, 3.8125, 12.125], "texture": "#0"},
				"south": {"uv": [2.75, 11.25, 3, 11.375], "texture": "#0"},
				"west": {"uv": [12, 3.75, 12.0625, 3.875], "texture": "#0"},
				"up": {"uv": [5.0625, 12, 5, 11.75], "rotation": 90, "texture": "#0"},
				"down": {"uv": [5.3125, 11.75, 5.25, 12], "rotation": 270, "texture": "#0"}
			}
		},
		{
			"name": "hexadecagon",
			"from": [5.16595, 5.74934, 7.8345],
			"to": [6.56595, 6.64826, 8.0845],
			"rotation": {"angle": -22.5, "axis": "z", "origin": [6.06595, 6.2488, 7.9595]},
			"faces": {
				"north": {"uv": [6, 9.5, 6.375, 9.75], "texture": "#0"},
				"east": {"uv": [5.5, 11.75, 5.5625, 12], "texture": "#0"},
				"south": {"uv": [3.25, 9.25, 3.625, 9.5], "texture": "#0"},
				"west": {"uv": [5.75, 11.75, 5.8125, 12], "texture": "#0"},
				"up": {"uv": [11.3125, 8.375, 11.25, 8], "rotation": 90, "texture": "#0"},
				"down": {"uv": [8.3125, 11.25, 8.25, 11.625], "rotation": 270, "texture": "#0"}
			}
		},
		{
			"name": "hexadecagon",
			"from": [4.78983, 5.06666, 7.8345],
			"to": [6.48983, 6.06557, 8.0845],
			"rotation": {"angle": 0, "axis": "x", "origin": [5.98983, 5.86612, 7.9595]},
			"faces": {
				"north": {"uv": [3.5, 7.25, 3.9375, 7.5], "texture": "#0"},
				"east": {"uv": [11.75, 5.75, 11.8125, 6], "texture": "#0"},
				"south": {"uv": [6.5, 5.5, 6.9375, 5.75], "texture": "#0"},
				"west": {"uv": [6, 11.75, 6.0625, 12], "texture": "#0"},
				"up": {"uv": [5.0625, 11.6875, 5, 11.25], "rotation": 90, "texture": "#0"},
				"down": {"uv": [11.3125, 5, 11.25, 5.4375], "rotation": 270, "texture": "#0"}
			}
		},
		{
			"name": "hexadecagon",
			"from": [5.10422, 5.19159, 7.8345],
			"to": [6.60422, 5.7905, 8.0845],
			"rotation": {"angle": 22.5, "axis": "z", "origin": [6.10422, 5.39105, 7.9595]},
			"faces": {
				"north": {"uv": [10.5, 10.5, 10.875, 10.625], "texture": "#0"},
				"east": {"uv": [4, 12, 4.0625, 12.125], "texture": "#0"},
				"south": {"uv": [10.5, 10.25, 10.875, 10.375], "texture": "#0"},
				"west": {"uv": [12, 4, 12.0625, 4.125], "texture": "#0"},
				"up": {"uv": [8.5625, 11.625, 8.5, 11.25], "rotation": 90, "texture": "#0"},
				"down": {"uv": [11.3125, 8.5, 11.25, 8.875], "rotation": 270, "texture": "#0"}
			}
		},
		{
			"name": "hexadecagon",
			"from": [6.32997, 4.70407, 7.8345],
			"to": [6.92997, 5.30298, 8.0845],
			"rotation": {"angle": 45, "axis": "z", "origin": [6.42997, 4.90352, 7.9595]},
			"faces": {
				"north": {"uv": [6.25, 11.75, 6.375, 11.875], "texture": "#0"},
				"east": {"uv": [4.25, 12, 4.3125, 12.125], "texture": "#0"},
				"south": {"uv": [11.75, 6, 11.875, 6.125], "texture": "#0"},
				"west": {"uv": [12, 4.25, 12.0625, 4.375], "texture": "#0"},
				"up": {"uv": [4.5625, 12.125, 4.5, 12], "rotation": 90, "texture": "#0"},
				"down": {"uv": [12.0625, 4.5, 12, 4.625], "rotation": 270, "texture": "#0"}
			}
		},
		{
			"name": "hexadecagon",
			"from": [4.62456, 4.81713, 7.8345],
			"to": [6.92456, 5.11604, 8.0845],
			"rotation": {"angle": 0, "axis": "x", "origin": [6.42456, 4.91658, 7.9595]},
			"faces": {
				"north": {"uv": [10.75, 7, 11.3125, 7.0625], "texture": "#0"},
				"east": {"uv": [9.75, 12, 9.8125, 12.0625], "texture": "#0"},
				"south": {"uv": [10.75, 6.75, 11.3125, 6.8125], "texture": "#0"},
				"west": {"uv": [12, 9.75, 12.0625, 9.8125], "texture": "#0"},
				"up": {"uv": [6.8125, 11.3125, 6.75, 10.75], "rotation": 90, "texture": "#0"},
				"down": {"uv": [7.0625, 10.75, 7, 11.3125], "rotation": 270, "texture": "#0"}
			}
		},
		{
			"name": "hexadecagon",
			"from": [5.9595, 6.65054, 7.8345],
			"to": [6.9595, 6.84946, 8.0845],
			"rotation": {"angle": -22.5, "axis": "z", "origin": [6.4595, 6.75, 7.9595]},
			"faces": {
				"north": {"uv": [6.5, 11.75, 6.75, 11.8125], "texture": "#0"},
				"east": {"uv": [10, 12, 10.0625, 12.0625], "texture": "#0"},
				"south": {"uv": [11.75, 6.25, 12, 6.3125], "texture": "#0"},
				"west": {"uv": [12, 10, 12.0625, 10.0625], "texture": "#0"},
				"up": {"uv": [11.8125, 6.75, 11.75, 6.5], "rotation": 90, "texture": "#0"},
				"down": {"uv": [6.8125, 11.75, 6.75, 12], "rotation": 270, "texture": "#0"}
			}
		},
		{
			"name": "hexadecagon",
			"from": [5.9595, 6.65054, 7.8345],
			"to": [6.9595, 6.84946, 8.0845],
			"rotation": {"angle": 0, "axis": "x", "origin": [6.4595, 6.75, 7.9595]},
			"faces": {
				"north": {"uv": [7, 11.75, 7.25, 11.8125], "texture": "#0"},
				"east": {"uv": [10.25, 12, 10.3125, 12.0625], "texture": "#0"},
				"south": {"uv": [11.75, 6.75, 12, 6.8125], "texture": "#0"},
				"west": {"uv": [12, 10.25, 12.0625, 10.3125], "texture": "#0"},
				"up": {"uv": [11.8125, 7.25, 11.75, 7], "rotation": 90, "texture": "#0"},
				"down": {"uv": [7.3125, 11.75, 7.25, 12], "rotation": 270, "texture": "#0"}
			}
		},
		{
			"name": "hexadecagon",
			"from": [5.9595, 6.65054, 7.8345],
			"to": [6.9595, 6.84946, 8.0845],
			"rotation": {"angle": 22.5, "axis": "z", "origin": [6.4595, 6.75, 7.9595]},
			"faces": {
				"north": {"uv": [7.5, 11.75, 7.75, 11.8125], "texture": "#0"},
				"east": {"uv": [10.5, 12, 10.5625, 12.0625], "texture": "#0"},
				"south": {"uv": [11.75, 7.25, 12, 7.3125], "texture": "#0"},
				"west": {"uv": [12, 10.5, 12.0625, 10.5625], "texture": "#0"},
				"up": {"uv": [11.8125, 7.75, 11.75, 7.5], "rotation": 90, "texture": "#0"},
				"down": {"uv": [7.8125, 11.75, 7.75, 12], "rotation": 270, "texture": "#0"}
			}
		},
		{
			"name": "hexadecagon",
			"from": [5.9595, 6.65054, 7.8345],
			"to": [6.9595, 6.84946, 8.0845],
			"rotation": {"angle": 45, "axis": "z", "origin": [6.4595, 6.75, 7.9595]},
			"faces": {
				"north": {"uv": [8, 11.75, 8.25, 11.8125], "texture": "#0"},
				"east": {"uv": [10.75, 12, 10.8125, 12.0625], "texture": "#0"},
				"south": {"uv": [11.75, 7.75, 12, 7.8125], "texture": "#0"},
				"west": {"uv": [12, 10.75, 12.0625, 10.8125], "texture": "#0"},
				"up": {"uv": [11.8125, 8.25, 11.75, 8], "rotation": 90, "texture": "#0"},
				"down": {"uv": [8.3125, 11.75, 8.25, 12], "rotation": 270, "texture": "#0"}
			}
		},
		{
			"name": "hexadecagon",
			"from": [6.36004, 6.25, 7.8345],
			"to": [6.55895, 7.25, 8.0845],
			"rotation": {"angle": -22.5, "axis": "z", "origin": [6.4595, 6.75, 7.9595]},
			"faces": {
				"north": {"uv": [8.75, 11.75, 8.8125, 12], "texture": "#0"},
				"east": {"uv": [11.75, 8.25, 11.8125, 8.5], "texture": "#0"},
				"south": {"uv": [8.5, 11.75, 8.5625, 12], "texture": "#0"},
				"west": {"uv": [11.75, 8.5, 11.8125, 8.75], "texture": "#0"},
				"up": {"uv": [11.0625, 12.0625, 11, 12], "rotation": 90, "texture": "#0"},
				"down": {"uv": [12.0625, 11, 12, 11.0625], "rotation": 270, "texture": "#0"}
			}
		},
		{
			"name": "hexadecagon",
			"from": [6.36004, 6.25, 7.8345],
			"to": [6.55895, 7.25, 8.0845],
			"rotation": {"angle": 0, "axis": "x", "origin": [6.4595, 6.75, 7.9595]},
			"faces": {
				"north": {"uv": [9.25, 11.75, 9.3125, 12], "texture": "#0"},
				"east": {"uv": [11.75, 8.75, 11.8125, 9], "texture": "#0"},
				"south": {"uv": [9, 11.75, 9.0625, 12], "texture": "#0"},
				"west": {"uv": [11.75, 9, 11.8125, 9.25], "texture": "#0"},
				"up": {"uv": [11.3125, 12.0625, 11.25, 12], "rotation": 90, "texture": "#0"},
				"down": {"uv": [12.0625, 11.25, 12, 11.3125], "rotation": 270, "texture": "#0"}
			}
		},
		{
			"name": "hexadecagon",
			"from": [6.36004, 6.25, 7.8345],
			"to": [6.55895, 7.25, 8.0845],
			"rotation": {"angle": 22.5, "axis": "z", "origin": [6.4595, 6.75, 7.9595]},
			"faces": {
				"north": {"uv": [9.75, 11.75, 9.8125, 12], "texture": "#0"},
				"east": {"uv": [11.75, 9.25, 11.8125, 9.5], "texture": "#0"},
				"south": {"uv": [9.5, 11.75, 9.5625, 12], "texture": "#0"},
				"west": {"uv": [11.75, 9.5, 11.8125, 9.75], "texture": "#0"},
				"up": {"uv": [11.5625, 12.0625, 11.5, 12], "rotation": 90, "texture": "#0"},
				"down": {"uv": [12.0625, 11.5, 12, 11.5625], "rotation": 270, "texture": "#0"}
			}
		},
		{
			"name": "hexadecagon",
			"from": [0.4595, 8.35082, 7.2095],
			"to": [0.9595, 8.64918, 8.7095],
			"rotation": {"angle": 45, "axis": "x", "origin": [0.4595, 8.5, 7.9595]},
			"faces": {
				"north": {"uv": [12, 4.75, 12.125, 4.8125], "texture": "#0"},
				"east": {"uv": [8.75, 11.25, 9.125, 11.3125], "texture": "#0"},
				"south": {"uv": [4.75, 12, 4.875, 12.0625], "texture": "#0"},
				"west": {"uv": [11.25, 9, 11.625, 9.0625], "texture": "#0"},
				"up": {"uv": [11.125, 1.125, 10.75, 1], "rotation": 90, "texture": "#0"},
				"down": {"uv": [11.125, 1.25, 10.75, 1.375], "rotation": 270, "texture": "#0"}
			}
		},
		{
			"name": "hexadecagon",
			"from": [0.4595, 8.35082, 7.2095],
			"to": [0.9595, 8.64918, 8.7095],
			"rotation": {"angle": 22.5, "axis": "x", "origin": [0.4595, 8.5, 7.9595]},
			"faces": {
				"north": {"uv": [12, 5, 12.125, 5.0625], "texture": "#0"},
				"east": {"uv": [9.25, 11.25, 9.625, 11.3125], "texture": "#0"},
				"south": {"uv": [5, 12, 5.125, 12.0625], "texture": "#0"},
				"west": {"uv": [11.25, 9.25, 11.625, 9.3125], "texture": "#0"},
				"up": {"uv": [11.125, 1.625, 10.75, 1.5], "rotation": 90, "texture": "#0"},
				"down": {"uv": [2.875, 10.75, 2.5, 10.875], "rotation": 270, "texture": "#0"}
			}
		},
		{
			"name": "hexadecagon",
			"from": [0.4595, 8.35082, 7.2095],
			"to": [0.9595, 8.64918, 8.7095],
			"rotation": {"angle": 0, "axis": "x", "origin": [0.4595, 8.5, 7.9595]},
			"faces": {
				"north": {"uv": [12, 5.25, 12.125, 5.3125], "texture": "#0"},
				"east": {"uv": [11.25, 9.5, 11.625, 9.5625], "texture": "#0"},
				"south": {"uv": [5.25, 12, 5.375, 12.0625], "texture": "#0"},
				"west": {"uv": [9.75, 11.25, 10.125, 11.3125], "texture": "#0"},
				"up": {"uv": [11.125, 2.875, 10.75, 2.75], "rotation": 90, "texture": "#0"},
				"down": {"uv": [3.375, 10.75, 3, 10.875], "rotation": 270, "texture": "#0"}
			}
		},
		{
			"name": "hexadecagon",
			"from": [0.4595, 8.35082, 7.2095],
			"to": [0.9595, 8.64918, 8.7095],
			"rotation": {"angle": -22.5, "axis": "x", "origin": [0.4595, 8.5, 7.9595]},
			"faces": {
				"north": {"uv": [12, 5.5, 12.125, 5.5625], "texture": "#0"},
				"east": {"uv": [11.25, 9.75, 11.625, 9.8125], "texture": "#0"},
				"south": {"uv": [5.5, 12, 5.625, 12.0625], "texture": "#0"},
				"west": {"uv": [11.25, 10, 11.625, 10.0625], "texture": "#0"},
				"up": {"uv": [11.125, 3.125, 10.75, 3], "rotation": 90, "texture": "#0"},
				"down": {"uv": [11.125, 3.25, 10.75, 3.375], "rotation": 270, "texture": "#0"}
			}
		},
		{
			"name": "hexadecagon",
			"from": [0.4595, 8.35082, 7.2095],
			"to": [0.9595, 8.64918, 8.7095],
			"rotation": {"angle": -45, "axis": "x", "origin": [0.4595, 8.5, 7.9595]},
			"faces": {
				"north": {"uv": [12, 5.75, 12.125, 5.8125], "texture": "#0"},
				"east": {"uv": [10.25, 11.25, 10.625, 11.3125], "texture": "#0"},
				"south": {"uv": [5.75, 12, 5.875, 12.0625], "texture": "#0"},
				"west": {"uv": [11.25, 10.25, 11.625, 10.3125], "texture": "#0"},
				"up": {"uv": [3.875, 10.875, 3.5, 10.75], "rotation": 90, "texture": "#0"},
				"down": {"uv": [11.125, 3.5, 10.75, 3.625], "rotation": 270, "texture": "#0"}
			}
		},
		{
			"name": "hexadecagon",
			"from": [0.4595, 7.75, 7.81031],
			"to": [0.9595, 9.25, 8.10868],
			"rotation": {"angle": 22.5, "axis": "x", "origin": [0.4595, 8.5, 7.9595]},
			"faces": {
				"north": {"uv": [8.5, 10.5, 8.625, 10.875], "texture": "#0"},
				"east": {"uv": [11.25, 10.5, 11.3125, 10.875], "texture": "#0"},
				"south": {"uv": [7.25, 10.5, 7.375, 10.875], "texture": "#0"},
				"west": {"uv": [10.75, 11.25, 10.8125, 11.625], "texture": "#0"},
				"up": {"uv": [6.0625, 12.125, 6, 12], "rotation": 90, "texture": "#0"},
				"down": {"uv": [12.0625, 6, 12, 6.125], "rotation": 270, "texture": "#0"}
			}
		},
		{
			"name": "hexadecagon",
			"from": [0.4595, 7.75, 7.81031],
			"to": [0.9595, 9.25, 8.10868],
			"rotation": {"angle": 0, "axis": "x", "origin": [0.4595, 8.5, 7.9595]},
			"faces": {
				"north": {"uv": [4, 10.75, 4.125, 11.125], "texture": "#0"},
				"east": {"uv": [11, 11.25, 11.0625, 11.625], "texture": "#0"},
				"south": {"uv": [1.5, 10.75, 1.625, 11.125], "texture": "#0"},
				"west": {"uv": [11.25, 11, 11.3125, 11.375], "texture": "#0"},
				"up": {"uv": [6.3125, 12.125, 6.25, 12], "rotation": 90, "texture": "#0"},
				"down": {"uv": [12.0625, 6.25, 12, 6.375], "rotation": 270, "texture": "#0"}
			}
		},
		{
			"name": "hexadecagon",
			"from": [0.4595, 7.75, 7.81031],
			"to": [0.9595, 9.25, 8.10868],
			"rotation": {"angle": -22.5, "axis": "x", "origin": [0.4595, 8.5, 7.9595]},
			"faces": {
				"north": {"uv": [4.5, 10.75, 4.625, 11.125], "texture": "#0"},
				"east": {"uv": [0, 11.5, 0.0625, 11.875], "texture": "#0"},
				"south": {"uv": [4.25, 10.75, 4.375, 11.125], "texture": "#0"},
				"west": {"uv": [11.5, 0, 11.5625, 0.375], "texture": "#0"},
				"up": {"uv": [6.5625, 12.125, 6.5, 12], "rotation": 90, "texture": "#0"},
				"down": {"uv": [12.0625, 6.5, 12, 6.625], "rotation": 270, "texture": "#0"}
			}
		},
		{
			"name": "hexadecagon",
			"from": [-0.5405, 8.25136, 6.7095],
			"to": [0.4595, 8.74864, 9.2095],
			"rotation": {"angle": -45, "axis": "x", "origin": [-0.0405, 8.5, 7.9595]},
			"faces": {
				"north": {"uv": [11.25, 3, 11.5, 3.125], "texture": "#0"},
				"east": {"uv": [9.5, 7, 10.125, 7.125], "texture": "#0"},
				"south": {"uv": [3, 11.25, 3.25, 11.375], "texture": "#0"},
				"west": {"uv": [8.5, 9.5, 9.125, 9.625], "texture": "#0"},
				"up": {"uv": [5.625, 8.75, 5, 8.5], "rotation": 90, "texture": "#0"},
				"down": {"uv": [9.125, 5, 8.5, 5.25], "rotation": 270, "texture": "#0"}
			}
		},
		{
			"name": "hexadecagon",
			"from": [-0.5405, 8.25136, 6.7095],
			"to": [0.4595, 8.74864, 9.2095],
			"rotation": {"angle": -22.5, "axis": "x", "origin": [-0.0405, 8.5, 7.9595]},
			"faces": {
				"north": {"uv": [11.25, 3.25, 11.5, 3.375], "texture": "#0"},
				"east": {"uv": [9.5, 8.75, 10.125, 8.875], "texture": "#0"},
				"south": {"uv": [3.25, 11.25, 3.5, 11.375], "texture": "#0"},
				"west": {"uv": [9.25, 9.5, 9.875, 9.625], "texture": "#0"},
				"up": {"uv": [9.125, 5.5, 8.5, 5.25], "rotation": 90, "texture": "#0"},
				"down": {"uv": [6.375, 8.5, 5.75, 8.75], "rotation": 270, "texture": "#0"}
			}
		},
		{
			"name": "hexadecagon",
			"from": [-0.5405, 8.25136, 6.7095],
			"to": [0.4595, 8.74864, 9.2095],
			"rotation": {"angle": 0, "axis": "x", "origin": [-0.0405, 8.5, 7.9595]},
			"faces": {
				"north": {"uv": [11.25, 3.5, 11.5, 3.625], "texture": "#0"},
				"east": {"uv": [9.5, 9.25, 10.125, 9.375], "texture": "#0"},
				"south": {"uv": [3.5, 11.25, 3.75, 11.375], "texture": "#0"},
				"west": {"uv": [0, 9.75, 0.625, 9.875], "texture": "#0"},
				"up": {"uv": [9.125, 8.25, 8.5, 8], "rotation": 90, "texture": "#0"},
				"down": {"uv": [9.125, 8.25, 8.5, 8.5], "rotation": 270, "texture": "#0"}
			}
		},
		{
			"name": "hexadecagon",
			"from": [-0.5405, 8.25136, 6.7095],
			"to": [0.4595, 8.74864, 9.2095],
			"rotation": {"angle": 22.5, "axis": "x", "origin": [-0.0405, 8.5, 7.9595]},
			"faces": {
				"north": {"uv": [11.25, 3.75, 11.5, 3.875], "texture": "#0"},
				"east": {"uv": [0.75, 9.75, 1.375, 9.875], "texture": "#0"},
				"south": {"uv": [3.75, 11.25, 4, 11.375], "texture": "#0"},
				"west": {"uv": [9.75, 0.75, 10.375, 0.875], "texture": "#0"},
				"up": {"uv": [9.125, 8.75, 8.5, 8.5], "rotation": 90, "texture": "#0"},
				"down": {"uv": [9.375, 0, 8.75, 0.25], "rotation": 270, "texture": "#0"}
			}
		},
		{
			"name": "hexadecagon",
			"from": [-0.5405, 8.25136, 6.7095],
			"to": [0.4595, 8.74864, 9.2095],
			"rotation": {"angle": 45, "axis": "x", "origin": [-0.0405, 8.5, 7.9595]},
			"faces": {
				"north": {"uv": [11.25, 4, 11.5, 4.125], "texture": "#0"},
				"east": {"uv": [2.25, 9.75, 2.875, 9.875], "texture": "#0"},
				"south": {"uv": [4, 11.25, 4.25, 11.375], "texture": "#0"},
				"west": {"uv": [3, 9.75, 3.625, 9.875], "texture": "#0"},
				"up": {"uv": [9.375, 0.5, 8.75, 0.25], "rotation": 90, "texture": "#0"},
				"down": {"uv": [1.625, 8.75, 1, 9], "rotation": 270, "texture": "#0"}
			}
		},
		{
			"name": "hexadecagon",
			"from": [-0.5405, 7.25, 7.71086],
			"to": [0.4595, 9.75, 8.20814],
			"rotation": {"angle": -22.5, "axis": "x", "origin": [-0.0405, 8.5, 7.9595]},
			"faces": {
				"north": {"uv": [6.75, 8.5, 7, 9.125], "texture": "#0"},
				"east": {"uv": [9.75, 3.25, 9.875, 3.875], "texture": "#0"},
				"south": {"uv": [6.5, 8.5, 6.75, 9.125], "texture": "#0"},
				"west": {"uv": [6, 9.75, 6.125, 10.375], "texture": "#0"},
				"up": {"uv": [4.375, 11.5, 4.25, 11.25], "rotation": 90, "texture": "#0"},
				"down": {"uv": [11.375, 4.25, 11.25, 4.5], "rotation": 270, "texture": "#0"}
			}
		},
		{
			"name": "hexadecagon",
			"from": [-0.5405, 7.25, 7.71086],
			"to": [0.4595, 9.75, 8.20814],
			"rotation": {"angle": 0, "axis": "x", "origin": [-0.0405, 8.5, 7.9595]},
			"faces": {
				"north": {"uv": [0.25, 8.75, 0.5, 9.375], "texture": "#0"},
				"east": {"uv": [6.25, 9.75, 6.375, 10.375], "texture": "#0"},
				"south": {"uv": [0, 8.75, 0.25, 9.375], "texture": "#0"},
				"west": {"uv": [7, 9.75, 7.125, 10.375], "texture": "#0"},
				"up": {"uv": [4.625, 11.5, 4.5, 11.25], "rotation": 90, "texture": "#0"},
				"down": {"uv": [11.375, 4.5, 11.25, 4.75], "rotation": 270, "texture": "#0"}
			}
		},
		{
			"name": "hexadecagon",
			"from": [-0.5405, 7.25, 7.71086],
			"to": [0.4595, 9.75, 8.20814],
			"rotation": {"angle": 22.5, "axis": "x", "origin": [-0.0405, 8.5, 7.9595]},
			"faces": {
				"north": {"uv": [2.25, 8.75, 2.5, 9.375], "texture": "#0"},
				"east": {"uv": [7.25, 9.75, 7.375, 10.375], "texture": "#0"},
				"south": {"uv": [1.75, 8.75, 2, 9.375], "texture": "#0"},
				"west": {"uv": [8.5, 9.75, 8.625, 10.375], "texture": "#0"},
				"up": {"uv": [4.875, 11.5, 4.75, 11.25], "rotation": 90, "texture": "#0"},
				"down": {"uv": [11.375, 4.75, 11.25, 5], "rotation": 270, "texture": "#0"}
			}
		},
		{
			"from": [4.18132, 6.13604, 5.7095],
			"to": [4.68132, 9.40604, 10.2095],
			"rotation": {"angle": -22.5, "axis": "z", "origin": [9.18132, 3.63604, -0.0405]},
			"faces": {
				"north": {"uv": [7.25, 8.75, 7.375, 9.5625], "texture": "#0"},
				"east": {"uv": [4.5, 3, 5.625, 3.8125], "texture": "#0"},
				"south": {"uv": [7, 8.75, 7.125, 9.5625], "texture": "#0"},
				"west": {"uv": [4, 4.75, 5.125, 5.5625], "texture": "#0"},
				"up": {"uv": [9.875, 7.375, 8.75, 7.25], "rotation": 90, "texture": "#0"},
				"down": {"uv": [9.875, 7.5, 8.75, 7.625], "rotation": 270, "texture": "#0"}
			}
		},
		{
			"from": [4.43898, 9.40452, 5.7095],
			"to": [4.68898, 9.50452, 10.2095],
			"rotation": {"angle": -22.5, "axis": "z", "origin": [9.18898, 3.65452, -0.0405]},
			"faces": {
				"north": {"uv": [12, 11.75, 12.0625, 11.8125], "texture": "#0"},
				"east": {"uv": [10, 3.75, 11.125, 3.8125], "texture": "#0"},
				"south": {"uv": [11.75, 12, 11.8125, 12.0625], "texture": "#0"},
				"west": {"uv": [10, 5.25, 11.125, 5.3125], "texture": "#0"},
				"up": {"uv": [11.125, 8.0625, 10, 8], "rotation": 90, "texture": "#0"},
				"down": {"uv": [11.125, 8.25, 10, 8.3125], "rotation": 270, "texture": "#0"}
			}
		},
		{
			"from": [6.77022, 10.78129, 5.7095],
			"to": [7.27022, 10.88129, 10.2095],
			"rotation": {"angle": 0, "axis": "x", "origin": [11.77022, 5.13129, -0.0405]},
			"faces": {
				"north": {"uv": [12, 6.75, 12.125, 6.8125], "texture": "#0"},
				"east": {"uv": [10, 8.5, 11.125, 8.5625], "texture": "#0"},
				"south": {"uv": [6.75, 12, 6.875, 12.0625], "texture": "#0"},
				"west": {"uv": [8.75, 10, 9.875, 10.0625], "texture": "#0"},
				"up": {"uv": [9.875, 7.875, 8.75, 7.75], "rotation": 90, "texture": "#0"},
				"down": {"uv": [9.375, 8.75, 8.25, 8.875], "rotation": 270, "texture": "#0"}
			}
		},
		{
			"from": [2.93132, 6.13604, 5.7095],
			"to": [3.43132, 9.40604, 10.2095],
			"rotation": {"angle": -22.5, "axis": "z", "origin": [7.93132, 3.63604, -0.0405]},
			"faces": {
				"north": {"uv": [4.75, 9, 4.875, 9.8125], "texture": "#0"},
				"east": {"uv": [5.25, 4.75, 6.375, 5.5625], "texture": "#0"},
				"south": {"uv": [3.75, 9, 3.875, 9.8125], "texture": "#0"},
				"west": {"uv": [5.5, 0, 6.625, 0.8125], "texture": "#0"},
				"up": {"uv": [1.625, 9.125, 0.5, 9], "rotation": 90, "texture": "#0"},
				"down": {"uv": [10.125, 0.5, 9, 0.625], "rotation": 270, "texture": "#0"}
			}
		},
		{
			"from": [3.18898, 9.40452, 5.7095],
			"to": [3.43898, 9.50452, 10.2095],
			"rotation": {"angle": -22.5, "axis": "z", "origin": [7.93898, 3.65452, -0.0405]},
			"faces": {
				"north": {"uv": [0, 12.25, 0.0625, 12.3125], "texture": "#0"},
				"east": {"uv": [10, 9, 11.125, 9.0625], "texture": "#0"},
				"south": {"uv": [12, 12, 12.0625, 12.0625], "texture": "#0"},
				"west": {"uv": [10, 9.5, 11.125, 9.5625], "texture": "#0"},
				"up": {"uv": [11.125, 10.0625, 10, 10], "rotation": 90, "texture": "#0"},
				"down": {"uv": [1.125, 10.25, 0, 10.3125], "rotation": 270, "texture": "#0"}
			}
		},
		{
			"from": [5.52022, 10.78129, 5.7095],
			"to": [6.02022, 10.88129, 10.2095],
			"rotation": {"angle": 0, "axis": "x", "origin": [10.52022, 5.13129, -0.0405]},
			"faces": {
				"north": {"uv": [12, 7, 12.125, 7.0625], "texture": "#0"},
				"east": {"uv": [10.25, 0, 11.375, 0.0625], "texture": "#0"},
				"south": {"uv": [7, 12, 7.125, 12.0625], "texture": "#0"},
				"west": {"uv": [10.25, 0.25, 11.375, 0.3125], "texture": "#0"},
				"up": {"uv": [10.125, 2.375, 9, 2.25], "rotation": 90, "texture": "#0"},
				"down": {"uv": [3.625, 9, 2.5, 9.125], "rotation": 270, "texture": "#0"}
			}
		},
		{
			"from": [1.68132, 6.13604, 5.7095],
			"to": [2.18132, 9.40604, 10.2095],
			"rotation": {"angle": -22.5, "axis": "z", "origin": [6.68132, 3.63604, -0.0405]},
			"faces": {
				"north": {"uv": [7.75, 9, 7.875, 9.8125], "texture": "#0"},
				"east": {"uv": [5.5, 1, 6.625, 1.8125], "texture": "#0"},
				"south": {"uv": [7.5, 9, 7.625, 9.8125], "texture": "#0"},
				"west": {"uv": [5.5, 2, 6.625, 2.8125], "texture": "#0"},
				"up": {"uv": [10.125, 4.625, 9, 4.5], "rotation": 90, "texture": "#0"},
				"down": {"uv": [10.125, 4.75, 9, 4.875], "rotation": 270, "texture": "#0"}
			}
		},
		{
			"from": [1.93898, 9.40452, 5.7095],
			"to": [2.18898, 9.50452, 10.2095],
			"rotation": {"angle": -22.5, "axis": "z", "origin": [6.68898, 3.65452, -0.0405]},
			"faces": {
				"north": {"uv": [0.25, 12.25, 0.3125, 12.3125], "texture": "#0"},
				"east": {"uv": [10.25, 0.5, 11.375, 0.5625], "texture": "#0"},
				"south": {"uv": [12.25, 0, 12.3125, 0.0625], "texture": "#0"},
				"west": {"uv": [1.75, 10.25, 2.875, 10.3125], "texture": "#0"},
				"up": {"uv": [11.375, 1.8125, 10.25, 1.75], "rotation": 90, "texture": "#0"},
				"down": {"uv": [11.375, 2, 10.25, 2.0625], "rotation": 270, "texture": "#0"}
			}
		},
		{
			"from": [4.27022, 10.78129, 5.7095],
			"to": [4.77022, 10.88129, 10.2095],
			"rotation": {"angle": 0, "axis": "x", "origin": [9.27022, 5.13129, -0.0405]},
			"faces": {
				"north": {"uv": [12, 7.25, 12.125, 7.3125], "texture": "#0"},
				"east": {"uv": [10.25, 2.25, 11.375, 2.3125], "texture": "#0"},
				"south": {"uv": [7.25, 12, 7.375, 12.0625], "texture": "#0"},
				"west": {"uv": [10.25, 2.5, 11.375, 2.5625], "texture": "#0"},
				"up": {"uv": [10.125, 5.625, 9, 5.5], "rotation": 90, "texture": "#0"},
				"down": {"uv": [10.125, 5.75, 9, 5.875], "rotation": 270, "texture": "#0"}
			}
		}
	],
	"display": {
		"thirdperson_righthand": {
			"rotation": [0, 90, 0],
			"translation": [0, 0.75, -0.25],
			"scale": [0.5, 0.5, 0.5]
		},
		"thirdperson_lefthand": {
			"rotation": [0, 90, 0],
			"translation": [0, 0.75, -0.25],
			"scale": [0.5, 0.5, 0.5]
		},
		"firstperson_righthand": {
			"rotation": [0, 90, 0],
			"translation": [0, 1.75, 0],
			"scale": [0.75, 0.75, 0.75]
		},
		"firstperson_lefthand": {
			"rotation": [0, -90, 0],
			"translation": [0, 1.75, 0],
			"scale": [0.75, 0.75, 0.75]
		},
		"ground": {
			"scale": [0.5, 0.5, 0.5]
		},
		"gui": {
			"rotation": [0, 0, 35],
			"translation": [-0.75, 0.75, 0],
			"scale": [0.75, 0.75, 0.75]
		}
	},
	"groups": [
		{
			"name": "DC-7 Blaster",
			"origin": [8, 8, 8],
			"children": [
				{
					"name": "Handle",
					"origin": [8, 8, 8],
					"children": [0, 1, 2, 3, 4, 5]
				},
				{
					"name": "Magazine",
					"origin": [8, 8, 8],
					"children": [6, 7, 8, 9, 10]
				},
				{
					"name": "Body",
					"origin": [8, 8, 8],
					"children": [11, 12, 13, 14, 15, 16, 17, 18, 19,
						{
							"name": "hexadecagon",
							"origin": [8, 8, 8],
							"children": [20, 21, 22, 23, 24, 25, 26, 27, 28, 29, 30, 31, 32, 33, 34, 35]
						},
						{
							"name": "hexadecagon",
							"origin": [8, 8, 8],
							"children": [36, 37, 38, 39, 40, 41, 42, 43]
						}
					]
				},
				{
					"name": "Trigger",
					"origin": [8, 8, 8],
					"children": [
						{
							"name": "hexadecagon",
							"origin": [8, 8, 8],
							"children": [44, 45, 46, 47, 48, 49, 50]
						},
						{
							"name": "hexadecagon",
							"origin": [8, 8, 8],
							"children": [51, 52, 53, 54, 55, 56, 57, 58]
						},
						{
							"name": "Bottom",
							"origin": [8, 9.61886, 4.67978],
							"children": [59, 60, 61, 62, 63, 64, 65, 66, 67]
						},
						{
							"name": "hexadecagon",
							"origin": [8, 8, 8],
							"children": [68, 69, 70, 71, 72, 73, 74, 75]
						},
						{
							"name": "hexadecagon",
							"origin": [8, 8, 8],
							"children": [76, 77, 78, 79, 80, 81, 82, 83, 84, 85, 86, 87, 88]
						}
					]
				},
				{
					"name": "Details",
					"origin": [8, 8, 8],
					"children": [
						{
							"name": "Knob",
							"origin": [8, 8, 8],
							"children": [
								{
									"name": "hexadecagon",
									"origin": [8, 8, 8],
									"children": [89, 90, 91, 92, 93, 94, 95, 96]
								},
								{
									"name": "hexadecagon",
									"origin": [8, 8, 8],
									"children": [97, 98, 99, 100, 101, 102, 103, 104]
								}
							]
						},
						{
							"name": "Sides",
							"origin": [8, 8, 8],
							"children": [
								{
									"name": "Bar",
									"origin": [8, 8, 8],
									"children": [105, 106, 107]
								},
								{
									"name": "Bar",
									"origin": [8, 8, 8],
									"children": [108, 109, 110]
								},
								{
									"name": "Bar",
									"origin": [8, 8, 8],
									"children": [111, 112, 113]
								}
							]
						}
					]
				}
			]
		}
	]
}