{
  "custom.amongus.meeting": {
    "category": "hostile",
    "sounds": [
      {
        "name": "custom/mobs/jasmine/amongus-meeting"
      }
    ],
    "subtitle": "Among Us Meeting"
  },
  "custom.lobo.bite": {
    "category": "hostile",
    "sounds": [
      {
        "name": "custom/mobs/grievous/bite1"
      }
    ],
    "subtitle": "Werewolf bites"
  },
  "custom.grievous.helicopstart": {
    "category": "hostile",
    "sounds": [
      {
        "name": "custom/mobs/grievous/helicopterstart"
      }
    ],
    "subtitle": "General grievous rotates arms"
  },
  "custom.grievous.helicoploop": {
    "category": "hostile",
    "sounds": [
      {
        "name": "custom/mobs/grievous/helicopterloop"
      }
    ],
    "subtitle": "General grievous rotates arms"
  },
  "custom.grievous.splitarms": {
    "category": "hostile",
    "sounds": [
      {
        "name": "custom/mobs/grievous/splitarms1"
      },
      {
        "name": "custom/mobs/grievous/splitarms2"
      }
    ],
    "subtitle": "General Grievous splits arms"
  },
  "custom.grievous.saberhitb": {
    "category": "hostile",
    "sounds": [
      {
        "name": "custom/mobs/grievous/saberhitb2"
      },
      {
        "name": "custom/mobs/grievous/saberhitb3hpta"
      }
    ],
    "subtitle": "General Grievous splits arms"
  },
  "custom.grievous.saberhita": {
    "category": "hostile",
    "sounds": [
      {
        "name": "custom/mobs/grievous/saberhita1"
      },
      {
        "name": "custom/mobs/grievous/saberhita2"
      },
      {
        "name": "custom/mobs/grievous/saberhita3"
      },
      {
        "name": "custom/mobs/grievous/saberhita4"
      },
      {
        "name": "custom/mobs/grievous/saberhita5"
      },
      {
        "name": "custom/mobs/grievous/saberhita6"
      },
      {
        "name": "custom/mobs/grievous/saberhita7"
      }
    ],
    "subtitle": "Light saber hits",
    "attenuation_distance": "16",
    "volume": "1"
  },
  "custom.grievous.laugh": {
    "category": "hostile",
    "sounds": [
      {
        "name": "custom/mobs/grievous/laugh1"
      },
      {
        "name": "custom/mobs/grievous/laugh2"
      },
      {
        "name": "custom/mobs/grievous/laugh3"
      },
      {
        "name": "custom/mobs/grievous/laugh4"
      },
      {
        "name": "custom/mobs/grievous/laugh5"
      },
      {
        "name": "custom/mobs/grievous/laugh6"
      }
    ],
    "subtitle": "General Grievous Laughs",
    "attenuation_distance": "16",
    "volume": "1"
  },
  "custom.grievous.attack": {
    "category": "hostile",
    "sounds": [
      {
        "name": "custom/mobs/grievous/attack1"
      },
      {
        "name": "custom/mobs/grievous/attack2"
      },
      {
        "name": "custom/mobs/grievous/attack3"
      },
      {
        "name": "custom/mobs/grievous/attack4"
      },
      {
        "name": "custom/mobs/grievous/attack5"
      },
      {
        "name": "custom/mobs/grievous/attack6"
      }
    ],
    "subtitle": "General Grievous attacks"
  },
  "custom.grievous.cough": {
    "category": "hostile",
    "sounds": [
      {
        "name": "custom/mobs/grievous/cough1"
      },
      {
        "name": "custom/mobs/grievous/cough2"
      },
      {
        "name": "custom/mobs/grievous/cough3"
      },
      {
        "name": "custom/mobs/grievous/cough4"
      },
      {
        "name": "custom/mobs/grievous/cough5"
      }
    ],
    "subtitle": "General Grievous coughs"
  },
  "custom.grievous.hurtbad": {
    "category": "hostile",
    "sounds": [
      {
        "name": "custom/mobs/grievous/hurtbad1"
      },
      {
        "name": "custom/mobs/grievous/hurtbad2"
      },
      {
        "name": "custom/mobs/grievous/hurtbad3"
      },
      {
        "name": "custom/mobs/grievous/hurtbad4"
      }
    ],
    "subtitle": "General Grievous badly hurt"
  },
  "custom.grievous.shout": {
    "category": "hostile",
    "sounds": [
      {
        "name": "custom/mobs/grievous/hurtbad1"
      },
      {
        "name": "custom/mobs/grievous/hurtbad2"
      },
      {
        "name": "custom/mobs/grievous/hurtbad3"
      },
      {
        "name": "custom/mobs/grievous/hurtbad4"
      }
    ],
    "subtitle": "General Grievous shouts"
  },
  "custom.grievous.hurt": {
    "category": "hostile",
    "sounds": [
      {
        "name": "custom/mobs/grievous/hurt1"
      },
      {
        "name": "custom/mobs/grievous/hurt2"
      },
      {
        "name": "custom/mobs/grievous/hurt3"
      },
      {
        "name": "custom/mobs/grievous/hurt4"
      },
      {
        "name": "custom/mobs/grievous/hurt5"
      },
      {
        "name": "custom/mobs/grievous/hurt6"
      }
    ],
    "subtitle": "General Grievous damaged"
  },
  "custom.grievous.saberattack": {
    "category": "hostile",
    "sounds": [
      {
        "name": "custom/mobs/grievous/saberattack1"
      },
      {
        "name": "custom/mobs/grievous/saberattack2"
      },
      {
        "name": "custom/mobs/grievous/saberattack3"
      },
      {
        "name": "custom/mobs/grievous/saberattack4"
      },
      {
        "name": "custom/mobs/grievous/saberattack5"
      },
      {
        "name": "custom/mobs/grievous/saberattack6"
      },
      {
        "name": "custom/mobs/grievous/saberattack7"
      }
    ],
    "subtitle": "Light saber noises",
    "attenuation_distance": "16",
    "volume": "1"
  },
  "custom.grievous.saberignite": {
    "category": "hostile",
    "sounds": [
      {
        "name": "custom/mobs/grievous/saberignite1"
      },
      {
        "name": "custom/mobs/grievous/saberignite2"
      },
      {
        "name": "custom/mobs/grievous/saberignite3"
      },
      {
        "name": "custom/mobs/grievous/saberignite4"
      }
    ],
    "subtitle": "General grievous ignites light saber",
    "attenuation_distance": "16",
    "volume": "1"
  },
  "custom.grievous.ambient": {
    "category": "hostile",
    "sounds": [
      {
        "name": "custom/mobs/grievous/loboambient1"
      },
      {
        "name": "custom/mobs/grievous/loboambient2"
      },
      {
        "name": "custom/mobs/grievous/loboambient3"
      }
    ],
    "subtitle": "Werewolf growls"
  },
  "shoot.lightsaberreload1": {
    "category": "player",
    "sounds": [
      "shoot/lightsaberreload1"
    ]
  },
  "shoot.lightsaberreload2": {
    "category": "player",
    "sounds": [
      "shoot/lightsaberreload2"
    ]
  },
  "shoot.lightsaber3": {
    "category": "player",
    "sounds": [
      "shoot/lightsaber3"
    ]
  },
  "shoot.lightsaber2": {
    "category": "player",
    "ry": "player",
    "sounds": [
      "shoot/lightsaber2"
    ]
  },
  "shoot.lightsaber1": {
    "category": "player",
    "sounds": [
      "shoot/lightsaber1"
    ]
  },
  "shoot.ak": {
    "category": "player",
    "sounds": [
      "shoot/ak"
    ]
  },
  "shoot.bazooka": {
    "category": "player",
    "sounds": [
      "shoot/bazooka"
    ]
  },
  "shoot.carbine": {
    "category": "player",
    "sounds": [
      "shoot/carbine"
    ]
  },
  "shoot.gauss": {
    "category": "player",
    "sounds": [
      "shoot/gauss"
    ]
  },
  "shoot.hunting": {
    "category": "player",
    "sounds": [
      "shoot/hunting"
    ]
  },
  "shoot.hunting_silenced": {
    "category": "player",
    "sounds": [
      "shoot/hunting_silenced"
    ]
  },
  "shoot.olympia": {
    "category": "player",
    "sounds": [
      "shoot/olympia"
    ]
  },
  "shoot.python": {
    "category": "player",
    "sounds": [
      "shoot/python"
    ]
  },
  "shoot.type95": {
    "category": "player",
    "sounds": [
      "shoot/type95"
    ]
  },
  "shoot.deserteagle": {
    "category": "player",
    "sounds": [
      "shoot/deserteagle"
    ]
  },
  "scope.end_scope": {
    "category": "player",
    "sounds": [
      "scope/end_scope"
    ]
  },
  "scope.start_scope": {
    "category": "player",
    "sounds": [
      "scope/start_scope"
    ]
  },
  "cs.npc.trandan.amen": {
    "sounds": [
      {
        "name": "cs/npc/trandan/amen",
        "stream": true
      }
    ]
  },
  "cs.npc.trandan.chuitheconcac": {
    "sounds": [
      {
        "name": "cs/npc/trandan/chuitheconcac",
        "stream": true
      }
    ]
  },
  "cs.npc.trandan.coichungtao": {
    "sounds": [
      {
        "name": "cs/npc/trandan/coichungtao",
        "stream": true
      }
    ]
  },
  "cs.npc.trandan.fight": {
    "sounds": [
      "cs/npc/trandan/fight1",
      "cs/npc/trandan/fight2"
    ]
  },
  "cs.npc.trandan.gioithieu": {
    "sounds": [
      {
        "name": "cs/npc/trandan/gioithieu",
        "stream": true
      }
    ]
  },
  "cs.npc.trandan.khoesung": {
    "sounds": [
      {
        "name": "cs/npc/trandan/khoesung",
        "stream": true
      }
    ]
  },
  "cs.npc.trandan.maychuihamay": {
    "sounds": [
      {
        "name": "cs/npc/trandan/maychuihamay",
        "stream": true
      }
    ]
  },
  "cs.npc.trandan.sung": {
    "sounds": [
      {
        "name": "cs/npc/trandan/sung1",
        "stream": true
      },
      {
        "name": "cs/npc/trandan/sung2",
        "stream": true
      },
      {
        "name": "cs/npc/trandan/sung3",
        "stream": true
      },
      {
        "name": "cs/npc/trandan/sung4",
        "stream": true
      }
    ]
  },
  "cs.npc.trandan.thichthivo": {
    "sounds": [
      {
        "name": "cs/npc/trandan/thichthivo",
        "stream": true
      }
    ]
  },
  "cs.hurtsound.uuh": {
    "sounds": [
      "cs/hurtsounds/uuh"
    ]
  },
  "cs.hurtsound.mario": {
    "sounds": [
      "cs/hurtsounds/mario1",
      "cs/hurtsounds/mario2",
      "cs/hurtsounds/mario3"
    ]
  },
  "cs.hurtsound.oof": {
    "sounds": [
      "cs/hurtsounds/oof"
    ]
  },
  "cs.musics.mvp.daithang": {
    "sounds": [
      {
        "name": "cs/musics/mvp/daithang",
        "stream": true
      }
    ]
  },
  "cs.musics.mvp.liberation": {
    "sounds": [
      {
        "name": "cs/musics/mvp/liberation",
        "stream": true
      }
    ]
  },
  "cs.musics.mvp.wtf1": {
    "sounds": [
      {
        "name": "cs/musics/mvp/wtf1",
        "stream": true
      }
    ]
  },
  "cs.musics.mvp.wtf2": {
    "sounds": [
      {
        "name": "cs/musics/mvp/wtf2",
        "stream": true
      }
    ]
  },
  "cs.musics.mvp.weed": {
    "sounds": [
      {
        "name": "cs/musics/mvp/weed",
        "stream": true
      }
    ]
  },
  "cs.musics.mvp.k175": {
    "sounds": [
      {
        "name": "cs/musics/mvp/k175",
        "stream": true
      }
    ]
  },
  "cs.musics.mvp.8bit": {
    "sounds": [
      {
        "name": "cs/musics/mvp/8bit",
        "stream": true
      }
    ]
  },
  "cs.musics.mvp.aggressive": {
    "sounds": [
      {
        "name": "cs/musics/mvp/aggressive",
        "stream": true
      }
    ]
  },
  "cs.musics.mvp.battlepack": {
    "sounds": [
      {
        "name": "cs/musics/mvp/battlepack",
        "stream": true
      }
    ]
  },
  "cs.musics.mvp.christmas": {
    "sounds": [
      {
        "name": "cs/musics/mvp/christmas",
        "stream": true
      }
    ]
  },
  "cs.musics.mvp.crimsonassault": {
    "sounds": [
      {
        "name": "cs/musics/mvp/crimsonassault",
        "stream": true
      }
    ]
  },
  "cs.musics.mvp.demolition": {
    "sounds": [
      {
        "name": "cs/musics/mvp/demolition",
        "stream": true
      }
    ]
  },
  "cs.musics.mvp.duckhunt": {
    "sounds": [
      {
        "name": "cs/musics/mvp/duckhunt",
        "stream": true
      }
    ]
  },
  "cs.musics.mvp.diamonds": {
    "sounds": [
      {
        "name": "cs/musics/mvp/diamonds",
        "stream": true
      }
    ]
  },
  "cs.musics.mvp.eyedragon": {
    "sounds": [
      {
        "name": "cs/musics/mvp/eyedragon",
        "stream": true
      }
    ]
  },
  "cs.musics.mvp.ez4ence": {
    "sounds": [
      {
        "name": "cs/musics/mvp/ez4ence",
        "stream": true
      }
    ]
  },
  "cs.musics.mvp.highnoon": {
    "sounds": [
      {
        "name": "cs/musics/mvp/highnoon",
        "stream": true
      }
    ]
  },
  "cs.musics.mvp.iam": {
    "sounds": [
      {
        "name": "cs/musics/mvp/iam",
        "stream": true
      }
    ]
  },
  "cs.musics.mvp.insurgency": {
    "sounds": [
      {
        "name": "cs/musics/mvp/insurgency",
        "stream": true
      }
    ]
  },
  "cs.musics.mvp.invasion": {
    "sounds": [
      {
        "name": "cs/musics/mvp/invasion",
        "stream": true
      }
    ]
  },
  "cs.musics.mvp.isorhythm": {
    "sounds": [
      {
        "name": "cs/musics/mvp/isorhythm",
        "stream": true
      }
    ]
  },
  "cs.musics.mvp.kingscar": {
    "sounds": [
      {
        "name": "cs/musics/mvp/kingscar",
        "stream": true
      }
    ]
  },
  "cs.musics.mvp.life": {
    "sounds": [
      {
        "name": "cs/musics/mvp/life",
        "stream": true
      }
    ]
  },
  "cs.musics.mvp.miami": {
    "sounds": [
      {
        "name": "cs/musics/mvp/miami",
        "stream": true
      }
    ]
  },
  "cs.musics.mvp.moments": {
    "sounds": [
      {
        "name": "cs/musics/mvp/moments",
        "stream": true
      }
    ]
  },
  "cs.musics.mvp.neonoir": {
    "sounds": [
      {
        "name": "cs/musics/mvp/neonoir",
        "stream": true
      }
    ]
  },
  "cs.musics.mvp.talos": {
    "sounds": [
      {
        "name": "cs/musics/mvp/talos",
        "stream": true
      }
    ]
  },
  "cs.musics.mvp.totaldomination": {
    "sounds": [
      {
        "name": "cs/musics/mvp/totaldomination",
        "stream": true
      }
    ]
  },
  "cs.musics.mvp.wideputin": {
    "sounds": [
      {
        "name": "cs/musics/mvp/wideputin",
        "stream": true
      }
    ]
  },
  "cs.weapons.m134": {
    "sounds": [
      "cs/weapons/m134"
    ]
  },
  "cs.weapons.p2000": {
    "sounds": [
      "cs/weapons/p2000"
    ]
  },
  "cs.weapons.cyclone": {
    "sounds": [
      "cs/weapons/cyclone"
    ]
  },
  "cs.weapons.thunderbolt": {
    "sounds": [
      "cs/weapons/thunderbolt"
    ]
  },
  "cs.musics.lobby": {
    "sounds": [
      {
        "name": "cs/musics/lobby",
        "stream": true
      }
    ]
  },
  "cs.random.buzz": {
    "sounds": [
      "cs/random/buzz"
    ]
  },
  "cs.random.auto_switch": {
    "sounds": [
      "cs/random/auto_switch"
    ]
  },
  "cs.weapons.negev": {
    "sounds": [
      "cs/weapons/negev"
    ]
  },
  "cs.weapons.famas": {
    "sounds": [
      "cs/weapons/famas"
    ]
  },
  "cs.weapons.galil": {
    "sounds": [
      "cs/weapons/galil"
    ]
  },
  "cs.weapons.katana_hit": {
    "sounds": [
      "cs/weapons/kanata_hit"
    ]
  },
  "cs.weapons.katana_swing": {
    "sounds": [
      "cs/weapons/katana_swing"
    ]
  },
  "cs.weapons.skull9_swing": {
    "sounds": [
      "cs/weapons/skull9_swing1",
      "cs/weapons/skull9_swing2"
    ]
  },
  "cs.weapons.skull9_hit": {
    "sounds": [
      "cs/weapons/skull9_hit"
    ]
  },
  "cs.weapons.scar_h": {
    "sounds": [
      "cs/weapons/scar_h"
    ]
  },
  "cs.weapons.svd": {
    "sounds": [
      "cs/weapons/svd"
    ]
  },
  "cs.weapons.mp9": {
    "sounds": [
      "cs/weapons/mp9"
    ]
  },
  "cs.weapons.mac10": {
    "sounds": [
      "cs/weapons/mac10"
    ]
  },
  "cs.weapons.usps": {
    "sounds": [
      "cs/weapons/usps"
    ]
  },
  "cs.weapons.scar20": {
    "sounds": [
      "cs/weapons/scar20"
    ]
  },
  "cs.weapons.g3sg1": {
    "sounds": [
      "cs/weapons/g3sg1"
    ]
  },
  "cs.weapons.glock": {
    "sounds": [
      "cs/weapons/glock"
    ]
  },
  "cs.weapons.stg44": {
    "sounds": [
      "cs/weapons/stg44"
    ]
  },
  "cs.weapons.ak12": {
    "sounds": [
      "cs/weapons/ak12"
    ]
  },
  "cs.weapons.spas12": {
    "sounds": [
      "cs/weapons/spas12"
    ]
  },
  "cs.weapons.uts15": {
    "sounds": [
      "cs/weapons/uts15"
    ]
  },
  "cs.weapons.mp7": {
    "sounds": [
      "cs/weapons/mp7"
    ]
  },
  "cs.weapons.r8": {
    "sounds": [
      "cs/weapons/r8"
    ]
  },
  "cs.weapons.k1a": {
    "sounds": [
      "cs/weapons/k1a"
    ]
  },
  "cs.weapons.mg36": {
    "sounds": [
      "cs/weapons/mg36"
    ]
  },
  "cs.weapons.tar21": {
    "sounds": [
      "cs/weapons/tar21"
    ]
  },
  "cs.weapons.m4a1s": {
    "sounds": [
      "cs/weapons/m4a1s"
    ]
  },
  "cs.weapons.anaconda": {
    "sounds": [
      "cs/weapons/anaconda"
    ]
  },
  "cs.random.dry_p": {
    "sounds": [
      "cs/random/dry_p"
    ]
  },
  "cs.random.dry": {
    "sounds": [
      "cs/random/dry"
    ]
  },
  "cs.weapons.winchester": {
    "sounds": [
      "cs/weapons/m1887"
    ]
  },
  "cs.zombie.grenade_throw": {
    "sounds": [
      "cs/zombie/grenade_throw"
    ]
  },
  "cs.zombie.grenade_exp": {
    "sounds": [
      "cs/zombie/grenade_exp"
    ]
  },
  "cs.zombie.boost": {
    "sounds": [
      "cs/zombie/boost"
    ]
  },
  "cs.zombie.powerup": {
    "sounds": [
      "cs/zombie/powerup"
    ]
  },
  "cs.zombie.evolution": {
    "sounds": [
      "cs/zombie/evolution"
    ]
  },
  "cs.zombie.skill_end": {
    "sounds": [
      "cs/zombie/skill_end"
    ]
  },
  "cs.zombie.skill_start": {
    "sounds": [
      "cs/zombie/skill_start"
    ]
  },
  "cs.zombie.heal": {
    "sounds": [
      "cs/zombie/heal"
    ]
  },
  "cs.zombie.supply": {
    "sounds": [
      "cs/zombie/supply"
    ]
  },
  "cs.zombie.coming": {
    "sounds": [
      "cs/zombie/coming"
    ]
  },
  "entity.zombie.death": {
    "replace": true,
    "sounds": [
      "cs/zombie/zombi_death_1",
      "cs/zombie/zombi_death_2"
    ]
  },
  "entity.zombie.hurt": {
    "replace": true,
    "sounds": [
      "cs/zombie/zombi_hurt_01",
      "cs/zombie/zombi_hurt_02"
    ]
  },
  "cs.zombie.swing": {
    "sounds": [
      "cs/zombie/swing_1",
      "cs/zombie/swing_2",
      "cs/zombie/swing_3"
    ]
  },
  "cs.zombie.win_human": {
    "sounds": [
      "cs/zombie/win_human"
    ]
  },
  "cs.zombie.win_zombie": {
    "sounds": [
      "cs/zombie/win_zombie"
    ]
  },
  "cs.zombie.attack": {
    "sounds": [
      "cs/zombie/attack_1",
      "cs/zombie/attack_2",
      "cs/zombie/attack_3"
    ]
  },
  "cs.zombie.infect": {
    "sounds": [
      "cs/zombie/infect_1",
      "cs/zombie/infect_2"
    ]
  },
  "cs.zombie.1": {
    "sounds": [
      "cs/zombie/1"
    ]
  },
  "cs.zombie.2": {
    "sounds": [
      "cs/zombie/2"
    ]
  },
  "cs.zombie.3": {
    "sounds": [
      "cs/zombie/3"
    ]
  },
  "cs.zombie.4": {
    "sounds": [
      "cs/zombie/4"
    ]
  },
  "cs.zombie.5": {
    "sounds": [
      "cs/zombie/5"
    ]
  },
  "cs.zombie.6": {
    "sounds": [
      "cs/zombie/6"
    ]
  },
  "cs.zombie.7": {
    "sounds": [
      "cs/zombie/7"
    ]
  },
  "cs.zombie.8": {
    "sounds": [
      "cs/zombie/8"
    ]
  },
  "cs.zombie.9": {
    "sounds": [
      "cs/zombie/9"
    ]
  },
  "cs.zombie.10": {
    "sounds": [
      "cs/zombie/10"
    ]
  },
  "cs.weapons.henry": {
    "sounds": [
      "cs/weapons/henry"
    ]
  },
  "cs.weapons.ksg12": {
    "sounds": [
      "cs/weapons/ksg12"
    ]
  },
  "cs.weapons.m14": {
    "sounds": [
      "cs/weapons/m14"
    ]
  },
  "cs.weapons.an94": {
    "sounds": [
      "cs/weapons/an94"
    ]
  },
  "cs.weapons.barrett": {
    "sounds": [
      "cs/weapons/barrett"
    ]
  },
  "cs.weapons.barrett_s": {
    "sounds": [
      "cs/weapons/barrett_s"
    ]
  },
  "cs.weapons.mg3": {
    "sounds": [
      "cs/weapons/mg3"
    ]
  },
  "cs.reloads.m60e4": {
    "sounds": [
      "cs/reloads/m60e4"
    ]
  },
  "cs.weapons.m60e4": {
    "sounds": [
      "cs/weapons/m60e4"
    ]
  },
  "cs.weapons.rpk": {
    "sounds": [
      "cs/weapons/rpk"
    ]
  },
  "cs.random.c4_defuse_start": {
    "sounds": [
      "cs/random/c4_defuse_start"
    ]
  },
  "cs.random.c4_defuse_end": {
    "sounds": [
      "cs/random/c4_defuse_end"
    ]
  },
  "cs.random.c4_plant": {
    "sounds": [
      "cs/random/c4_plant"
    ]
  },
  "cs.random.c4_explode": {
    "sounds": [
      "cs/random/c4_explode"
    ]
  },
  "cs.random.headshot_shooter": {
    "sounds": [
      "cs/random/headshot_shooter"
    ]
  },
  "cs.random.headshot_victim": {
    "sounds": [
      "cs/random/headshot_victim"
    ]
  },
  "cs.random.reload_end": {
    "sounds": [
      "cs/random/reload_end"
    ]
  },
  "cs.random.reload_start": {
    "sounds": [
      "cs/random/reload_start"
    ]
  },
  "cs.random.reload_fire": {
    "sounds": [
      "cs/random/reload_fire"
    ]
  },
  "cs.weapons.shotgunshot": {
    "sounds": [
      "cs/weapons/shotgun"
    ]
  },
  "cs.weapons.uzi": {
    "sounds": [
      "cs/weapons/uzi"
    ]
  },
  "cs.weapons.aug": {
    "sounds": [
      "cs/weapons/aug"
    ]
  },
  "cs.weapons.sg552": {
    "sounds": [
      "cs/weapons/sg552"
    ]
  },
  "cs.weapons.57": {
    "sounds": [
      "cs/weapons/57"
    ]
  },
  "cs.gamesounds.flag_win": {
    "sounds": [
      "cs/gamesounds/flag_win"
    ]
  },
  "cs.gamesounds.flag_captured": {
    "sounds": [
      "cs/gamesounds/flag_captured"
    ]
  },
  "cs.gamesounds.flag_stolen": {
    "sounds": [
      "cs/gamesounds/flag_stolen"
    ]
  },
  "cs.gamesounds.ohno": {
    "sounds": [
      "cs/gamesounds/ohno"
    ]
  },
  "cs.gamesounds.bombdroppedyourteam": {
    "sounds": [
      "cs/gamesounds/bombdroppedyourteam"
    ]
  },
  "cs.gamesounds.bombdroppedenemyteam": {
    "sounds": [
      "cs/gamesounds/bombdroppedenemyteam"
    ]
  },
  "cs.gamesounds.ks5": {
    "sounds": [
      "cs/gamesounds/ks5"
    ]
  },
  "cs.gamesounds.ks10": {
    "sounds": [
      "cs/gamesounds/ks10"
    ]
  },
  "cs.gamesounds.ks15": {
    "sounds": [
      "cs/gamesounds/ks15"
    ]
  },
  "cs.gamesounds.ks20": {
    "sounds": [
      "cs/gamesounds/ks20"
    ]
  },
  "cs.gamesounds.firstkill": {
    "sounds": [
      "cs/gamesounds/firstkill"
    ]
  },
  "cs.gamesounds.winteamcreepers": {
    "sounds": [
      "cs/gamesounds/winteamcreepers"
    ]
  },
  "cs.gamesounds.winteamocelots": {
    "sounds": [
      "cs/gamesounds/winteamocelots"
    ]
  },
  "cs.gamesounds.secondsremain": {
    "sounds": [
      "cs/gamesounds/30secondsremain"
    ]
  },
  "cs.weapons.ump45": {
    "sounds": [
      "cs/weapons/ump45"
    ]
  },
  "cs.weapons.carbine": {
    "sounds": [
      "cs/weapons/carbine"
    ]
  },
  "cs.throwables.inc-explode": {
    "sounds": [
      "cs/throwables/inc-explode"
    ]
  },
  "cs.throwables.molo-explode": {
    "sounds": [
      "cs/throwables/molo-explode"
    ]
  },
  "cs.throwables.fire-extinguish": {
    "sounds": [
      "cs/throwables/fire-extinguish"
    ]
  },
  "cs.throwables.fire-flying": {
    "sounds": [
      "cs/throwables/fire-flying"
    ]
  },
  "cs.throwables.grenade-hit": {
    "sounds": [
      "cs/throwables/grenade-hit"
    ]
  },
  "cs.throwables.smoke-hit": {
    "sounds": [
      "cs/throwables/smoke-hit"
    ]
  },
  "cs.throwables.explodegrenade": {
    "sounds": [
      "cs/throwables/explodegrenade"
    ]
  },
  "cs.draw.common": {
    "sounds": [
      "cs/draw/common"
    ]
  },
  "cs.draw.knife": {
    "sounds": [
      "cs/draw/knife"
    ]
  },
  "cs.draw.pistol": {
    "sounds": [
      "cs/draw/pistol"
    ]
  },
  "cs.draw.primary": {
    "sounds": [
      "cs/draw/primary"
    ]
  },
  "cs.gamesounds.throwingflashbang": {
    "sounds": [
      "cs/gamesounds/throwingflashbang"
    ]
  },
  "cs.weapons.awp": {
    "sounds": [
      "cs/weapons/sniper"
    ]
  },
  "cs.weapons.awp_s": {
    "sounds": [
      "cs/weapons/sniper_s"
    ]
  },
  "cs.weapons.zoom": {
    "sounds": [
      "cs/weapons/zoom"
    ]
  },
  "cs.gamesounds.wilhelm": {
    "sounds": [
      "cs/gamesounds/wilhelm"
    ]
  },
  "cs.gamesounds.criminalswinthegame": {
    "sounds": [
      "cs/gamesounds/criminalswinthegame"
    ]
  },
  "cs.gamesounds.throwinggrenade": {
    "sounds": [
      "cs/gamesounds/throwinggrenade"
    ]
  },
  "cs.gamesounds.copswinthegame": {
    "sounds": [
      "cs/gamesounds/copswinthegame"
    ]
  },
  "cs.gamesounds.oneenemyleft": {
    "sounds": [
      "cs/gamesounds/oneenemyleft"
    ]
  },
  "random.eat": {
    "sounds": [
      "random/eat1",
      "random/eat2",
      "random/eat3"
    ]
  },
  "cs.shop.shopmenuclose": {
    "sounds": [
      "cs/shop/shopmenuclose"
    ]
  },
  "cs.shop.shopbuyitem": {
    "sounds": [
      "cs/shop/shopbuyitem"
    ]
  },
  "cs.gamesounds.droppedagun": {
    "sounds": [
      "cs/gamesounds/droppedagun"
    ]
  },
  "cs.gamesounds.bombdefused": {
    "sounds": [
      "cs/gamesounds/bombdefused"
    ]
  },
  "cs.gamesounds.oneteammateleft": {
    "sounds": [
      "cs/gamesounds/oneteammateleft"
    ]
  },
  "cs.gamesounds.reloading": {
    "sounds": [
      "cs/gamesounds/reloading1",
      "cs/gamesounds/reloading2",
      "cs/gamesounds/reloading3"
    ]
  },
  "cs.weapons.smg": {
    "sounds": [
      "cs/weapons/smg"
    ]
  },
  "cs.gamesounds.swappingsides": {
    "sounds": [
      "cs/gamesounds/swappingsides"
    ]
  },
  "cs.weapons.m249": {
    "sounds": [
      "cs/weapons/m249"
    ]
  },
  "cs.weapons.p90": {
    "sounds": [
      "cs/weapons/p90"
    ]
  },
  "cs.weapons.m249-r": {
    "sounds": [
      "cs/weapons/m249-r"
    ]
  },
  "cs.weapons.ak47": {
    "sounds": [
      "cs/weapons/ak47"
    ]
  },
  "cs.throwables.explodeflashbang": {
    "sounds": [
      "cs/throwables/explodeflashbang"
    ]
  },
  "cs.throwables.explodefirebomb": {
    "sounds": [
      "cs/throwables/explodefirebomb"
    ]
  },
  "cs.gamesounds.throwingsmoke": {
    "sounds": [
      "cs/gamesounds/throwingsmoke"
    ]
  },
  "cs.weapons.dragon_swing": {
    "sounds": [
      "cs/weapons/dragon_swing"
    ]
  },
  "cs.weapons.dragon_hit": {
    "sounds": [
      "cs/weapons/dragon_hit1",
      "cs/weapons/dragon_hit2"
    ]
  },
  "cs.weapons.knifeswing": {
    "sounds": [
      "cs/weapons/knifeswing"
    ]
  },
  "cs.weapons.knifehit": {
    "sounds": [
      "cs/weapons/knife_hit1",
      "cs/weapons/knife_hit2",
      "cs/weapons/knife_hit3",
      "cs/weapons/knife_hit4"
    ]
  },
  "cs.weapons.deagle": {
    "sounds": [
      "cs/weapons/deagle"
    ]
  },
  "cs.weapons.elite": {
    "sounds": [
      "cs/weapons/elite"
    ]
  },
  "cs.reloads.reload-elites-start": {
    "sounds": [
      "cs/reloads/reload-elites-start"
    ]
  },
  "cs.reloads.reload-elites-end": {
    "sounds": [
      "cs/reloads/reload-elites-end"
    ]
  },
  "cs.weapons.infinity": {
    "sounds": [
      "cs/weapons/infinity"
    ]
  },
  "cs.reloads.infinity-ds": {
    "sounds": [
      "cs/reloads/infinity-ds"
    ]
  },
  "cs.reloads.infinity-de": {
    "sounds": [
      "cs/reloads/infinity-de"
    ]
  },
  "cs.shop.shopcantbuy": {
    "sounds": [
      "cs/shop/shopcantbuy"
    ]
  },
  "cs.menu.beep": {
    "sounds": [
      "cs/menu/beep"
    ]
  },
  "cs.menu.click": {
    "sounds": [
      "cs/menu/click"
    ]
  },
  "cs.menu.invalid": {
    "sounds": [
      "cs/menu/invalid"
    ]
  },
  "cs.throwables.grenadethrow": {
    "sounds": [
      "cs/throwables/grenadethrow"
    ]
  },
  "cs.gamesounds.bombbeep": {
    "sounds": [
      "cs/gamesounds/bombbeep"
    ]
  },
  "cs.gamesounds.headshotkill": {
    "sounds": [
      "cs/gamesounds/headshotkill"
    ]
  },
  "cs.throwables.explodesmoke": {
    "sounds": [
      "cs/throwables/explodesmoke"
    ]
  },
  "cs.gamesounds.bombplanted": {
    "sounds": [
      "cs/gamesounds/bombplanted"
    ]
  },
  "cs.gamesounds.pickedupthebomb": {
    "sounds": [
      "cs/gamesounds/pickedupthebomb"
    ]
  },
  "cs.gamesounds.roundstart": {
    "sounds": [
      "cs/gamesounds/roundstart1",
      "cs/gamesounds/roundstart2",
      "cs/gamesounds/roundstart3",
      "cs/gamesounds/roundstart4"
    ]
  },
  "cs.gamesounds.throwingdecoy": {
    "sounds": [
      "cs/gamesounds/throwingdecoy"
    ]
  },
  "cs.gamesounds.throwingfirebomb": {
    "sounds": [
      "cs/gamesounds/throwingfirebomb"
    ]
  },
  "cs.shop.boughtarmor": {
    "sounds": [
      "cs/shop/boughtarmor"
    ]
  },
  "cs.gamesounds.spawnedin": {
    "sounds": [
      "cs/gamesounds/spawnedin"
    ]
  },
  "cs.shop.shopmenuopen": {
    "sounds": [
      "cs/shop/shopmenuopen"
    ]
  },
  "random.bowhit": {
    "sounds": [
      "random/bowhit1",
      "random/bowhit2",
      "random/bowhit3",
      "random/bowhit4"
    ]
  },
  "cs.gamesounds.2kill": {
    "sounds": [
      "cs/gamesounds/2kill"
    ]
  },
  "cs.gamesounds.3kill": {
    "sounds": [
      "cs/gamesounds/3kill"
    ]
  },
  "cs.gamesounds.4kill": {
    "sounds": [
      "cs/gamesounds/4kill"
    ]
  },
  "cs.gamesounds.kill": {
    "sounds": [
      "cs/gamesounds/kill"
    ]
  },
  "cs.gamesounds.lastsoldier": {
    "sounds": [
      "cs/gamesounds/lastsoldier"
    ]
  },
  "cs.gamesounds.knifekill": {
    "sounds": [
      "cs/gamesounds/knifekill"
    ]
  },
  "cs.gamesounds.gotit": {
    "sounds": [
      "cs/gamesounds/gotit"
    ]
  },
  "cs.gamesounds.revenge": {
    "sounds": [
      "cs/gamesounds/revenge"
    ]
  },
  "cs.weapons.xm1014": {
    "sounds": [
      "cs/weapons/xm1014"
    ]
  },
  "cs.weapons.thompson": {
    "sounds": [
      "cs/weapons/thompson"
    ]
  },
  "cs.weapons.scar": {
    "sounds": [
      "cs/weapons/scar"
    ]
  },
  "cs.weapons.scout": {
    "sounds": [
      "cs/weapons/scout"
    ]
  },
  "cs.weapons.scout_s": {
    "sounds": [
      "cs/weapons/scout_s"
    ]
  },
  "cs.weapons.cz75": {
    "sounds": [
      "cs/weapons/cz75"
    ]
  },
  "cs.weapons.tec9": {
    "sounds": [
      "cs/weapons/tec9"
    ]
  },
  "cs.weapons.barrel": {
    "sounds": [
      "cs/weapons/barrel"
    ]
  },
  "cs.random.reload_sg": {
    "sounds": [
      "cs/random/reload_sg"
    ]
  },
  "cs.random.zoom_in": {
    "sounds": [
      "cs/random/zoom_in"
    ]
  },
  "cs.random.zoom_out": {
    "sounds": [
      "cs/random/zoom_out"
    ]
  },
  "cs.random.bulletltor": {
    "sounds": [
      "cs/random/bulletltor"
    ]
  },
  "cs.gamesounds.c4_end": {
    "sounds": [
      "cs/gamesounds/c4_end"
    ]
  },
  "cs.gamesounds.c4_beep1": {
    "sounds": [
      "cs/gamesounds/c4_beep1"
    ]
  },
  "cs.gamesounds.c4_beep2": {
    "sounds": [
      "cs/gamesounds/c4_beep2"
    ]
  },
  "cs.gamesounds.c4_beep3": {
    "sounds": [
      "cs/gamesounds/c4_beep3"
    ]
  },
  "cs.gamesounds.c4_beep4": {
    "sounds": [
      "cs/gamesounds/c4_beep4"
    ]
  },
  "cs.gamesounds.c4_beep5": {
    "sounds": [
      "cs/gamesounds/c4_beep5"
    ]
  },
  "cs.musics.lacrimosa": {
    "category": "music",
    "sounds": [
      {
        "name": "cs/musics/lacrimosa",
        "stream": true
      }
    ]
  },
  "cs.musics.c4": {
    "category": "music",
    "sounds": [
      {
        "name": "cs/musics/c4",
        "stream": true
      }
    ]
  },
  "cs.musics.ctf_start": {
    "category": "music",
    "sounds": [
      {
        "name": "cs/musics/ctf_start",
        "stream": true
      }
    ]
  },
  "cs.musics.ctf_loop": {
    "category": "music",
    "sounds": [
      {
        "name": "cs/musics/ctf_loop",
        "stream": true
      }
    ]
  },
  "cs.musics.ctf_loop1": {
    "category": "music",
    "sounds": [
      {
        "name": "cs/musics/ctf_loop",
        "stream": true
      }
    ]
  },
  "cs.musics.hyrule_start": {
    "category": "music",
    "sounds": [
      {
        "name": "cs/musics/hyrule_start",
        "stream": true
      }
    ]
  },
  "cs.musics.hyrule_loop": {
    "category": "music",
    "sounds": [
      {
        "name": "cs/musics/hyrule_loop",
        "stream": true
      }
    ]
  },
  "cs.musics.hyrule_loop1": {
    "category": "music",
    "sounds": [
      {
        "name": "cs/musics/hyrule_loop",
        "stream": true
      }
    ]
  },
  "cs.musics.plain_start": {
    "category": "music",
    "sounds": [
      {
        "name": "cs/musics/plain_start",
        "stream": true
      }
    ]
  },
  "cs.musics.plain_loop": {
    "category": "music",
    "sounds": [
      {
        "name": "cs/musics/plain_loop",
        "stream": true
      }
    ]
  },
  "cs.musics.plain_loop1": {
    "category": "music",
    "sounds": [
      {
        "name": "cs/musics/plain_loop",
        "stream": true
      }
    ]
  },
  "cs.musics.herobrine_start": {
    "category": "music",
    "sounds": [
      {
        "name": "cs/musics/herobrine_start",
        "stream": true
      }
    ]
  },
  "cs.musics.herobrine_loop": {
    "category": "music",
    "sounds": [
      {
        "name": "cs/musics/herobrine_loop",
        "stream": true
      }
    ]
  },
  "cs.musics.herobrine_loop1": {
    "category": "music",
    "sounds": [
      {
        "name": "cs/musics/herobrine_loop",
        "stream": true
      }
    ]
  },
  "cs.musics.gourmetrace": {
    "category": "music",
    "sounds": [
      {
        "name": "cs/musics/gourmetrace",
        "stream": true
      }
    ]
  },
  "cs.musics.gourmetrace1": {
    "category": "music",
    "sounds": [
      {
        "name": "cs/musics/gourmetrace",
        "stream": true
      }
    ]
  },
  "cs.musics.corneria_start": {
    "category": "music",
    "sounds": [
      {
        "name": "cs/musics/corneria_start",
        "stream": true
      }
    ]
  },
  "cs.musics.corneria_loop": {
    "category": "music",
    "sounds": [
      {
        "name": "cs/musics/corneria_loop",
        "stream": true
      }
    ]
  },
  "cs.musics.corneria_loop1": {
    "category": "music",
    "sounds": [
      {
        "name": "cs/musics/corneria_loop",
        "stream": true
      }
    ]
  },
  "cs.musics.bossbattle_start": {
    "category": "music",
    "sounds": [
      {
        "name": "cs/musics/bossbattle_start",
        "stream": true
      }
    ]
  },
  "cs.musics.bossbattle_loop": {
    "category": "music",
    "sounds": [
      {
        "name": "cs/musics/bossbattle_loop",
        "stream": true
      }
    ]
  },
  "cs.musics.bossbattle_loop1": {
    "category": "music",
    "sounds": [
      {
        "name": "cs/musics/bossbattle_loop",
        "stream": true
      }
    ]
  },
  "cs.musics.athletic_start": {
    "category": "music",
    "sounds": [
      {
        "name": "cs/musics/athletic_start",
        "stream": true
      }
    ]
  },
  "cs.musics.athletic_loop": {
    "category": "music",
    "sounds": [
      {
        "name": "cs/musics/athletic_loop",
        "stream": true
      }
    ]
  },
  "cs.musics.athletic_loop1": {
    "category": "music",
    "sounds": [
      {
        "name": "cs/musics/athletic_loop",
        "stream": true
      }
    ]
  },
  "cs.musics.action": {
    "category": "music",
    "sounds": [
      {
        "name": "cs/musics/action",
        "stream": true
      }
    ]
  },
  "cs.musics.win": {
    "category": "music",
    "sounds": [
      {
        "name": "cs/musics/win",
        "stream": true
      }
    ]
  },
  "cs.musics.lose": {
    "category": "music",
    "sounds": [
      {
        "name": "cs/musics/lose",
        "stream": true
      }
    ]
  },
  "cs.musics.round_start": {
    "category": "music",
    "sounds": [
      {
        "name": "cs/musics/round_start_1",
        "stream": true
      },
      {
        "name": "cs/musics/round_start_2",
        "stream": true
      }
    ]
  },
  "cs.musics.matchpoint": {
    "category": "music",
    "sounds": [
      {
        "name": "cs/musics/matchpoint",
        "stream": true
      }
    ]
  },
  "cs.musics.result": {
    "category": "music",
    "sounds": [
      {
        "name": "cs/musics/result",
        "stream": true
      }
    ]
  },
  "cs.zombie.start": {
    "sounds": [
      {
        "name": "cs/zombie/start",
        "stream": true
      }
    ]
  },
  "cs.musics.ze_start": {
    "sounds": [
      {
        "name": "cs/musics/ze_start",
        "stream": true
      }
    ]
  },
  "cs.musics.ze_hitch": {
    "sounds": [
      {
        "name": "cs/musics/ze_hitch",
        "stream": true
      }
    ]
  },
  "cs.musics.ze_run": {
    "sounds": [
      {
        "name": "cs/musics/ze_run",
        "stream": true
      }
    ]
  },
  "cs.musics.csikospost": {
    "sounds": [
      {
        "name": "cs/musics/csikospost",
        "stream": true
      }
    ]
  },
  "cs.gamesounds.fireinhole": {
    "sounds": [
      "cs/gamesounds/fireinhole"
    ]
  },
  "cs.weapons.pistolshot": {
    "sounds": [
      "cs/weapons/pistol"
    ]
  },
  "cs.musics.happytown": {
    "sounds": [
      {
        "name": "cs/musics/happytown",
        "stream": true
      }
    ]
  },
  "cs.musics.warning": {
    "sounds": [
      {
        "name": "cs/musics/warning",
        "stream": true
      }
    ]
  },
  "cs.gamesounds.chopper": {
    "sounds": [
      {
        "name": "cs/gamesounds/chopper",
        "stream": true
      }
    ]
  },
  "music.game": {
    "replace": true,
    "sounds": []
  },
  "entity.player.attack.sweep": {
    "replace": true,
    "sounds": []
  },
  "cs.radio.tickingdown": {
    "sounds": [
      "cs/radio/tickingdown"
    ]
  },
  "cs.radio.defusing": {
    "sounds": [
      "cs/radio/defusing"
    ]
  },
  "cs.radio.planting": {
    "sounds": [
      "cs/radio/planting"
    ]
  },
  "cs.radio.affirm": {
    "sounds": [
      "cs/radio/affirm"
    ]
  },
  "cs.radio.backup": {
    "sounds": [
      "cs/radio/backup"
    ]
  },
  "cs.radio.coverme": {
    "sounds": [
      "cs/radio/coverme"
    ]
  },
  "cs.radio.check": {
    "sounds": [
      "cs/radio/check"
    ]
  },
  "cs.radio.enemydown": {
    "sounds": [
      "cs/radio/enemydown"
    ]
  },
  "cs.radio.enemys": {
    "sounds": [
      "cs/radio/enemys"
    ]
  },
  "cs.radio.ez": {
    "sounds": [
      "cs/radio/ez"
    ]
  },
  "cs.radio.fallback": {
    "sounds": [
      "cs/radio/fallback"
    ]
  },
  "cs.radio.fireassis": {
    "sounds": [
      "cs/radio/fireassis"
    ]
  },
  "cs.radio.fireinhole": {
    "sounds": [
      "cs/radio/fireinhole"
    ]
  },
  "cs.radio.followme": {
    "sounds": [
      "cs/radio/followme"
    ]
  },
  "cs.radio.getinpos": {
    "sounds": [
      "cs/radio/getinpos"
    ]
  },
  "cs.radio.go": {
    "sounds": [
      "cs/radio/go"
    ]
  },
  "cs.radio.inpos": {
    "sounds": [
      "cs/radio/inpos"
    ]
  },
  "cs.radio.letsgo": {
    "sounds": [
      "cs/radio/letsgo"
    ]
  },
  "cs.radio.locknload": {
    "sounds": [
      "cs/radio/locknload"
    ]
  },
  "cs.radio.move": {
    "sounds": [
      "cs/radio/move"
    ]
  },
  "cs.radio.moveout": {
    "sounds": [
      "cs/radio/moveout"
    ]
  },
  "cs.radio.negative": {
    "sounds": [
      "cs/radio/negative"
    ]
  },
  "cs.radio.point": {
    "sounds": [
      "cs/radio/point"
    ]
  },
  "cs.radio.position": {
    "sounds": [
      "cs/radio/position"
    ]
  },
  "cs.radio.regroup": {
    "sounds": [
      "cs/radio/regroup"
    ]
  },
  "cs.radio.reporting": {
    "sounds": [
      "cs/radio/reporting"
    ]
  },
  "cs.radio.roger": {
    "sounds": [
      "cs/radio/roger"
    ]
  },
  "cs.radio.sticktog": {
    "sounds": [
      "cs/radio/sticktog"
    ]
  },
  "cs.radio.stormfront": {
    "sounds": [
      "cs/radio/stormfront"
    ]
  },
  "cs.radio.takepoint": {
    "sounds": [
      "cs/radio/takepoint"
    ]
  },
  "cs.radio.grenade": {
    "sounds": [
      "cs/radio/grenade"
    ]
  },
  "cs.radio.flashbang": {
    "sounds": [
      "cs/radio/flashbang",
      "cs/radio/flashbang-1"
    ]
  },
  "cs.radio.smoke": {
    "sounds": [
      "cs/radio/smoke",
      "cs/radio/smoke-1"
    ]
  },
  "cs.radio.decoy": {
    "sounds": [
      "cs/radio/decoy",
      "cs/radio/decoy-1"
    ]
  },
  "cs.radio.incendiary": {
    "sounds": [
      "cs/radio/incendiary",
      "cs/radio/incendiary-1"
    ]
  },
  "cs.ze.box": {
    "sounds": [
      "cs/ze/box"
    ]
  },
  "cs.ze.fail": {
    "sounds": [
      {
        "name": "cs/ze/fail",
        "stream": true
      }
    ]
  },
  "cs.ze.success": {
    "sounds": [
      {
        "name": "cs/ze/success",
        "stream": true
      }
    ]
  },
  "cs.ze.siren": {
    "sounds": [
      {
        "name": "cs/ze/siren",
        "stream": true
      }
    ]
  },
  "cs.ze.horror": {
    "sounds": [
      {
        "name": "cs/ze/horror",
        "stream": true
      }
    ]
  },
  "cs.ze.vehicle": {
    "sounds": [
      "cs/ze/vehicle"
    ]
  },
  "cs.ze.call1": {
    "sounds": [
      {
        "name": "cs/ze/call1",
        "stream": true
      }
    ]
  },
  "cs.ze.call2": {
    "sounds": [
      {
        "name": "cs/ze/call2",
        "stream": true
      }
    ]
  },
  "cs.step.landing": {
    "sounds": [
      "cs/random/land1",
      "cs/random/land2",
      "cs/random/land3",
      "cs/random/land4"
    ]
  },
  "cs.step.anvil": {
    "sounds": [
      "step/stone1",
      "step/stone2",
      "step/stone3",
      "step/stone4",
      "step/stone5",
      "step/stone6"
    ]
  },
  "cs.step.cloth": {
    "sounds": [
      "step/cloth1",
      "step/cloth2",
      "step/cloth3",
      "step/cloth4"
    ]
  },
  "cs.step.glass": {
    "sounds": [
      "step/stone1",
      "step/stone2",
      "step/stone3",
      "step/stone4",
      "step/stone5",
      "step/stone6"
    ]
  },
  "cs.step.grass": {
    "sounds": [
      "step/grass1",
      "step/grass2",
      "step/grass3",
      "step/grass4",
      "step/grass5",
      "step/grass6"
    ]
  },
  "cs.step.gravel": {
    "sounds": [
      "step/gravel1",
      "step/gravel2",
      "step/gravel3",
      "step/gravel4"
    ]
  },
  "cs.step.ladder": {
    "sounds": [
      "step/ladder1",
      "step/ladder2",
      "step/ladder3",
      "step/ladder4",
      "step/ladder5"
    ]
  },
  "cs.step.metal": {
    "sounds": [
      "step/stone1",
      "step/stone2",
      "step/stone3",
      "step/stone4",
      "step/stone5",
      "step/stone6"
    ]
  },
  "cs.step.sand": {
    "sounds": [
      "step/sand1",
      "step/sand2",
      "step/sand3",
      "step/sand4",
      "step/sand5"
    ]
  },
  "cs.step.slime": {
    "sounds": [
      "mob/slime/small1",
      "mob/slime/small2",
      "mob/slime/small3",
      "mob/slime/small4",
      "mob/slime/small5"
    ]
  },
  "cs.step.snow": {
    "sounds": [
      "step/snow1",
      "step/snow2",
      "step/snow3",
      "step/snow4"
    ]
  },
  "cs.step.stone": {
    "sounds": [
      "step/stone1",
      "step/stone2",
      "step/stone3",
      "step/stone4",
      "step/stone5",
      "step/stone6"
    ]
  },
  "cs.step.wood": {
    "sounds": [
      "step/wood1",
      "step/wood2",
      "step/wood3",
      "step/wood4",
      "step/wood5",
      "step/wood6"
    ]
  }
}