{
    "providers": [
        	{
            "type": "bitmap",
            "file": "minecraft:special/spacer.png",
            "ascent": 8,
            "height": 8,
            "chars": ["\uE024"]
        },
        {
            "type": "bitmap",
            "file": "minecraft:special/spacer.png",
            "ascent": -32768,
            "height": -4,
            "chars": ["\uF002"]
        },
        {
            "type": "bitmap",
            "file": "minecraft:special/spacer.png",
            "ascent": -32768,
            "height": -5,
            "chars": ["\uF003"]
        },
        {
            "type": "bitmap",
            "file": "minecraft:special/spacer.png",
            "ascent": -32768,
            "height": -6,
            "chars": ["\uF004"]
        },
        {
            "type": "bitmap",
            "file": "minecraft:special/spacer.png",
            "ascent": -32768,
            "height": -7,
            "chars": ["\uF005"]
        },
        {
            "type": "bitmap",
            "file": "minecraft:special/spacer.png",
            "ascent": -32768,
            "height": -8,
            "chars": ["\uF006"]
        },
        {
            "type": "bitmap",
            "file": "minecraft:special/spacer.png",
            "ascent": -32768,
            "height": -9,
            "chars": ["\uF007"]
        },
        {
            "type": "bitmap",
            "file": "minecraft:special/spacer.png",
            "ascent": -32768,
            "height": -10,
            "chars": ["\uF008"]
        },{
            "type": "bitmap",
            "file": "minecraft:special/spacer.png",
            "ascent": -32768,
            "height": 0,
            "chars": ["\uF101"]
        },
        {
            "type": "bitmap",
            "file": "minecraft:special/spacer.png",
            "ascent": -32768,
            "height": 1,
            "chars": ["\uF102"]
        },
        {
            "type": "bitmap",
            "file": "minecraft:special/spacer.png",
            "ascent": -32768,
            "height": 2,
            "chars": ["\uF103"]
        },
        {
            "type": "bitmap",
            "file": "minecraft:special/spacer.png",
            "ascent": -32768,
            "height": 3,
            "chars": ["\uF104"]
        },
        {
            "type": "bitmap",
            "file": "minecraft:special/spacer.png",
            "ascent": -32768,
            "height": 4,
            "chars": ["\uF105"]
        },
        {
            "type": "bitmap",
            "file": "minecraft:special/spacer.png",
            "ascent": -32768,
            "height": 5,
            "chars": ["\uF106"]
        },
        {
            "type": "bitmap",
            "file": "minecraft:special/spacer.png",
            "ascent": -32768,
            "height": 6,
            "chars": ["\uF107"]
        },
        {
            "type": "bitmap",
            "file": "minecraft:special/spacer.png",
            "ascent": -32768,
            "height": 7,
            "chars": ["\uF108"]
        },
        	{
            "type": "bitmap",
            "file": "minecraft:icons/symbols/blank.png",
            "ascent": 8,
            "height": 8,
            "chars": ["\uF113"]
        },
		{
            "type": "bitmap",
            "file": "minecraft:icons/symbols/discord.png",
            "ascent": 11,
            "height": 16,
            "chars": ["\uF116"]
        },
	{
            "type": "bitmap",
            "file": "minecraft:ui/disconnect_banner.png",
            "ascent": 13,
            "height": 256,
            "chars": ["\uF117"]
        },
	{
            "type": "bitmap",
            "file": "minecraft:ui/huabacraft_logo.png",
            "ascent": 48,
            "height": 80,
            "chars": ["\uF118\uF119"]
        },
	{
            "type": "bitmap",
            "file": "minecraft:special/spacer256.png",
            "ascent": -32768,
            "height": -3,
            "chars": ["\uF11A"]
        },
	{
            "type": "bitmap",
            "file": "minecraft:ui/sidebar.png",
            "ascent": 60,
            "height": 256,
            "chars": ["\uF11B"]
        }
    ]
}
