{
	"credit": "Made with Blockbench",
	"texture_size": [64, 64],
	"textures": {
		"0": "dark_saber",
		"particle": "dark_saber"
	},
	"elements": [
		{
			"from": [7.61, -14.15, 7.16],
			"to": [8.39, -4.25, 8.84],
			"rotation": {"angle": 0, "axis": "y", "origin": [3.2, -5.6, 3.2]},
			"faces": {
				"north": {"uv": [2.5, 2.5, 2.6875, 5], "texture": "#0"},
				"east": {"uv": [2, 0, 2.4375, 2.5], "texture": "#0"},
				"south": {"uv": [2.75, 2.5, 2.9375, 5], "texture": "#0"},
				"west": {"uv": [2.5, 0, 2.9375, 2.5], "texture": "#0"},
				"up": {"uv": [3.6875, 4.6875, 3.5, 4.25], "texture": "#0"},
				"down": {"uv": [4.4375, 3.5, 4.25, 3.9375], "texture": "#0"}
			}
		},
		{
			"from": [7.61, -4.25, 8.66],
			"to": [8.39, -2.75, 8.84],
			"rotation": {"angle": 0, "axis": "y", "origin": [3.2, -5.6, 3.2]},
			"faces": {
				"north": {"uv": [4.5, 1.25, 4.6875, 1.625], "texture": "#0"},
				"east": {"uv": [5.75, 1.75, 5.8125, 2.125], "texture": "#0"},
				"south": {"uv": [4.5, 1.75, 4.6875, 2.125], "texture": "#0"},
				"west": {"uv": [5.75, 2.25, 5.8125, 2.625], "texture": "#0"},
				"up": {"uv": [6.1875, 6.0625, 6, 6], "texture": "#0"},
				"down": {"uv": [6.4375, 0.5, 6.25, 0.5625], "texture": "#0"}
			}
		},
		{
			"from": [7.61, -4.25, 8.48],
			"to": [8.39, -2.99, 8.66],
			"rotation": {"angle": 0, "axis": "y", "origin": [3.2, -5.6, 3.2]},
			"faces": {
				"north": {"uv": [4.75, 0.5, 4.9375, 0.8125], "texture": "#0"},
				"east": {"uv": [5.75, 3.75, 5.8125, 4.0625], "texture": "#0"},
				"south": {"uv": [4.75, 1, 4.9375, 1.3125], "texture": "#0"},
				"west": {"uv": [4, 5.75, 4.0625, 6.0625], "texture": "#0"},
				"up": {"uv": [6.4375, 0.8125, 6.25, 0.75], "texture": "#0"},
				"down": {"uv": [6.4375, 1, 6.25, 1.0625], "texture": "#0"}
			}
		},
		{
			"from": [7.61, -4.25, 8.3],
			"to": [8.39, -3.14, 8.48],
			"rotation": {"angle": 0, "axis": "y", "origin": [3.2, -5.6, 3.2]},
			"faces": {
				"north": {"uv": [4, 3, 4.1875, 3.25], "texture": "#0"},
				"east": {"uv": [2.75, 6, 2.8125, 6.25], "texture": "#0"},
				"south": {"uv": [4, 4.75, 4.1875, 5], "texture": "#0"},
				"west": {"uv": [6, 2.75, 6.0625, 3], "texture": "#0"},
				"up": {"uv": [6.4375, 1.3125, 6.25, 1.25], "texture": "#0"},
				"down": {"uv": [6.4375, 1.5, 6.25, 1.5625], "texture": "#0"}
			}
		},
		{
			"from": [7.61, -4.25, 8.12],
			"to": [8.39, -3.29, 8.3],
			"rotation": {"angle": 0, "axis": "y", "origin": [3.2, -5.6, 3.2]},
			"faces": {
				"north": {"uv": [4.75, 4.75, 4.9375, 5], "texture": "#0"},
				"east": {"uv": [3, 6, 3.0625, 6.25], "texture": "#0"},
				"south": {"uv": [5, 0, 5.1875, 0.25], "texture": "#0"},
				"west": {"uv": [6, 3, 6.0625, 3.25], "texture": "#0"},
				"up": {"uv": [6.4375, 1.8125, 6.25, 1.75], "texture": "#0"},
				"down": {"uv": [6.4375, 2, 6.25, 2.0625], "texture": "#0"}
			}
		},
		{
			"from": [7.76, -3.78632, 7.66912],
			"to": [8.24, -3.48632, 7.84912],
			"rotation": {"angle": 0, "axis": "y", "origin": [3.2, -6.33632, 1.75912]},
			"faces": {
				"north": {"uv": [6.25, 4.5, 6.375, 4.5625], "texture": "#0"},
				"east": {"uv": [4, 6.5, 4.0625, 6.5625], "texture": "#0"},
				"south": {"uv": [4.75, 6.25, 4.875, 6.3125], "texture": "#0"},
				"west": {"uv": [6.5, 4, 6.5625, 4.0625], "texture": "#0"},
				"up": {"uv": [6.375, 4.8125, 6.25, 4.75], "texture": "#0"},
				"down": {"uv": [5.125, 6.25, 5, 6.3125], "texture": "#0"}
			}
		},
		{
			"from": [7.61, -4.25, 7.94],
			"to": [8.39, -3.5, 8.12],
			"rotation": {"angle": 0, "axis": "y", "origin": [3.2, -5.6, 3.2]},
			"faces": {
				"north": {"uv": [5.25, 3, 5.4375, 3.1875], "texture": "#0"},
				"east": {"uv": [6.25, 2.25, 6.3125, 2.4375], "texture": "#0"},
				"south": {"uv": [5.25, 3.25, 5.4375, 3.4375], "texture": "#0"},
				"west": {"uv": [2.5, 6.25, 2.5625, 6.4375], "texture": "#0"},
				"up": {"uv": [6.4375, 2.5625, 6.25, 2.5], "texture": "#0"},
				"down": {"uv": [2.9375, 6.25, 2.75, 6.3125], "texture": "#0"}
			}
		},
		{
			"from": [7.61, -4.25, 7.76],
			"to": [8.39, -3.68, 7.94],
			"rotation": {"angle": 0, "axis": "y", "origin": [3.2, -5.6, 3.2]},
			"faces": {
				"north": {"uv": [2.5, 5.75, 2.6875, 5.875], "texture": "#0"},
				"east": {"uv": [6.25, 5, 6.3125, 5.125], "texture": "#0"},
				"south": {"uv": [2.75, 5.75, 2.9375, 5.875], "texture": "#0"},
				"west": {"uv": [5.25, 6.25, 5.3125, 6.375], "texture": "#0"},
				"up": {"uv": [6.4375, 2.8125, 6.25, 2.75], "texture": "#0"},
				"down": {"uv": [3.1875, 6.25, 3, 6.3125], "texture": "#0"}
			}
		},
		{
			"from": [7.61, -4.25, 7.58],
			"to": [8.39, -3.86, 7.76],
			"rotation": {"angle": 0, "axis": "y", "origin": [3.2, -5.6, 3.2]},
			"faces": {
				"north": {"uv": [5.75, 2.75, 5.9375, 2.875], "texture": "#0"},
				"east": {"uv": [6.25, 5.25, 6.3125, 5.375], "texture": "#0"},
				"south": {"uv": [3, 5.75, 3.1875, 5.875], "texture": "#0"},
				"west": {"uv": [5.5, 6.25, 5.5625, 6.375], "texture": "#0"},
				"up": {"uv": [6.4375, 3.0625, 6.25, 3], "texture": "#0"},
				"down": {"uv": [3.4375, 6.25, 3.25, 6.3125], "texture": "#0"}
			}
		},
		{
			"from": [7.61, -4.25, 7.4],
			"to": [8.39, -4.04, 7.58],
			"rotation": {"angle": 0, "axis": "y", "origin": [3.2, -5.6, 3.2]},
			"faces": {
				"north": {"uv": [6.25, 3.25, 6.4375, 3.3125], "texture": "#0"},
				"east": {"uv": [4.25, 6.5, 4.3125, 6.5625], "texture": "#0"},
				"south": {"uv": [3.5, 6.25, 3.6875, 6.3125], "texture": "#0"},
				"west": {"uv": [6.5, 4.25, 6.5625, 4.3125], "texture": "#0"},
				"up": {"uv": [6.4375, 3.5625, 6.25, 3.5], "texture": "#0"},
				"down": {"uv": [3.9375, 6.25, 3.75, 6.3125], "texture": "#0"}
			}
		},
		{
			"from": [7.61, -3.95409, 14.36562],
			"to": [8.39, -1.83309, 14.54562],
			"rotation": {"angle": 45, "axis": "x", "origin": [3.2, 4.59591, 10.40562]},
			"faces": {
				"north": {"uv": [4.25, 1.5, 4.4375, 2], "texture": "#0"},
				"east": {"uv": [5, 5.25, 5.0625, 5.75], "texture": "#0"},
				"south": {"uv": [4.25, 2, 4.4375, 2.5], "texture": "#0"},
				"west": {"uv": [5.25, 5.25, 5.3125, 5.75], "texture": "#0"},
				"up": {"uv": [6.4375, 3.8125, 6.25, 3.75], "texture": "#0"},
				"down": {"uv": [4.1875, 6.25, 4, 6.3125], "texture": "#0"}
			}
		},
		{
			"from": [7.76, -3.05409, 14.18562],
			"to": [8.24, -1.88309, 14.36562],
			"rotation": {"angle": 45, "axis": "x", "origin": [3.2, 4.59591, 10.40562]},
			"faces": {
				"north": {"uv": [2.75, 5, 2.875, 5.3125], "texture": "#0"},
				"east": {"uv": [4.25, 5.75, 4.3125, 6.0625], "texture": "#0"},
				"south": {"uv": [3.5, 5, 3.625, 5.3125], "texture": "#0"},
				"west": {"uv": [5.75, 4.25, 5.8125, 4.5625], "texture": "#0"},
				"up": {"uv": [6.375, 5.5625, 6.25, 5.5], "texture": "#0"},
				"down": {"uv": [5.875, 6.25, 5.75, 6.3125], "texture": "#0"}
			}
		},
		{
			"from": [7.67, -15.2, 7.46],
			"to": [8.33, -14.6, 8.3],
			"rotation": {"angle": 0, "axis": "y", "origin": [3.2, -5.6, 3.2]},
			"faces": {
				"north": {"uv": [5.75, 3, 5.9375, 3.125], "texture": "#0"},
				"east": {"uv": [3.25, 5.75, 3.4375, 5.875], "texture": "#0"},
				"south": {"uv": [5.75, 3.25, 5.9375, 3.375], "texture": "#0"},
				"west": {"uv": [3.5, 5.75, 3.6875, 5.875], "texture": "#0"},
				"up": {"uv": [5.4375, 3.6875, 5.25, 3.5], "texture": "#0"},
				"down": {"uv": [3.9375, 5.25, 3.75, 5.4375], "texture": "#0"}
			}
		},
		{
			"from": [7.67, -13.64713, 10.84322],
			"to": [8.33, -12.89713, 11.47322],
			"rotation": {"angle": 22.5, "axis": "x", "origin": [3.2, -6.44713, 5.98322]},
			"faces": {
				"north": {"uv": [5.25, 3.75, 5.4375, 3.9375], "texture": "#0"},
				"east": {"uv": [4, 5.25, 4.1875, 5.4375], "texture": "#0"},
				"south": {"uv": [5.25, 4, 5.4375, 4.1875], "texture": "#0"},
				"west": {"uv": [4.25, 5.25, 4.4375, 5.4375], "texture": "#0"},
				"up": {"uv": [4.6875, 5.4375, 4.5, 5.25], "texture": "#0"},
				"down": {"uv": [4.9375, 5.25, 4.75, 5.4375], "texture": "#0"}
			}
		},
		{
			"from": [7.55, -14.6, 7.1],
			"to": [8.45, -14.15, 8.9],
			"rotation": {"angle": 0, "axis": "y", "origin": [3.2, -5.6, 3.2]},
			"faces": {
				"north": {"uv": [5.5, 0.25, 5.75, 0.375], "texture": "#0"},
				"east": {"uv": [4.75, 2, 5.1875, 2.125], "texture": "#0"},
				"south": {"uv": [5.5, 0.5, 5.75, 0.625], "texture": "#0"},
				"west": {"uv": [4.75, 2.25, 5.1875, 2.375], "texture": "#0"},
				"up": {"uv": [4.25, 0.4375, 4, 0], "texture": "#0"},
				"down": {"uv": [4.25, 0.5, 4, 0.9375], "texture": "#0"}
			}
		},
		{
			"from": [7.55, -14.09, 7.1],
			"to": [8.45, -13.64, 8.9],
			"rotation": {"angle": 0, "axis": "y", "origin": [3.2, -5.6, 3.2]},
			"faces": {
				"north": {"uv": [5.5, 2.5, 5.75, 2.625], "texture": "#0"},
				"east": {"uv": [4.75, 2.5, 5.1875, 2.625], "texture": "#0"},
				"south": {"uv": [2.75, 5.5, 3, 5.625], "texture": "#0"},
				"west": {"uv": [4.75, 2.75, 5.1875, 2.875], "texture": "#0"},
				"up": {"uv": [4.25, 1.4375, 4, 1], "texture": "#0"},
				"down": {"uv": [4.25, 1.5, 4, 1.9375], "texture": "#0"}
			}
		},
		{
			"from": [7.55, -13.58, 7.1],
			"to": [8.45, -13.13, 8.9],
			"rotation": {"angle": 0, "axis": "y", "origin": [3.2, -5.6, 3.2]},
			"faces": {
				"north": {"uv": [5.5, 2.75, 5.75, 2.875], "texture": "#0"},
				"east": {"uv": [4.75, 3, 5.1875, 3.125], "texture": "#0"},
				"south": {"uv": [5.5, 3, 5.75, 3.125], "texture": "#0"},
				"west": {"uv": [4.75, 3.25, 5.1875, 3.375], "texture": "#0"},
				"up": {"uv": [4.25, 2.4375, 4, 2], "texture": "#0"},
				"down": {"uv": [4.25, 2.5, 4, 2.9375], "texture": "#0"}
			}
		},
		{
			"from": [7.55, -13.07, 7.1],
			"to": [8.45, -12.62, 8.9],
			"rotation": {"angle": 0, "axis": "y", "origin": [3.2, -5.6, 3.2]},
			"faces": {
				"north": {"uv": [3.25, 5.5, 3.5, 5.625], "texture": "#0"},
				"east": {"uv": [3.5, 4.75, 3.9375, 4.875], "texture": "#0"},
				"south": {"uv": [5.5, 3.25, 5.75, 3.375], "texture": "#0"},
				"west": {"uv": [4.75, 3.5, 5.1875, 3.625], "texture": "#0"},
				"up": {"uv": [4.25, 4.1875, 4, 3.75], "texture": "#0"},
				"down": {"uv": [4.5, 0, 4.25, 0.4375], "texture": "#0"}
			}
		},
		{
			"from": [7.55, -12.56, 7.1],
			"to": [8.45, -12.11, 8.9],
			"rotation": {"angle": 0, "axis": "y", "origin": [3.2, -5.6, 3.2]},
			"faces": {
				"north": {"uv": [3.5, 5.5, 3.75, 5.625], "texture": "#0"},
				"east": {"uv": [4.75, 3.75, 5.1875, 3.875], "texture": "#0"},
				"south": {"uv": [5.5, 3.5, 5.75, 3.625], "texture": "#0"},
				"west": {"uv": [4.75, 4, 5.1875, 4.125], "texture": "#0"},
				"up": {"uv": [4.5, 0.9375, 4.25, 0.5], "texture": "#0"},
				"down": {"uv": [4.5, 1, 4.25, 1.4375], "texture": "#0"}
			}
		},
		{
			"from": [7.55, -12.05, 7.1],
			"to": [8.45, -11.6, 8.6],
			"rotation": {"angle": 0, "axis": "y", "origin": [3.2, -5.6, 3.2]},
			"faces": {
				"north": {"uv": [3.75, 5.5, 4, 5.625], "texture": "#0"},
				"east": {"uv": [5, 0.25, 5.375, 0.375], "texture": "#0"},
				"south": {"uv": [5.5, 3.75, 5.75, 3.875], "texture": "#0"},
				"west": {"uv": [5, 0.5, 5.375, 0.625], "texture": "#0"},
				"up": {"uv": [4.5, 2.875, 4.25, 2.5], "texture": "#0"},
				"down": {"uv": [4.5, 3, 4.25, 3.375], "texture": "#0"}
			}
		},
		{
			"from": [7.55, -11.6, 8.45],
			"to": [8.45, -6.95, 8.6],
			"rotation": {"angle": 0, "axis": "y", "origin": [3.2, -5.6, 3.2]},
			"faces": {
				"north": {"uv": [3.5, 0, 3.75, 1.1875], "texture": "#0"},
				"east": {"uv": [4.25, 4, 4.3125, 5.1875], "texture": "#0"},
				"south": {"uv": [3.5, 1.25, 3.75, 2.4375], "texture": "#0"},
				"west": {"uv": [4.5, 0, 4.5625, 1.1875], "texture": "#0"},
				"up": {"uv": [3.5, 6.0625, 3.25, 6], "texture": "#0"},
				"down": {"uv": [6.25, 3.25, 6, 3.3125], "texture": "#0"}
			}
		},
		{
			"from": [7.55, -11.54, 7.1],
			"to": [8.45, -11.09, 8.3],
			"rotation": {"angle": 0, "axis": "y", "origin": [3.2, -5.6, 3.2]},
			"faces": {
				"north": {"uv": [4, 5.5, 4.25, 5.625], "texture": "#0"},
				"east": {"uv": [3.75, 5, 4.0625, 5.125], "texture": "#0"},
				"south": {"uv": [5.5, 4, 5.75, 4.125], "texture": "#0"},
				"west": {"uv": [4.5, 5, 4.8125, 5.125], "texture": "#0"},
				"up": {"uv": [4, 4.5625, 3.75, 4.25], "texture": "#0"},
				"down": {"uv": [4.25, 4.25, 4, 4.5625], "texture": "#0"}
			}
		},
		{
			"from": [7.55, -11.09, 8],
			"to": [8.45, -6.8, 8.3],
			"rotation": {"angle": 0, "axis": "y", "origin": [3.2, -5.6, 3.2]},
			"faces": {
				"north": {"uv": [3.5, 2.5, 3.75, 3.5625], "texture": "#0"},
				"east": {"uv": [4.5, 2.25, 4.5625, 3.3125], "texture": "#0"},
				"south": {"uv": [3.75, 0, 4, 1.0625], "texture": "#0"},
				"west": {"uv": [3, 4.5, 3.0625, 5.5625], "texture": "#0"},
				"up": {"uv": [3.75, 6.0625, 3.5, 6], "texture": "#0"},
				"down": {"uv": [6.25, 3.5, 6, 3.5625], "texture": "#0"}
			}
		},
		{
			"from": [7.55, -10.58, 7.55],
			"to": [8.45, -6.65, 7.85],
			"rotation": {"angle": 0, "axis": "y", "origin": [3.2, -5.6, 3.2]},
			"faces": {
				"north": {"uv": [3.75, 1.25, 4, 2.25], "texture": "#0"},
				"east": {"uv": [3.25, 4.5, 3.3125, 5.5], "texture": "#0"},
				"south": {"uv": [3.75, 2.25, 4, 3.25], "texture": "#0"},
				"west": {"uv": [4.5, 3.5, 4.5625, 4.5], "texture": "#0"},
				"up": {"uv": [6.25, 0.5625, 6, 0.5], "texture": "#0"},
				"down": {"uv": [2.75, 6, 2.5, 6.0625], "texture": "#0"}
			}
		},
		{
			"from": [7.55, -11.03, 7.1],
			"to": [8.45, -10.58, 7.85],
			"rotation": {"angle": 0, "axis": "y", "origin": [3.2, -5.6, 3.2]},
			"faces": {
				"north": {"uv": [4.25, 5.5, 4.5, 5.625], "texture": "#0"},
				"east": {"uv": [5.75, 3.5, 5.9375, 3.625], "texture": "#0"},
				"south": {"uv": [4.5, 5.5, 4.75, 5.625], "texture": "#0"},
				"west": {"uv": [3.75, 5.75, 3.9375, 5.875], "texture": "#0"},
				"up": {"uv": [5.25, 0.9375, 5, 0.75], "texture": "#0"},
				"down": {"uv": [5.25, 1, 5, 1.1875], "texture": "#0"}
			}
		},
		{
			"from": [7.1, -6.19372, 6.20125],
			"to": [8.9, -4.99372, 6.50125],
			"rotation": {"angle": 0, "axis": "x", "origin": [3.2, -7.39372, 3.20125]},
			"faces": {
				"north": {"uv": [3.75, 3.25, 4.1875, 3.5625], "texture": "#0"},
				"east": {"uv": [4.5, 5.75, 4.5625, 6.0625], "texture": "#0"},
				"south": {"uv": [3.5, 3.75, 3.9375, 4.0625], "texture": "#0"},
				"west": {"uv": [4.75, 5.75, 4.8125, 6.0625], "texture": "#0"},
				"up": {"uv": [6.1875, 0.8125, 5.75, 0.75], "texture": "#0"},
				"down": {"uv": [6.1875, 1, 5.75, 1.0625], "texture": "#0"}
			}
		},
		{
			"from": [7.1, -5, 6.2],
			"to": [8.9, -4.7, 9.95],
			"rotation": {"angle": 22.5, "axis": "x", "origin": [3.2, -5.6, 3.2]},
			"faces": {
				"north": {"uv": [5.75, 1.25, 6.1875, 1.3125], "texture": "#0"},
				"east": {"uv": [4.75, 1.5, 5.6875, 1.5625], "texture": "#0"},
				"south": {"uv": [5.75, 1.5, 6.1875, 1.5625], "texture": "#0"},
				"west": {"uv": [4.75, 1.75, 5.6875, 1.8125], "texture": "#0"},
				"up": {"uv": [3.4375, 0.9375, 3, 0], "texture": "#0"},
				"down": {"uv": [3.4375, 1, 3, 1.9375], "texture": "#0"}
			}
		},
		{
			"from": [7.46, -6.05, 7.22],
			"to": [8.54, -5.75, 7.82],
			"rotation": {"angle": 0, "axis": "y", "origin": [3.2, -5.6, 3.2]},
			"faces": {
				"north": {"uv": [3.75, 6, 4, 6.0625], "texture": "#0"},
				"east": {"uv": [6.25, 5.75, 6.375, 5.8125], "texture": "#0"},
				"south": {"uv": [6, 3.75, 6.25, 3.8125], "texture": "#0"},
				"west": {"uv": [6, 6.25, 6.125, 6.3125], "texture": "#0"},
				"up": {"uv": [5, 5.625, 4.75, 5.5], "texture": "#0"},
				"down": {"uv": [5.75, 4.75, 5.5, 4.875], "texture": "#0"}
			}
		},
		{
			"from": [7.46, -5.6, 7.22],
			"to": [8.54, -5.3, 7.82],
			"rotation": {"angle": 0, "axis": "y", "origin": [3.2, -5.6, 3.2]},
			"faces": {
				"north": {"uv": [6, 4, 6.25, 4.0625], "texture": "#0"},
				"east": {"uv": [6.25, 6, 6.375, 6.0625], "texture": "#0"},
				"south": {"uv": [6, 4.25, 6.25, 4.3125], "texture": "#0"},
				"west": {"uv": [6.25, 6.25, 6.375, 6.3125], "texture": "#0"},
				"up": {"uv": [5.75, 5.125, 5.5, 5], "texture": "#0"},
				"down": {"uv": [5.75, 5.25, 5.5, 5.375], "texture": "#0"}
			}
		},
		{
			"from": [7.46, -5.15, 7.22],
			"to": [8.54, -4.85, 7.82],
			"rotation": {"angle": 0, "axis": "y", "origin": [3.2, -5.6, 3.2]},
			"faces": {
				"north": {"uv": [6, 4.5, 6.25, 4.5625], "texture": "#0"},
				"east": {"uv": [6.5, 0, 6.625, 0.0625], "texture": "#0"},
				"south": {"uv": [5, 6, 5.25, 6.0625], "texture": "#0"},
				"west": {"uv": [6.5, 0.25, 6.625, 0.3125], "texture": "#0"},
				"up": {"uv": [5.75, 5.625, 5.5, 5.5], "texture": "#0"},
				"down": {"uv": [6, 0, 5.75, 0.125], "texture": "#0"}
			}
		},
		{
			"from": [7.46, -4.7, 7.22],
			"to": [8.54, -4.4, 7.82],
			"rotation": {"angle": 0, "axis": "y", "origin": [3.2, -5.6, 3.2]},
			"faces": {
				"north": {"uv": [5.25, 6, 5.5, 6.0625], "texture": "#0"},
				"east": {"uv": [6.5, 0.5, 6.625, 0.5625], "texture": "#0"},
				"south": {"uv": [5.5, 6, 5.75, 6.0625], "texture": "#0"},
				"west": {"uv": [6.5, 0.75, 6.625, 0.8125], "texture": "#0"},
				"up": {"uv": [6, 0.375, 5.75, 0.25], "texture": "#0"},
				"down": {"uv": [6, 0.5, 5.75, 0.625], "texture": "#0"}
			}
		},
		{
			"from": [7.4, -4.64, 7.28],
			"to": [8.6, -4.46, 7.76],
			"rotation": {"angle": 0, "axis": "y", "origin": [3.2, -5.6, 3.2]},
			"faces": {
				"north": {"uv": [5.75, 4.75, 6.0625, 4.8125], "texture": "#0"},
				"east": {"uv": [6.5, 1, 6.625, 1.0625], "texture": "#0"},
				"south": {"uv": [5, 5.75, 5.3125, 5.8125], "texture": "#0"},
				"west": {"uv": [6.5, 1.25, 6.625, 1.3125], "texture": "#0"},
				"up": {"uv": [5.3125, 4.875, 5, 4.75], "texture": "#0"},
				"down": {"uv": [5.3125, 5, 5, 5.125], "texture": "#0"}
			}
		},
		{
			"from": [7.4, -5.09, 7.28],
			"to": [8.6, -4.91, 7.76],
			"rotation": {"angle": 0, "axis": "y", "origin": [3.2, -5.6, 3.2]},
			"faces": {
				"north": {"uv": [5.75, 5, 6.0625, 5.0625], "texture": "#0"},
				"east": {"uv": [6.5, 1.5, 6.625, 1.5625], "texture": "#0"},
				"south": {"uv": [5.75, 5.25, 6.0625, 5.3125], "texture": "#0"},
				"west": {"uv": [6.5, 1.75, 6.625, 1.8125], "texture": "#0"},
				"up": {"uv": [5.5625, 0.125, 5.25, 0], "texture": "#0"},
				"down": {"uv": [5.5625, 0.75, 5.25, 0.875], "texture": "#0"}
			}
		},
		{
			"from": [7.4, -5.54, 7.28],
			"to": [8.6, -5.36, 7.76],
			"rotation": {"angle": 0, "axis": "y", "origin": [3.2, -5.6, 3.2]},
			"faces": {
				"north": {"uv": [5.5, 5.75, 5.8125, 5.8125], "texture": "#0"},
				"east": {"uv": [6.5, 2, 6.625, 2.0625], "texture": "#0"},
				"south": {"uv": [5.75, 5.5, 6.0625, 5.5625], "texture": "#0"},
				"west": {"uv": [6.5, 2.25, 6.625, 2.3125], "texture": "#0"},
				"up": {"uv": [5.5625, 1.125, 5.25, 1], "texture": "#0"},
				"down": {"uv": [5.5625, 1.25, 5.25, 1.375], "texture": "#0"}
			}
		},
		{
			"from": [7.4, -5.99, 7.28],
			"to": [8.6, -5.81, 7.76],
			"rotation": {"angle": 0, "axis": "y", "origin": [3.2, -5.6, 3.2]},
			"faces": {
				"north": {"uv": [6, 0, 6.3125, 0.0625], "texture": "#0"},
				"east": {"uv": [2.5, 6.5, 2.625, 6.5625], "texture": "#0"},
				"south": {"uv": [6, 0.25, 6.3125, 0.3125], "texture": "#0"},
				"west": {"uv": [6.5, 2.5, 6.625, 2.5625], "texture": "#0"},
				"up": {"uv": [5.5625, 2.125, 5.25, 2], "texture": "#0"},
				"down": {"uv": [5.5625, 2.25, 5.25, 2.375], "texture": "#0"}
			}
		},
		{
			"from": [7.98812, 25.14864, 7.25365],
			"to": [7.98812, 27.02244, 7.73965],
			"rotation": {"angle": 0, "axis": "y", "origin": [3.761, 9.48864, -0.81935]},
			"faces": {
				"north": {"uv": [0, 0, 0, 0.5], "texture": "#0"},
				"east": {"uv": [4.5, 4.5, 4.625, 5], "texture": "#0"},
				"south": {"uv": [0, 0, 0, 0.5], "texture": "#0"},
				"west": {"uv": [4.75, 0, 4.875, 0.5], "texture": "#0"},
				"up": {"uv": [0, 0.125, 0, 0], "texture": "#0"},
				"down": {"uv": [0, 0, 0, 0.125], "texture": "#0"}
			}
		},
		{
			"from": [8.0054, 19.08563, 9.75018],
			"to": [8.0054, 23.60527, 10.78518],
			"rotation": {"angle": -22.5, "axis": "x", "origin": [3.761, 18.18848, 1.28118]},
			"faces": {
				"north": {"uv": [0, 0, 0, 1.25], "texture": "#0"},
				"east": {"uv": [3, 2, 3.3125, 3.25], "texture": "#0"},
				"south": {"uv": [0, 0, 0, 1.25], "texture": "#0"},
				"west": {"uv": [3, 3.25, 3.3125, 4.5], "texture": "#0"},
				"up": {"uv": [0, 0.3125, 0, 0], "texture": "#0"},
				"down": {"uv": [0, 0, 0, 0.3125], "texture": "#0"}
			}
		},
		{
			"from": [7.98807, 21.1632, 12.93805],
			"to": [7.99347, 22.2027, 13.31605],
			"rotation": {"angle": -45, "axis": "x", "origin": [3.761, 17.56605, 3.81205]},
			"faces": {
				"north": {"uv": [6, 1.75, 6.0625, 2.0625], "texture": "#0"},
				"east": {"uv": [2.5, 5.25, 2.625, 5.5625], "texture": "#0"},
				"south": {"uv": [6, 2.25, 6.0625, 2.5625], "texture": "#0"},
				"west": {"uv": [5.25, 2.5, 5.375, 2.8125], "texture": "#0"},
				"up": {"uv": [3.3125, 6.625, 3.25, 6.5], "texture": "#0"},
				"down": {"uv": [6.5625, 3.25, 6.5, 3.375], "texture": "#0"}
			}
		},
		{
			"from": [8, -3.05463, 6.98378],
			"to": [8, 27.565, 7.25378],
			"rotation": {"angle": 0, "axis": "y", "origin": [3.761, -6.83463, 1.52978]},
			"faces": {
				"north": {"uv": [0, 0, 0, 8.5], "texture": "#0"},
				"east": {"uv": [2, 2.5, 2.0625, 11], "texture": "#0"},
				"south": {"uv": [0, 0, 0, 8.5], "texture": "#0"},
				"west": {"uv": [2.25, 2.5, 2.3125, 11], "texture": "#0"},
				"up": {"uv": [0, 0.0625, 0, 0], "texture": "#0"},
				"down": {"uv": [0, 0, 0, 0.0625], "texture": "#0"}
			}
		},
		{
			"from": [8, -2.52546, 7.25365],
			"to": [8, 25.14864, 8.68465],
			"rotation": {"angle": 0, "axis": "y", "origin": [3.761, -6.30546, -0.81935]},
			"faces": {
				"north": {"uv": [0, 0, 0, 7.6875], "texture": "#0"},
				"east": {"uv": [0, 0, 0.375, 7.6875], "texture": "#0"},
				"south": {"uv": [0, 0, 0, 7.6875], "texture": "#0"},
				"west": {"uv": [0.5, 0, 0.875, 7.6875], "texture": "#0"},
				"up": {"uv": [0, 0.375, 0, 0], "texture": "#0"},
				"down": {"uv": [0, 0, 0, 0.375], "texture": "#0"}
			}
		},
		{
			"from": [8.0054, -2.09473, 8.684],
			"to": [8.0054, 22.65437, 9.719],
			"rotation": {"angle": 0, "axis": "y", "origin": [3.7664, -8.79973, 0.21441]},
			"faces": {
				"north": {"uv": [0, 0, 0, 6.875], "texture": "#0"},
				"east": {"uv": [1, 0, 1.3125, 6.875], "texture": "#0"},
				"south": {"uv": [0, 0, 0, 6.875], "texture": "#0"},
				"west": {"uv": [1.5, 0, 1.8125, 6.875], "texture": "#0"},
				"up": {"uv": [0, 0.3125, 0, 0], "texture": "#0"},
				"down": {"uv": [0, 0, 0, 0.3125], "texture": "#0"}
			}
		},
		{
			"from": [8, -2.97769, 7.24321],
			"to": [8, -2.51869, 7.54921],
			"rotation": {"angle": 0, "axis": "y", "origin": [3.761, -6.21769, 1.84321]},
			"faces": {
				"north": {"uv": [0, 0, 0, 0.125], "texture": "#0"},
				"east": {"uv": [2.75, 6.5, 2.8125, 6.625], "texture": "#0"},
				"south": {"uv": [0, 0, 0, 0.125], "texture": "#0"},
				"west": {"uv": [6.5, 2.75, 6.5625, 2.875], "texture": "#0"},
				"up": {"uv": [0, 0.0625, 0, 0], "texture": "#0"},
				"down": {"uv": [0, 0, 0, 0.0625], "texture": "#0"}
			}
		},
		{
			"from": [8, -2.39269, 8.68321],
			"to": [8, -1.94494, 8.98921],
			"rotation": {"angle": 0, "axis": "y", "origin": [3.761, -6.21769, 1.84321]},
			"faces": {
				"north": {"uv": [0, 0, 0, 0.125], "texture": "#0"},
				"east": {"uv": [3.5, 6.5, 3.5625, 6.625], "texture": "#0"},
				"south": {"uv": [0, 0, 0, 0.125], "texture": "#0"},
				"west": {"uv": [6.5, 3.5, 6.5625, 3.625], "texture": "#0"},
				"up": {"uv": [0, 0.0625, 0, 0], "texture": "#0"},
				"down": {"uv": [0, 0, 0, 0.0625], "texture": "#0"}
			}
		},
		{
			"from": [8, -2.225, 8.98921],
			"to": [8, -1.946, 9.38521],
			"rotation": {"angle": 0, "axis": "y", "origin": [3.761, -6.21769, 1.83421]},
			"faces": {
				"north": {"uv": [0, 0, 0, 0.0625], "texture": "#0"},
				"east": {"uv": [3.75, 6.5, 3.875, 6.5625], "texture": "#0"},
				"south": {"uv": [0, 0, 0, 0.0625], "texture": "#0"},
				"west": {"uv": [6.5, 3.75, 6.625, 3.8125], "texture": "#0"},
				"up": {"uv": [0, 0.125, 0, 0], "texture": "#0"},
				"down": {"uv": [0, 0, 0, 0.125], "texture": "#0"}
			}
		},
		{
			"from": [8, -1.69768, 4.63006],
			"to": [8, -1.53568, 7.52896],
			"rotation": {"angle": -22.5, "axis": "x", "origin": [3.761, 3.62132, 9.62506]},
			"faces": {
				"north": {"uv": [0, 0, 0, 0.0625], "texture": "#0"},
				"east": {"uv": [4.75, 4.25, 5.5625, 4.3125], "texture": "#0"},
				"south": {"uv": [0, 0, 0, 0.0625], "texture": "#0"},
				"west": {"uv": [4.75, 4.5, 5.5625, 4.5625], "texture": "#0"},
				"up": {"uv": [0, 0.8125, 0, 0], "texture": "#0"},
				"down": {"uv": [0, 0, 0, 0.8125], "texture": "#0"}
			}
		},
		{
			"from": [8, -2.87869, 7.54921],
			"to": [8, -2.65369, 7.99921],
			"rotation": {"angle": 0, "axis": "y", "origin": [3.761, -6.21769, 1.84321]},
			"faces": {
				"north": {"uv": [0, 0, 0, 0.0625], "texture": "#0"},
				"east": {"uv": [3, 6.5, 3.125, 6.5625], "texture": "#0"},
				"south": {"uv": [0, 0, 0, 0.0625], "texture": "#0"},
				"west": {"uv": [6.5, 3, 6.625, 3.0625], "texture": "#0"},
				"up": {"uv": [0, 0.125, 0, 0], "texture": "#0"},
				"down": {"uv": [0, 0, 0, 0.125], "texture": "#0"}
			}
		},
		{
			"from": [8, -2.65369, 7.54921],
			"to": [8, -2.51869, 8.26921],
			"rotation": {"angle": 0, "axis": "y", "origin": [3.761, -6.21769, 1.84321]},
			"faces": {
				"north": {"uv": [0, 0, 0, 0.0625], "texture": "#0"},
				"east": {"uv": [6.25, 4.25, 6.4375, 4.3125], "texture": "#0"},
				"south": {"uv": [0, 0, 0, 0.0625], "texture": "#0"},
				"west": {"uv": [4.5, 6.25, 4.6875, 6.3125], "texture": "#0"},
				"up": {"uv": [0, 0.1875, 0, 0], "texture": "#0"},
				"down": {"uv": [0, 0, 0, 0.1875], "texture": "#0"}
			}
		},
		{
			"from": [7.865, -3.33769, 7.775],
			"to": [8.135, -2.43769, 8.387],
			"rotation": {"angle": 0, "axis": "y", "origin": [3.761, 2.37731, 1.34821]},
			"faces": {
				"north": {"uv": [5.75, 6, 5.8125, 6.25], "texture": "#0"},
				"east": {"uv": [5, 1.25, 5.1875, 1.5], "texture": "#0"},
				"south": {"uv": [6, 5.75, 6.0625, 6], "texture": "#0"},
				"west": {"uv": [2.5, 5, 2.6875, 5.25], "texture": "#0"},
				"up": {"uv": [6.3125, 4.1875, 6.25, 4], "texture": "#0"},
				"down": {"uv": [4.3125, 6.25, 4.25, 6.4375], "texture": "#0"}
			}
		}
	],
	"display": {
		"thirdperson_righthand": {
			"rotation": [0, -180, 0],
			"translation": [0, 12, 1.75],
			"scale": [0.75, 0.75, 0.75]
		},
		"thirdperson_lefthand": {
			"rotation": [0, -180, 0],
			"translation": [0, 12, 1.75],
			"scale": [0.75, 0.75, 0.75]
		},
		"firstperson_righthand": {
			"rotation": [-10, -180, 0],
			"translation": [3.75, 8.25, 0],
			"scale": [0.5, 0.5, 0.5]
		},
		"firstperson_lefthand": {
			"rotation": [-10, -180, 0],
			"translation": [3.75, 8.25, 0],
			"scale": [0.5, 0.5, 0.5]
		},
		"ground": {
			"translation": [0, 2, 0],
			"scale": [0.25, 0.25, 0.25]
		},
		"gui": {
			"rotation": [45, 45, -75],
			"scale": [0.5, 0.5, 0.5]
		},
		"fixed": {
			"rotation": [0, 90, 0],
			"translation": [0, 0, -0.75]
		}
	},
	"groups": [
		{
			"name": "Dark Saber",
			"origin": [8, 8, 8],
			"children": [
				{
					"name": "Hilt",
					"origin": [8, 8, 8],
					"children": [0, 1, 2, 3, 4, 5, 6, 7, 8, 9, 10, 11, 12, 13, 14, 15, 16, 17, 18, 19, 20, 21, 22, 23, 24]
				},
				{
					"name": "Details",
					"origin": [8, 8, 8],
					"children": [
						{
							"name": "Guard",
							"origin": [8, 8, 8],
							"children": [25, 26]
						},
						{
							"name": "Lights",
							"origin": [8, 8, 8],
							"children": [27, 28, 29, 30, 31, 32, 33, 34]
						}
					]
				},
				{
					"name": "Blade",
					"origin": [8, 8, 8],
					"children": [35, 36, 37,
						{
							"name": "Bottom",
							"origin": [8, 8, 8],
							"children": [38, 39, 40, 41, 42, 43, 44, 45, 46]
						}, 47]
				}
			]
		}
	]
}