{
	"credit": "Made by Larkyy",
	"texture_size": [32, 32],
	"textures": {
		"0": "other/soulshardjar",
		"1": "other/magma",
		"4": "other/animatedsoul",
		"particle": "other/soulshardjar"
	},
	"elements": [
		{
			"from": [6.32187, 4.0625, 8.79687],
			"to": [7.07187, 4.8125, 9.54687],
			"rotation": {"angle": 0, "axis": "y", "origin": [8, 4.29375, 8]},
			"faces": {
				"north": {"uv": [5.25, 3.75, 5.25, 3.75], "texture": "#4"},
				"east": {"uv": [5.25, 3.75, 5.25, 3.75], "texture": "#4"},
				"south": {"uv": [5.25, 3.75, 5.25, 3.75], "texture": "#4"},
				"west": {"uv": [5.25, 3.75, 5.25, 3.75], "texture": "#4"},
				"up": {"uv": [5.25, 3.75, 5.25, 3.75], "texture": "#4"},
				"down": {"uv": [5.25, 3.75, 5.25, 3.75], "texture": "#4"}
			}
		},
		{
			"from": [6.88512, 3.31325, 8.23513],
			"to": [7.63362, 4.06175, 8.98362],
			"rotation": {"angle": 0, "axis": "y", "origin": [8, 4.29375, 8]},
			"faces": {
				"north": {"uv": [5.25, 3.75, 5.25, 3.75], "texture": "#4"},
				"east": {"uv": [5.25, 3.75, 5.25, 3.75], "texture": "#4"},
				"south": {"uv": [5.25, 3.75, 5.25, 3.75], "texture": "#4"},
				"west": {"uv": [5.25, 3.75, 5.25, 3.75], "texture": "#4"},
				"up": {"uv": [5.25, 3.75, 5.25, 3.75], "texture": "#4"},
				"down": {"uv": [5.25, 3.75, 5.25, 3.75], "texture": "#4"}
			}
		},
		{
			"from": [7.25937, 3.3125, 7.85937],
			"to": [8.00937, 4.0625, 8.60937],
			"rotation": {"angle": 0, "axis": "y", "origin": [8, 4.29375, 8]},
			"faces": {
				"north": {"uv": [5.25, 3.75, 5.25, 3.75], "texture": "#4"},
				"east": {"uv": [5.25, 3.75, 5.25, 3.75], "texture": "#4"},
				"south": {"uv": [5.25, 3.75, 5.25, 3.75], "texture": "#4"},
				"west": {"uv": [5.25, 3.75, 5.25, 3.75], "texture": "#4"},
				"up": {"uv": [5.25, 3.75, 5.25, 3.75], "texture": "#4"},
				"down": {"uv": [5.25, 3.75, 5.25, 3.75], "texture": "#4"}
			}
		},
		{
			"from": [7.63437, 3.6875, 7.48437],
			"to": [8.57187, 4.4375, 8.42187],
			"rotation": {"angle": 0, "axis": "y", "origin": [8, 4.29375, 8]},
			"faces": {
				"north": {"uv": [5.25, 3.75, 5.25, 3.75], "texture": "#4"},
				"east": {"uv": [5.25, 3.75, 5.25, 3.75], "texture": "#4"},
				"south": {"uv": [5.25, 3.75, 5.25, 3.75], "texture": "#4"},
				"west": {"uv": [5.25, 3.75, 5.25, 3.75], "texture": "#4"},
				"up": {"uv": [5.25, 3.75, 5.25, 3.75], "texture": "#4"},
				"down": {"uv": [5.25, 3.75, 5.25, 3.75], "texture": "#4"}
			}
		},
		{
			"from": [7.82188, 4.4375, 7.10938],
			"to": [8.94688, 5.375, 8.23438],
			"rotation": {"angle": 0, "axis": "y", "origin": [8, 4.29375, 8]},
			"faces": {
				"north": {"uv": [5.25, 3.75, 5.25, 3.75], "texture": "#4"},
				"east": {"uv": [5.25, 3.75, 5.25, 3.75], "texture": "#4"},
				"south": {"uv": [5.25, 3.75, 5.25, 3.75], "texture": "#4"},
				"west": {"uv": [5.25, 3.75, 5.25, 3.75], "texture": "#4"},
				"up": {"uv": [5.25, 3.75, 5.25, 3.75], "texture": "#4"},
				"down": {"uv": [5.25, 3.75, 5.25, 3.75], "texture": "#4"}
			}
		},
		{
			"from": [7.44688, 5.375, 6.73438],
			"to": [9.32188, 6.125, 8.60938],
			"rotation": {"angle": 0, "axis": "y", "origin": [8, 4.29375, 8]},
			"faces": {
				"north": {"uv": [5.25, 3.75, 5.25, 3.75], "texture": "#4"},
				"east": {"uv": [5.25, 3.75, 5.25, 3.75], "texture": "#4"},
				"south": {"uv": [5.25, 3.75, 5.25, 3.75], "texture": "#4"},
				"west": {"uv": [5.25, 3.75, 5.25, 3.75], "texture": "#4"},
				"up": {"uv": [5.25, 3.75, 5.25, 3.75], "texture": "#4"},
				"down": {"uv": [5.25, 3.75, 5.25, 3.75], "texture": "#4"}
			}
		},
		{
			"from": [6.69688, 6.125, 5.98438],
			"to": [10.07188, 6.875, 9.35938],
			"rotation": {"angle": 0, "axis": "y", "origin": [8, 4.29375, 8]},
			"faces": {
				"north": {"uv": [5.25, 3.75, 5.25, 3.75], "texture": "#4"},
				"east": {"uv": [5.25, 3.75, 5.25, 3.75], "texture": "#4"},
				"south": {"uv": [5.25, 3.75, 5.25, 3.75], "texture": "#4"},
				"west": {"uv": [5.25, 3.75, 5.25, 3.75], "texture": "#4"},
				"up": {"uv": [5.25, 3.75, 5.25, 3.75], "texture": "#4"},
				"down": {"uv": [5.25, 3.75, 5.25, 3.75], "texture": "#4"}
			}
		},
		{
			"from": [6.32263, 6.87575, 5.04763],
			"to": [10.44613, 11.37425, 10.29613],
			"rotation": {"angle": 0, "axis": "y", "origin": [8, 4.29375, 8]},
			"faces": {
				"north": {"uv": [5.25, 3.75, 5.25, 3.75], "texture": "#4"},
				"east": {"uv": [5.25, 3.75, 5.25, 3.75], "texture": "#4"},
				"south": {"uv": [0, 0, 4, 4], "texture": "#4"},
				"west": {"uv": [5.25, 3.75, 5.25, 3.75], "texture": "#4"},
				"up": {"uv": [5.25, 3.75, 5.25, 3.75], "texture": "#4"},
				"down": {"uv": [5.25, 3.75, 5.25, 3.75], "texture": "#4"}
			}
		},
		{
			"from": [6.32188, 11.375, 5.60938],
			"to": [10.44688, 11.9375, 9.73438],
			"rotation": {"angle": 0, "axis": "y", "origin": [8, 4.29375, 8]},
			"faces": {
				"north": {"uv": [5.25, 3.75, 5.25, 3.75], "texture": "#4"},
				"east": {"uv": [5.25, 3.75, 5.25, 3.75], "texture": "#4"},
				"south": {"uv": [5.25, 3.75, 5.25, 3.75], "texture": "#4"},
				"west": {"uv": [5.25, 3.75, 5.25, 3.75], "texture": "#4"},
				"up": {"uv": [5.25, 3.75, 5.25, 3.75], "texture": "#4"},
				"down": {"uv": [5.25, 3.75, 5.25, 3.75], "texture": "#4"}
			}
		},
		{
			"from": [5.75938, 6.875, 5.60938],
			"to": [11.00938, 11.375, 9.73438],
			"rotation": {"angle": 0, "axis": "y", "origin": [8, 4.29375, 8]},
			"faces": {
				"north": {"uv": [5.25, 3.75, 5.25, 3.75], "texture": "#4"},
				"east": {"uv": [5.25, 3.75, 5.25, 3.75], "texture": "#4"},
				"south": {"uv": [5.25, 3.75, 5.25, 3.75], "texture": "#4"},
				"west": {"uv": [5.25, 3.75, 5.25, 3.75], "texture": "#4"},
				"up": {"uv": [5.25, 3.75, 5.25, 3.75], "texture": "#4"},
				"down": {"uv": [5.25, 3.75, 5.25, 3.75], "texture": "#4"}
			}
		},
		{
			"from": [6.32187, 3.8125, 8.79687],
			"to": [7.07187, 4.5625, 9.54687],
			"rotation": {"angle": 0, "axis": "y", "origin": [8, 4.29375, 8]},
			"faces": {
				"north": {"uv": [12.5, 3.25, 12.5, 3.25], "texture": "#4"},
				"east": {"uv": [12.5, 3.25, 12.5, 3.25], "texture": "#4"},
				"south": {"uv": [12.5, 3.25, 12.5, 3.25], "texture": "#4"},
				"west": {"uv": [12.5, 3.25, 12.5, 3.25], "texture": "#4"},
				"up": {"uv": [12.5, 3.25, 12.5, 3.25], "texture": "#4"},
				"down": {"uv": [12.5, 3.25, 12.5, 3.25], "texture": "#4"}
			}
		},
		{
			"from": [6.88512, 3.06325, 8.23513],
			"to": [7.63362, 3.81175, 8.98362],
			"rotation": {"angle": 0, "axis": "y", "origin": [8, 4.29375, 8]},
			"faces": {
				"north": {"uv": [12.5, 3.25, 12.5, 3.25], "texture": "#4"},
				"east": {"uv": [12.5, 3.25, 12.5, 3.25], "texture": "#4"},
				"south": {"uv": [12.5, 3.25, 12.5, 3.25], "texture": "#4"},
				"west": {"uv": [12.5, 3.25, 12.5, 3.25], "texture": "#4"},
				"up": {"uv": [12.5, 3.25, 12.5, 3.25], "texture": "#4"},
				"down": {"uv": [12.5, 3.25, 12.5, 3.25], "texture": "#4"}
			}
		},
		{
			"from": [7.25937, 3.0625, 7.85937],
			"to": [8.00937, 3.8125, 8.60937],
			"rotation": {"angle": 0, "axis": "y", "origin": [8, 4.29375, 8]},
			"faces": {
				"north": {"uv": [12.5, 3.25, 12.5, 3.25], "texture": "#4"},
				"east": {"uv": [12.5, 3.25, 12.5, 3.25], "texture": "#4"},
				"south": {"uv": [12.5, 3.25, 12.5, 3.25], "texture": "#4"},
				"west": {"uv": [12.5, 3.25, 12.5, 3.25], "texture": "#4"},
				"up": {"uv": [12.5, 3.25, 12.5, 3.25], "texture": "#4"},
				"down": {"uv": [12.5, 3.25, 12.5, 3.25], "texture": "#4"}
			}
		},
		{
			"from": [7.63437, 3.4375, 7.48437],
			"to": [8.57187, 4.1875, 8.42187],
			"rotation": {"angle": 0, "axis": "y", "origin": [8, 4.29375, 8]},
			"faces": {
				"north": {"uv": [12.5, 3.25, 12.5, 3.25], "texture": "#4"},
				"east": {"uv": [12.5, 3.25, 12.5, 3.25], "texture": "#4"},
				"south": {"uv": [12.5, 3.25, 12.5, 3.25], "texture": "#4"},
				"west": {"uv": [12.5, 3.25, 12.5, 3.25], "texture": "#4"},
				"up": {"uv": [12.5, 3.25, 12.5, 3.25], "texture": "#4"},
				"down": {"uv": [12.5, 3.25, 12.5, 3.25], "texture": "#4"}
			}
		},
		{
			"from": [7.82188, 4.1875, 7.10938],
			"to": [8.94688, 5.125, 8.23438],
			"rotation": {"angle": 0, "axis": "y", "origin": [8, 4.29375, 8]},
			"faces": {
				"north": {"uv": [12.5, 3.25, 12.5, 3.25], "texture": "#4"},
				"east": {"uv": [12.5, 3.25, 12.5, 3.25], "texture": "#4"},
				"south": {"uv": [12.5, 3.25, 12.5, 3.25], "texture": "#4"},
				"west": {"uv": [12.5, 3.25, 12.5, 3.25], "texture": "#4"},
				"up": {"uv": [12.5, 3.25, 12.5, 3.25], "texture": "#4"},
				"down": {"uv": [12.5, 3.25, 12.5, 3.25], "texture": "#4"}
			}
		},
		{
			"from": [7.44688, 5.125, 6.73438],
			"to": [9.32188, 5.875, 8.60938],
			"rotation": {"angle": 0, "axis": "y", "origin": [8, 4.29375, 8]},
			"faces": {
				"north": {"uv": [12.5, 3.25, 12.5, 3.25], "texture": "#4"},
				"east": {"uv": [12.5, 3.25, 12.5, 3.25], "texture": "#4"},
				"south": {"uv": [12.5, 3.25, 12.5, 3.25], "texture": "#4"},
				"west": {"uv": [12.5, 3.25, 12.5, 3.25], "texture": "#4"},
				"up": {"uv": [12.5, 3.25, 12.5, 3.25], "texture": "#4"},
				"down": {"uv": [12.5, 3.25, 12.5, 3.25], "texture": "#4"}
			}
		},
		{
			"from": [6.69688, 5.875, 5.98438],
			"to": [10.07188, 6.625, 9.35938],
			"rotation": {"angle": 0, "axis": "y", "origin": [8, 4.29375, 8]},
			"faces": {
				"north": {"uv": [12.5, 3.25, 12.5, 3.25], "texture": "#4"},
				"east": {"uv": [12.5, 3.25, 12.5, 3.25], "texture": "#4"},
				"south": {"uv": [12.5, 3.25, 12.5, 3.25], "texture": "#4"},
				"west": {"uv": [12.5, 3.25, 12.5, 3.25], "texture": "#4"},
				"up": {"uv": [12.5, 3.25, 12.5, 3.25], "texture": "#4"},
				"down": {"uv": [12.5, 3.25, 12.5, 3.25], "texture": "#4"}
			}
		},
		{
			"from": [6.32263, 6.62575, 5.04763],
			"to": [10.44613, 11.12425, 10.29613],
			"rotation": {"angle": 0, "axis": "y", "origin": [8, 4.29375, 8]},
			"faces": {
				"north": {"uv": [12.5, 3.25, 12.5, 3.25], "texture": "#4"},
				"east": {"uv": [8.25, 0.25, 8.25, 0.25], "texture": "#4"},
				"south": {"uv": [8, 0, 12, 4], "texture": "#4"},
				"west": {"uv": [12.5, 3.25, 12.5, 3.25], "texture": "#4"},
				"up": {"uv": [12.5, 3.25, 12.5, 3.25], "texture": "#4"},
				"down": {"uv": [12.5, 3.25, 12.5, 3.25], "texture": "#4"}
			}
		},
		{
			"from": [6.32188, 11.125, 5.60938],
			"to": [10.44688, 11.6875, 9.73438],
			"rotation": {"angle": 0, "axis": "y", "origin": [8, 4.29375, 8]},
			"faces": {
				"north": {"uv": [12.5, 3.25, 12.5, 3.25], "texture": "#4"},
				"east": {"uv": [12.5, 3.25, 12.5, 3.25], "texture": "#4"},
				"south": {"uv": [12.5, 3.25, 12.5, 3.25], "texture": "#4"},
				"west": {"uv": [12.5, 3.25, 12.5, 3.25], "texture": "#4"},
				"up": {"uv": [12.5, 3.25, 12.5, 3.25], "texture": "#4"},
				"down": {"uv": [12.5, 3.25, 12.5, 3.25], "texture": "#4"}
			}
		},
		{
			"from": [5.75938, 6.625, 5.60938],
			"to": [11.00938, 11.125, 9.73438],
			"rotation": {"angle": 0, "axis": "y", "origin": [8, 4.29375, 8]},
			"faces": {
				"north": {"uv": [12.5, 3.25, 12.5, 3.25], "texture": "#4"},
				"east": {"uv": [12.5, 3.25, 12.5, 3.25], "texture": "#4"},
				"south": {"uv": [12.5, 3.25, 12.5, 3.25], "texture": "#4"},
				"west": {"uv": [12.5, 3.25, 12.5, 3.25], "texture": "#4"},
				"up": {"uv": [12.5, 3.25, 12.5, 3.25], "texture": "#4"},
				"down": {"uv": [12.5, 3.25, 12.5, 3.25], "texture": "#4"}
			}
		},
		{
			"from": [6.32187, 3.0625, 8.79687],
			"to": [7.07187, 3.8125, 9.54687],
			"rotation": {"angle": 0, "axis": "y", "origin": [8, 4.29375, 8]},
			"faces": {
				"north": {"uv": [4.75, 11.5, 4.75, 11.5], "texture": "#4"},
				"east": {"uv": [4.75, 11.5, 4.75, 11.5], "texture": "#4"},
				"south": {"uv": [4.75, 11.5, 4.75, 11.5], "texture": "#4"},
				"west": {"uv": [4.75, 11.5, 4.75, 11.5], "texture": "#4"},
				"up": {"uv": [4.75, 11.5, 4.75, 11.5], "texture": "#4"},
				"down": {"uv": [4.75, 11.5, 4.75, 11.5], "texture": "#4"}
			}
		},
		{
			"from": [6.88512, 2.31325, 8.23513],
			"to": [7.63362, 3.06175, 8.98362],
			"rotation": {"angle": 0, "axis": "y", "origin": [8, 4.29375, 8]},
			"faces": {
				"north": {"uv": [4.75, 11.5, 4.75, 11.5], "texture": "#4"},
				"east": {"uv": [4.75, 11.5, 4.75, 11.5], "texture": "#4"},
				"south": {"uv": [4.75, 11.5, 4.75, 11.5], "texture": "#4"},
				"west": {"uv": [4.75, 11.5, 4.75, 11.5], "texture": "#4"},
				"up": {"uv": [4.75, 11.5, 4.75, 11.5], "texture": "#4"},
				"down": {"uv": [4.75, 11.5, 4.75, 11.5], "texture": "#4"}
			}
		},
		{
			"from": [7.25937, 2.3125, 7.85937],
			"to": [8.00937, 3.0625, 8.60937],
			"rotation": {"angle": 0, "axis": "y", "origin": [8, 4.29375, 8]},
			"faces": {
				"north": {"uv": [4.75, 11.5, 4.75, 11.5], "texture": "#4"},
				"east": {"uv": [4.75, 11.5, 4.75, 11.5], "texture": "#4"},
				"south": {"uv": [4.75, 11.5, 4.75, 11.5], "texture": "#4"},
				"west": {"uv": [4.75, 11.5, 4.75, 11.5], "texture": "#4"},
				"up": {"uv": [4.75, 11.5, 4.75, 11.5], "texture": "#4"},
				"down": {"uv": [4.75, 11.5, 4.75, 11.5], "texture": "#4"}
			}
		},
		{
			"from": [7.63437, 2.6875, 7.48437],
			"to": [8.57187, 3.4375, 8.42187],
			"rotation": {"angle": 0, "axis": "y", "origin": [8, 4.29375, 8]},
			"faces": {
				"north": {"uv": [4.75, 11.5, 4.75, 11.5], "texture": "#4"},
				"east": {"uv": [4.75, 11.5, 4.75, 11.5], "texture": "#4"},
				"south": {"uv": [4.75, 11.5, 4.75, 11.5], "texture": "#4"},
				"west": {"uv": [4.75, 11.5, 4.75, 11.5], "texture": "#4"},
				"up": {"uv": [4.75, 11.5, 4.75, 11.5], "texture": "#4"},
				"down": {"uv": [4.75, 11.5, 4.75, 11.5], "texture": "#4"}
			}
		},
		{
			"from": [7.82188, 3.4375, 7.10938],
			"to": [8.94688, 4.375, 8.23438],
			"rotation": {"angle": 0, "axis": "y", "origin": [8, 4.29375, 8]},
			"faces": {
				"north": {"uv": [4.75, 11.5, 4.75, 11.5], "texture": "#4"},
				"east": {"uv": [4.75, 11.5, 4.75, 11.5], "texture": "#4"},
				"south": {"uv": [4.75, 11.5, 4.75, 11.5], "texture": "#4"},
				"west": {"uv": [4.75, 11.5, 4.75, 11.5], "texture": "#4"},
				"up": {"uv": [4.75, 11.5, 4.75, 11.5], "texture": "#4"},
				"down": {"uv": [4.75, 11.5, 4.75, 11.5], "texture": "#4"}
			}
		},
		{
			"from": [7.44688, 4.375, 6.73438],
			"to": [9.32188, 5.125, 8.60938],
			"rotation": {"angle": 0, "axis": "y", "origin": [8, 4.29375, 8]},
			"faces": {
				"north": {"uv": [4.75, 11.5, 4.75, 11.5], "texture": "#4"},
				"east": {"uv": [4.75, 11.5, 4.75, 11.5], "texture": "#4"},
				"south": {"uv": [4.75, 11.5, 4.75, 11.5], "texture": "#4"},
				"west": {"uv": [4.75, 11.5, 4.75, 11.5], "texture": "#4"},
				"up": {"uv": [4.75, 11.5, 4.75, 11.5], "texture": "#4"},
				"down": {"uv": [4.75, 11.5, 4.75, 11.5], "texture": "#4"}
			}
		},
		{
			"from": [6.69688, 5.125, 5.98438],
			"to": [10.07188, 5.875, 9.35938],
			"rotation": {"angle": 0, "axis": "y", "origin": [8, 4.29375, 8]},
			"faces": {
				"north": {"uv": [4.75, 11.5, 4.75, 11.5], "texture": "#4"},
				"east": {"uv": [4.75, 11.5, 4.75, 11.5], "texture": "#4"},
				"south": {"uv": [4.75, 11.5, 4.75, 11.5], "texture": "#4"},
				"west": {"uv": [4.75, 11.5, 4.75, 11.5], "texture": "#4"},
				"up": {"uv": [4.75, 11.5, 4.75, 11.5], "texture": "#4"},
				"down": {"uv": [4.75, 11.5, 4.75, 11.5], "texture": "#4"}
			}
		},
		{
			"from": [6.32263, 5.87575, 5.04763],
			"to": [10.44613, 10.37425, 10.29613],
			"rotation": {"angle": 0, "axis": "y", "origin": [8, 4.29375, 8]},
			"faces": {
				"north": {"uv": [4.75, 11.5, 4.75, 11.5], "texture": "#4"},
				"east": {"uv": [4.75, 11.5, 4.75, 11.5], "texture": "#4"},
				"south": {"uv": [0, 8, 4, 12], "texture": "#4"},
				"west": {"uv": [4.75, 11.5, 4.75, 11.5], "texture": "#4"},
				"up": {"uv": [4.75, 11.5, 4.75, 11.5], "texture": "#4"},
				"down": {"uv": [4.75, 11.5, 4.75, 11.5], "texture": "#4"}
			}
		},
		{
			"from": [6.32188, 10.375, 5.60938],
			"to": [10.44688, 10.9375, 9.73438],
			"rotation": {"angle": 0, "axis": "y", "origin": [8, 4.29375, 8]},
			"faces": {
				"north": {"uv": [4.75, 11.5, 4.75, 11.5], "texture": "#4"},
				"east": {"uv": [4.75, 11.5, 4.75, 11.5], "texture": "#4"},
				"south": {"uv": [4.75, 11.5, 4.75, 11.5], "texture": "#4"},
				"west": {"uv": [4.75, 11.5, 4.75, 11.5], "texture": "#4"},
				"up": {"uv": [4.75, 11.5, 4.75, 11.5], "texture": "#4"},
				"down": {"uv": [4.75, 11.5, 4.75, 11.5], "texture": "#4"}
			}
		},
		{
			"from": [5.75938, 5.875, 5.60938],
			"to": [11.00938, 10.375, 9.73438],
			"rotation": {"angle": 0, "axis": "y", "origin": [8, 4.29375, 8]},
			"faces": {
				"north": {"uv": [4.75, 11.5, 4.75, 11.5], "texture": "#4"},
				"east": {"uv": [4.75, 11.5, 4.75, 11.5], "texture": "#4"},
				"south": {"uv": [4.75, 11.5, 4.75, 11.5], "texture": "#4"},
				"west": {"uv": [4.75, 11.5, 4.75, 11.5], "texture": "#4"},
				"up": {"uv": [4.75, 11.5, 4.75, 11.5], "texture": "#4"},
				"down": {"uv": [4.75, 11.5, 4.75, 11.5], "texture": "#4"}
			}
		},
		{
			"from": [6.32187, 2.5625, 8.79687],
			"to": [7.07187, 3.3125, 9.54687],
			"rotation": {"angle": 0, "axis": "y", "origin": [8, 4.29375, 8]},
			"faces": {
				"north": {"uv": [13, 12.25, 13, 12.25], "texture": "#4"},
				"east": {"uv": [13, 12.25, 13, 12.25], "texture": "#4"},
				"south": {"uv": [13, 12.25, 13, 12.25], "texture": "#4"},
				"west": {"uv": [13, 12.25, 13, 12.25], "texture": "#4"},
				"up": {"uv": [13, 12.25, 13, 12.25], "texture": "#4"},
				"down": {"uv": [13, 12.25, 13, 12.25], "texture": "#4"}
			}
		},
		{
			"from": [6.88512, 1.81325, 8.23513],
			"to": [7.63362, 2.56175, 8.98362],
			"rotation": {"angle": 0, "axis": "y", "origin": [8, 4.29375, 8]},
			"faces": {
				"north": {"uv": [13, 12.25, 13, 12.25], "texture": "#4"},
				"east": {"uv": [13, 12.25, 13, 12.25], "texture": "#4"},
				"south": {"uv": [13, 12.25, 13, 12.25], "texture": "#4"},
				"west": {"uv": [13, 12.25, 13, 12.25], "texture": "#4"},
				"up": {"uv": [13, 12.25, 13, 12.25], "texture": "#4"},
				"down": {"uv": [13, 12.25, 13, 12.25], "texture": "#4"}
			}
		},
		{
			"from": [7.25937, 1.8125, 7.85937],
			"to": [8.00937, 2.5625, 8.60937],
			"rotation": {"angle": 0, "axis": "y", "origin": [8, 4.29375, 8]},
			"faces": {
				"north": {"uv": [13, 12.25, 13, 12.25], "texture": "#4"},
				"east": {"uv": [13, 12.25, 13, 12.25], "texture": "#4"},
				"south": {"uv": [13, 12.25, 13, 12.25], "texture": "#4"},
				"west": {"uv": [13, 12.25, 13, 12.25], "texture": "#4"},
				"up": {"uv": [13, 12.25, 13, 12.25], "texture": "#4"},
				"down": {"uv": [13, 12.25, 13, 12.25], "texture": "#4"}
			}
		},
		{
			"from": [7.63437, 2.1875, 7.48437],
			"to": [8.57187, 2.9375, 8.42187],
			"rotation": {"angle": 0, "axis": "y", "origin": [8, 4.29375, 8]},
			"faces": {
				"north": {"uv": [13, 12.25, 13, 12.25], "texture": "#4"},
				"east": {"uv": [13, 12.25, 13, 12.25], "texture": "#4"},
				"south": {"uv": [13, 12.25, 13, 12.25], "texture": "#4"},
				"west": {"uv": [13, 12.25, 13, 12.25], "texture": "#4"},
				"up": {"uv": [13, 12.25, 13, 12.25], "texture": "#4"},
				"down": {"uv": [13, 12.25, 13, 12.25], "texture": "#4"}
			}
		},
		{
			"from": [7.82188, 2.9375, 7.10938],
			"to": [8.94688, 3.875, 8.23438],
			"rotation": {"angle": 0, "axis": "y", "origin": [8, 4.29375, 8]},
			"faces": {
				"north": {"uv": [13, 12.25, 13, 12.25], "texture": "#4"},
				"east": {"uv": [13, 12.25, 13, 12.25], "texture": "#4"},
				"south": {"uv": [13, 12.25, 13, 12.25], "texture": "#4"},
				"west": {"uv": [13, 12.25, 13, 12.25], "texture": "#4"},
				"up": {"uv": [13, 12.25, 13, 12.25], "texture": "#4"},
				"down": {"uv": [13, 12.25, 13, 12.25], "texture": "#4"}
			}
		},
		{
			"from": [7.44688, 3.875, 6.73438],
			"to": [9.32188, 4.625, 8.60938],
			"rotation": {"angle": 0, "axis": "y", "origin": [8, 4.29375, 8]},
			"faces": {
				"north": {"uv": [13, 12.25, 13, 12.25], "texture": "#4"},
				"east": {"uv": [13, 12.25, 13, 12.25], "texture": "#4"},
				"south": {"uv": [13, 12.25, 13, 12.25], "texture": "#4"},
				"west": {"uv": [13, 12.25, 13, 12.25], "texture": "#4"},
				"up": {"uv": [13, 12.25, 13, 12.25], "texture": "#4"},
				"down": {"uv": [13, 12.25, 13, 12.25], "texture": "#4"}
			}
		},
		{
			"from": [6.69688, 4.625, 5.98438],
			"to": [10.07188, 5.375, 9.35938],
			"rotation": {"angle": 0, "axis": "y", "origin": [8, 4.29375, 8]},
			"faces": {
				"north": {"uv": [13, 12.25, 13, 12.25], "texture": "#4"},
				"east": {"uv": [13, 12.25, 13, 12.25], "texture": "#4"},
				"south": {"uv": [13, 12.25, 13, 12.25], "texture": "#4"},
				"west": {"uv": [13, 12.25, 13, 12.25], "texture": "#4"},
				"up": {"uv": [13, 12.25, 13, 12.25], "texture": "#4"},
				"down": {"uv": [13, 12.25, 13, 12.25], "texture": "#4"}
			}
		},
		{
			"from": [6.32263, 5.37575, 5.04763],
			"to": [10.44613, 9.87425, 10.29613],
			"rotation": {"angle": 0, "axis": "y", "origin": [8, 4.29375, 8]},
			"faces": {
				"north": {"uv": [13, 12.25, 13, 12.25], "texture": "#4"},
				"east": {"uv": [13, 12.25, 13, 12.25], "texture": "#4"},
				"south": {"uv": [8, 8, 12, 12], "texture": "#4"},
				"west": {"uv": [13, 12.25, 13, 12.25], "texture": "#4"},
				"up": {"uv": [13, 12.25, 13, 12.25], "texture": "#4"},
				"down": {"uv": [13, 12.25, 13, 12.25], "texture": "#4"}
			}
		},
		{
			"from": [6.32188, 9.875, 5.60938],
			"to": [10.44688, 10.4375, 9.73438],
			"rotation": {"angle": 0, "axis": "y", "origin": [8, 4.29375, 8]},
			"faces": {
				"north": {"uv": [13, 12.25, 13, 12.25], "texture": "#4"},
				"east": {"uv": [13, 12.25, 13, 12.25], "texture": "#4"},
				"south": {"uv": [13, 12.25, 13, 12.25], "texture": "#4"},
				"west": {"uv": [13, 12.25, 13, 12.25], "texture": "#4"},
				"up": {"uv": [13, 12.25, 13, 12.25], "texture": "#4"},
				"down": {"uv": [13, 12.25, 13, 12.25], "texture": "#4"}
			}
		},
		{
			"from": [5.75938, 5.375, 5.60938],
			"to": [11.00938, 9.875, 9.73438],
			"rotation": {"angle": 0, "axis": "y", "origin": [8, 4.29375, 8]},
			"faces": {
				"north": {"uv": [13, 12.25, 13, 12.25], "texture": "#4"},
				"east": {"uv": [13, 12.25, 13, 12.25], "texture": "#4"},
				"south": {"uv": [13, 12.25, 13, 12.25], "texture": "#4"},
				"west": {"uv": [13, 12.25, 13, 12.25], "texture": "#4"},
				"up": {"uv": [13, 12.25, 13, 12.25], "texture": "#4"},
				"down": {"uv": [13, 12.25, 13, 12.25], "texture": "#4"}
			}
		},
		{
			"from": [3.5, 1, 3.5],
			"to": [12.5, 1.75, 12.5],
			"faces": {
				"north": {"uv": [10.75, 6.5, 13, 6.75], "texture": "#0"},
				"east": {"uv": [10.75, 6.5, 13, 6.75], "texture": "#0"},
				"south": {"uv": [10.75, 6.5, 13, 6.75], "texture": "#0"},
				"west": {"uv": [10.75, 6.5, 13, 6.75], "texture": "#0"},
				"up": {"uv": [2.25, 8.25, 0, 6], "texture": "#0"},
				"down": {"uv": [8, 7.75, 5.75, 10], "texture": "#0", "cullface": "down"}
			}
		},
		{
			"from": [3.5, 12.25, 3.5],
			"to": [12.5, 13, 12.5],
			"faces": {
				"north": {"uv": [11, 10.75, 13.25, 11], "texture": "#0"},
				"east": {"uv": [11, 10.75, 13.25, 11], "texture": "#0"},
				"south": {"uv": [11, 10.75, 13.25, 11], "texture": "#0"},
				"west": {"uv": [11, 10.75, 13.25, 11], "texture": "#0"},
				"up": {"uv": [10.25, 10, 8, 7.75], "texture": "#0"},
				"down": {"uv": [2.25, 8.25, 0, 10.5], "texture": "#0"}
			}
		},
		{
			"from": [2.5, 1, 2.5],
			"to": [4.5, 12, 4.5],
			"faces": {
				"north": {"uv": [10, 0, 10.5, 2.75], "texture": "#0"},
				"east": {"uv": [10, 0, 10.5, 2.75], "texture": "#0"},
				"south": {"uv": [10, 0, 10.5, 2.75], "texture": "#0"},
				"west": {"uv": [10, 0, 10.5, 2.75], "texture": "#0"},
				"up": {"uv": [13.25, 4.75, 12.75, 4.25], "texture": "#0"},
				"down": {"uv": [2.75, 13, 2.25, 13.5], "texture": "#0"}
			}
		},
		{
			"from": [11.25, 0, 2.25],
			"to": [13.75, 1, 4.75],
			"faces": {
				"north": {"uv": [13.5, 2.5, 14.125, 2.75], "texture": "#0"},
				"east": {"uv": [13.5, 2.5, 14.125, 2.75], "texture": "#0"},
				"south": {"uv": [13.5, 2.5, 14.125, 2.75], "texture": "#0"},
				"west": {"uv": [13.5, 2.5, 14.125, 2.75], "texture": "#0"},
				"up": {"uv": [9.625, 11.625, 9, 11], "texture": "#0"},
				"down": {"uv": [11.875, 3.5, 11.25, 4.125], "texture": "#0"}
			}
		},
		{
			"from": [11.25, 0, 11.25],
			"to": [13.75, 1, 13.75],
			"faces": {
				"north": {"uv": [13.5, 2.5, 14.125, 2.75], "texture": "#0"},
				"east": {"uv": [13.5, 2.5, 14.125, 2.75], "texture": "#0"},
				"south": {"uv": [13.5, 2.5, 14.125, 2.75], "texture": "#0"},
				"west": {"uv": [13.5, 2.5, 14.125, 2.75], "texture": "#0"},
				"up": {"uv": [9.625, 11.625, 9, 11], "texture": "#0"},
				"down": {"uv": [11.875, 3.5, 11.25, 4.125], "texture": "#0"}
			}
		},
		{
			"from": [2.25, 0, 11.25],
			"to": [4.75, 1, 13.75],
			"faces": {
				"north": {"uv": [13.5, 2.5, 14.125, 2.75], "texture": "#0"},
				"east": {"uv": [13.5, 2.5, 14.125, 2.75], "texture": "#0"},
				"south": {"uv": [13.5, 2.5, 14.125, 2.75], "texture": "#0"},
				"west": {"uv": [13.5, 2.5, 14.125, 2.75], "texture": "#0"},
				"up": {"uv": [9.625, 11.625, 9, 11], "texture": "#0"},
				"down": {"uv": [11.875, 3.5, 11.25, 4.125], "texture": "#0"}
			}
		},
		{
			"from": [2.25, 0, 2.25],
			"to": [4.75, 1, 4.75],
			"faces": {
				"north": {"uv": [13.5, 2.5, 14.125, 2.75], "texture": "#0"},
				"east": {"uv": [13.5, 2.5, 14.125, 2.75], "texture": "#0"},
				"south": {"uv": [13.5, 2.5, 14.125, 2.75], "texture": "#0"},
				"west": {"uv": [13.5, 2.5, 14.125, 2.75], "texture": "#0"},
				"up": {"uv": [9.625, 11.625, 9, 11], "texture": "#0"},
				"down": {"uv": [11.875, 3.5, 11.25, 4.125], "texture": "#0"}
			}
		},
		{
			"from": [2.749, -0.001, 2.749],
			"to": [13.251, 1.001, 13.251],
			"faces": {
				"north": {"uv": [10.5, 0, 13.125, 0.25], "texture": "#0"},
				"east": {"uv": [10.5, 0, 13.125, 0.25], "texture": "#0"},
				"south": {"uv": [10.5, 0, 13.125, 0.25], "texture": "#0"},
				"west": {"uv": [10.5, 0, 13.125, 0.25], "texture": "#0"},
				"up": {"uv": [5.625, 2.625, 3, 0], "texture": "#0"},
				"down": {"uv": [5.625, 2.75, 3, 5.375], "texture": "#0"}
			}
		},
		{
			"from": [2.75, 13, 2.75],
			"to": [13.25, 14, 13.25],
			"faces": {
				"north": {"uv": [10.5, 1.5, 13.125, 1.75], "texture": "#0"},
				"east": {"uv": [10.5, 1.5, 13.125, 1.75], "texture": "#0"},
				"south": {"uv": [10.5, 1.5, 13.125, 1.75], "texture": "#0"},
				"west": {"uv": [10.5, 1.5, 13.125, 1.75], "texture": "#0"},
				"up": {"uv": [5.625, 8.125, 3, 5.5], "texture": "#0"},
				"down": {"uv": [8.375, 0, 5.75, 2.625], "texture": "#0"}
			}
		},
		{
			"from": [1.999, 13.999, 1.999],
			"to": [14.001, 15.001, 14.001],
			"faces": {
				"north": {"uv": [10.25, 4.75, 13.25, 5], "texture": "#0"},
				"east": {"uv": [10.25, 4.75, 13.25, 5], "texture": "#0"},
				"south": {"uv": [10.25, 4.75, 13.25, 5], "texture": "#0"},
				"west": {"uv": [10.25, 4.75, 13.25, 5], "texture": "#0"},
				"up": {"uv": [3, 3, 0, 0], "texture": "#0"},
				"down": {"uv": [3, 3, 0, 6], "texture": "#0"}
			}
		},
		{
			"from": [3, 15, 3],
			"to": [13, 16, 13],
			"faces": {
				"north": {"uv": [10.5, 2.5, 13, 2.75], "texture": "#0"},
				"east": {"uv": [10.5, 2.5, 13, 2.75], "texture": "#0"},
				"south": {"uv": [10.5, 2.5, 13, 2.75], "texture": "#0"},
				"west": {"uv": [10.5, 2.5, 13, 2.75], "texture": "#0"},
				"up": {"uv": [8.25, 5.25, 5.75, 2.75], "texture": "#0"},
				"down": {"uv": [8.25, 5.25, 5.75, 7.75], "texture": "#0"}
			}
		},
		{
			"from": [11.75, 15.25, 7],
			"to": [12.75, 18.25, 8],
			"rotation": {"angle": -45, "axis": "z", "origin": [12, 15.5, 12]},
			"faces": {
				"north": {"uv": [11, 6, 14, 15], "texture": "#1"},
				"east": {"uv": [11, 6, 14, 15], "texture": "#1"},
				"south": {"uv": [11, 6, 14, 15], "texture": "#1"},
				"west": {"uv": [11, 6, 14, 15], "texture": "#1"},
				"up": {"uv": [12, 14, 8, 10], "texture": "#1"},
				"down": {"uv": [11.5, 13.5, 11.25, 13.75], "texture": "#0"}
			}
		},
		{
			"from": [11.65, 13.75, 7.575],
			"to": [12.9, 16.75, 8.825],
			"rotation": {"angle": 22.5, "axis": "x", "origin": [12, 15.5, 12]},
			"faces": {
				"north": {"uv": [12, 8, 16, 16], "texture": "#1"},
				"east": {"uv": [12, 8, 16, 16], "texture": "#1"},
				"south": {"uv": [12, 8, 16, 16], "texture": "#1"},
				"west": {"uv": [12, 8, 16, 16], "texture": "#1"},
				"up": {"uv": [10, 11, 15, 6], "texture": "#1"},
				"down": {"uv": [6.125, 13.5, 5.75, 13.875], "texture": "#0"}
			}
		},
		{
			"from": [2.15, 0.30981, 12.38798],
			"to": [3.4, 3.30981, 13.63798],
			"rotation": {"angle": 22.5, "axis": "z", "origin": [2.775, 1.30981, 13.01298]},
			"faces": {
				"north": {"uv": [12, 8, 16, 16], "texture": "#1"},
				"east": {"uv": [12, 8, 16, 16], "texture": "#1"},
				"south": {"uv": [12, 8, 16, 16], "texture": "#1"},
				"west": {"uv": [12, 8, 16, 16], "texture": "#1"},
				"up": {"uv": [10, 11, 15, 6], "texture": "#1"},
				"down": {"uv": [13.875, 6.5, 13.5, 6.875], "texture": "#1"}
			}
		},
		{
			"from": [3.15, 1.05981, 12.88798],
			"to": [4.15, 4.05981, 13.88798],
			"rotation": {"angle": 22.5, "axis": "x", "origin": [2.775, 1.30981, 13.01298]},
			"faces": {
				"north": {"uv": [11, 6, 14, 15], "texture": "#1"},
				"east": {"uv": [11, 6, 14, 15], "texture": "#1"},
				"south": {"uv": [11, 6, 14, 15], "texture": "#1"},
				"west": {"uv": [11, 6, 14, 15], "texture": "#1"},
				"up": {"uv": [12, 14, 8, 10], "texture": "#1"},
				"down": {"uv": [12, 13.5, 11.75, 13.75], "texture": "#1"}
			}
		},
		{
			"from": [5, 14.55981, 3.63798],
			"to": [6.25, 17.55981, 4.88798],
			"rotation": {"angle": -22.5, "axis": "x", "origin": [5.525, 15.55981, 4.26298]},
			"faces": {
				"north": {"uv": [12, 8, 16, 16], "texture": "#1"},
				"east": {"uv": [12, 8, 16, 16], "texture": "#1"},
				"south": {"uv": [12, 8, 16, 16], "texture": "#1"},
				"west": {"uv": [12, 8, 16, 16], "texture": "#1"},
				"up": {"uv": [10, 11, 15, 6], "texture": "#1"},
				"down": {"uv": [13.875, 8, 13.5, 8.375], "texture": "#0"}
			}
		},
		{
			"from": [5.15, 15.55981, 3.88798],
			"to": [6.15, 18.55981, 4.88798],
			"rotation": {"angle": 22.5, "axis": "x", "origin": [5.525, 15.55981, 4.26298]},
			"faces": {
				"north": {"uv": [11, 6, 14, 15], "texture": "#1"},
				"east": {"uv": [11, 6, 14, 15], "texture": "#1"},
				"south": {"uv": [11, 6, 14, 15], "texture": "#1"},
				"west": {"uv": [11, 6, 14, 15], "texture": "#1"},
				"up": {"uv": [12, 14, 8, 10], "texture": "#1"},
				"down": {"uv": [12.5, 13.5, 12.25, 13.75], "texture": "#0"}
			}
		},
		{
			"from": [5, 16, 5],
			"to": [11, 17, 11],
			"faces": {
				"north": {"uv": [11.25, 4.25, 12.75, 4.5], "texture": "#0"},
				"east": {"uv": [11.25, 4.25, 12.75, 4.5], "texture": "#0"},
				"south": {"uv": [11.25, 4.25, 12.75, 4.5], "texture": "#0"},
				"west": {"uv": [11.25, 4.25, 12.75, 4.5], "texture": "#0"},
				"up": {"uv": [3.75, 9.75, 2.25, 8.25], "texture": "#0"},
				"down": {"uv": [9.75, 2.75, 8.25, 4.25], "texture": "#0"}
			}
		},
		{
			"from": [6.5, 17, 6.5],
			"to": [9.5, 18, 9.5],
			"faces": {
				"north": {"uv": [13.25, 11.5, 14, 11.75], "texture": "#0"},
				"east": {"uv": [13.25, 11.5, 14, 11.75], "texture": "#0"},
				"south": {"uv": [13.25, 11.5, 14, 11.75], "texture": "#0"},
				"west": {"uv": [13.25, 11.5, 14, 11.75], "texture": "#0"},
				"up": {"uv": [3, 6.75, 2.25, 6], "texture": "#0"},
				"down": {"uv": [3, 6.75, 2.25, 7.5], "texture": "#0"}
			}
		},
		{
			"from": [7.5, 18, 7],
			"to": [8.5, 19.5, 9],
			"faces": {
				"north": {"uv": [13.5, 10.75, 13.75, 11.125], "texture": "#0"},
				"east": {"uv": [13.25, 12, 13.75, 12.375], "texture": "#0"},
				"south": {"uv": [13.5, 10.75, 13.75, 11.125], "texture": "#0"},
				"west": {"uv": [13.25, 12, 13.75, 12.375], "texture": "#0"},
				"up": {"uv": [13.75, 9, 13.5, 8.5], "texture": "#0"},
				"down": {"uv": [9.25, 13.5, 9, 14], "texture": "#0"}
			}
		},
		{
			"from": [7, 18.25, 7.6],
			"to": [9, 19, 8.4],
			"faces": {
				"north": {"uv": [13.5, 7, 14, 7.25], "texture": "#0"},
				"east": {"uv": [13.5, 12.5, 13.75, 12.75], "texture": "#0"},
				"south": {"uv": [13.5, 7, 14, 7.25], "texture": "#0"},
				"west": {"uv": [13.5, 12.75, 13.75, 13], "texture": "#0"},
				"up": {"uv": [14, 9.5, 13.5, 9.25], "texture": "#0"},
				"down": {"uv": [14, 9.5, 13.5, 9.75], "texture": "#0"}
			}
		},
		{
			"from": [7, 21.25, 7.6],
			"to": [9, 22, 8.4],
			"faces": {
				"north": {"uv": [13.5, 9.75, 14, 10], "texture": "#0"},
				"east": {"uv": [13, 13.5, 13.25, 13.75], "texture": "#0"},
				"south": {"uv": [13.5, 9.75, 14, 10], "texture": "#0"},
				"west": {"uv": [13.25, 13.5, 13.5, 13.75], "texture": "#0"},
				"up": {"uv": [14, 10.5, 13.5, 10.25], "texture": "#0"},
				"down": {"uv": [14, 10.5, 13.5, 10.75], "texture": "#0"}
			}
		},
		{
			"from": [6.25, 18.25, 7.6],
			"to": [7, 22, 8.4],
			"faces": {
				"north": {"uv": [2.75, 13, 3, 14], "texture": "#0"},
				"east": {"uv": [3, 13, 3.25, 14], "texture": "#0"},
				"south": {"uv": [2.75, 13, 3, 14], "texture": "#0"},
				"west": {"uv": [3.5, 13, 3.75, 14], "texture": "#0"},
				"up": {"uv": [13.75, 13.75, 13.5, 13.5], "texture": "#0"},
				"down": {"uv": [0.25, 13.75, 0, 14], "texture": "#0"}
			}
		},
		{
			"from": [9, 18.25, 7.6],
			"to": [9.75, 22, 8.4],
			"faces": {
				"north": {"uv": [2.75, 13, 3, 14], "texture": "#0"},
				"east": {"uv": [3.5, 13, 3.75, 14], "texture": "#0"},
				"south": {"uv": [2.75, 13, 3, 14], "texture": "#0"},
				"west": {"uv": [8.75, 13, 9, 14], "texture": "#0"},
				"up": {"uv": [0.5, 14, 0.25, 13.75], "texture": "#0"},
				"down": {"uv": [0.75, 13.75, 0.5, 14], "texture": "#0"}
			}
		},
		{
			"from": [1.5, 14, 11],
			"to": [5, 15, 14.5],
			"faces": {
				"north": {"uv": [13.25, 1.75, 14.125, 2], "texture": "#0"},
				"east": {"uv": [13.25, 1.75, 14.125, 2], "texture": "#0"},
				"south": {"uv": [13.25, 1.75, 14.125, 2], "texture": "#0"},
				"west": {"uv": [13.25, 1.75, 14.125, 2], "texture": "#0"},
				"up": {"uv": [11.125, 3.625, 10.25, 2.75], "texture": "#0"},
				"down": {"uv": [10.625, 6.5, 9.75, 7.375], "texture": "#0"}
			}
		},
		{
			"from": [11, 14, 11],
			"to": [14.5, 15, 14.5],
			"faces": {
				"north": {"uv": [13.25, 1.75, 14.125, 1.984], "texture": "#0"},
				"east": {"uv": [13.25, 1.75, 14.125, 1.984], "texture": "#0"},
				"south": {"uv": [13.25, 1.75, 14.125, 1.984], "texture": "#0"},
				"west": {"uv": [13.25, 1.75, 14.125, 1.984], "texture": "#0"},
				"up": {"uv": [11.125, 3.625, 10.25, 2.75], "texture": "#0"},
				"down": {"uv": [10.625, 6.516, 9.75, 7.375], "texture": "#0"}
			}
		},
		{
			"from": [1.5, 14, 1.5],
			"to": [5, 15, 5],
			"faces": {
				"north": {"uv": [13.25, 1.75, 14.125, 2], "texture": "#0"},
				"east": {"uv": [13.25, 1.75, 14.125, 2], "texture": "#0"},
				"south": {"uv": [13.25, 1.75, 14.125, 2], "texture": "#0"},
				"west": {"uv": [13.25, 1.75, 14.125, 2], "texture": "#0"},
				"up": {"uv": [11.125, 3.625, 10.25, 2.75], "texture": "#0"},
				"down": {"uv": [10.125, 10, 9.25, 10.875], "texture": "#0"}
			}
		},
		{
			"from": [11, 14, 1.5],
			"to": [14.5, 15, 5],
			"faces": {
				"north": {"uv": [13.25, 1.75, 14.125, 2], "texture": "#0"},
				"east": {"uv": [13.25, 1.75, 14.125, 2], "texture": "#0"},
				"south": {"uv": [13.25, 1.75, 14.125, 2], "texture": "#0"},
				"west": {"uv": [13.25, 1.75, 14.125, 2], "texture": "#0"},
				"up": {"uv": [11.125, 3.625, 10.25, 2.75], "texture": "#0"},
				"down": {"uv": [10.625, 6.5, 9.75, 7.375], "texture": "#0"}
			}
		},
		{
			"from": [11.5, 1, 2.5],
			"to": [13.5, 12, 4.5],
			"faces": {
				"north": {"uv": [10, 0, 10.5, 2.75], "texture": "#0"},
				"east": {"uv": [10, 0, 10.5, 2.75], "texture": "#0"},
				"south": {"uv": [10, 0, 10.5, 2.75], "texture": "#0"},
				"west": {"uv": [10, 0, 10.5, 2.75], "texture": "#0"},
				"up": {"uv": [13.5, 7.25, 13, 6.75], "texture": "#0"},
				"down": {"uv": [9.5, 13, 9, 13.5], "texture": "#0"}
			}
		},
		{
			"from": [12, 1, 6.15],
			"to": [13, 13, 7.1],
			"faces": {
				"north": {"uv": [1.25, 10.5, 1.5, 13.5], "texture": "#0"},
				"east": {"uv": [1.25, 10.5, 1.5, 13.5], "texture": "#0"},
				"south": {"uv": [1.25, 10.5, 1.5, 13.5], "texture": "#0"},
				"west": {"uv": [1.25, 10.5, 1.5, 13.5], "texture": "#0"},
				"up": {"uv": [1.25, 10.5, 1.5, 13.5], "texture": "#0"},
				"down": {"uv": [1.25, 10.5, 1.5, 13.5], "texture": "#0"}
			}
		},
		{
			"from": [6.15, 1, 12],
			"to": [7.1, 13, 13],
			"faces": {
				"north": {"uv": [1.25, 10.5, 1.5, 13.5], "texture": "#0"},
				"east": {"uv": [1.25, 10.5, 1.5, 13.5], "texture": "#0"},
				"south": {"uv": [1.25, 10.5, 1.5, 13.5], "texture": "#0"},
				"west": {"uv": [1.25, 10.5, 1.5, 13.5], "texture": "#0"},
				"up": {"uv": [1.5, 14, 1.25, 13.75], "texture": "#0"},
				"down": {"uv": [1.75, 13.75, 1.5, 14], "texture": "#0"}
			}
		},
		{
			"from": [8.9, 1, 12],
			"to": [9.85, 13, 13],
			"faces": {
				"north": {"uv": [1.25, 10.5, 1.5, 13.5], "texture": "#0"},
				"east": {"uv": [1.25, 10.5, 1.5, 13.5], "texture": "#0"},
				"south": {"uv": [1.25, 10.5, 1.5, 13.5], "texture": "#0"},
				"west": {"uv": [1.25, 10.5, 1.5, 13.5], "texture": "#0"},
				"up": {"uv": [2, 14, 1.75, 13.75], "texture": "#0"},
				"down": {"uv": [2.25, 13.75, 2, 14], "texture": "#0"}
			}
		},
		{
			"from": [6.15, 1, 3],
			"to": [7.1, 13, 4],
			"faces": {
				"north": {"uv": [1.25, 10.5, 1.5, 13.5], "texture": "#0"},
				"east": {"uv": [1.25, 10.5, 1.5, 13.5], "texture": "#0"},
				"south": {"uv": [1.25, 10.5, 1.5, 13.5], "texture": "#0"},
				"west": {"uv": [1.25, 10.5, 1.5, 13.5], "texture": "#0"},
				"up": {"uv": [1.25, 10.5, 1.5, 13.5], "texture": "#0"},
				"down": {"uv": [1.25, 10.5, 1.5, 13.5], "texture": "#0"}
			}
		},
		{
			"from": [8.9, 1, 3],
			"to": [9.85, 13, 4],
			"faces": {
				"north": {"uv": [1.25, 10.5, 1.5, 13.5], "texture": "#0"},
				"east": {"uv": [1.25, 10.5, 1.5, 13.5], "texture": "#0"},
				"south": {"uv": [1.25, 10.5, 1.5, 13.5], "texture": "#0"},
				"west": {"uv": [1.25, 10.5, 1.5, 13.5], "texture": "#0"},
				"up": {"uv": [1.25, 10.5, 1.5, 13.5], "texture": "#0"},
				"down": {"uv": [1.25, 10.5, 1.5, 13.5], "texture": "#0"}
			}
		},
		{
			"from": [12, 1, 8.9],
			"to": [13, 13, 9.85],
			"faces": {
				"north": {"uv": [1.25, 10.5, 1.5, 13.5], "texture": "#0"},
				"east": {"uv": [1.25, 10.5, 1.5, 13.5], "texture": "#0"},
				"south": {"uv": [1.25, 10.5, 1.5, 13.5], "texture": "#0"},
				"west": {"uv": [1.25, 10.5, 1.5, 13.5], "texture": "#0"},
				"up": {"uv": [1.25, 10.5, 1.5, 13.5], "texture": "#0"},
				"down": {"uv": [1.25, 10.5, 1.5, 13.5], "texture": "#0"}
			}
		},
		{
			"from": [3, 1, 6.15],
			"to": [4, 13, 7.1],
			"faces": {
				"north": {"uv": [1.25, 10.5, 1.5, 13.5], "texture": "#0"},
				"east": {"uv": [1.25, 10.5, 1.5, 13.5], "texture": "#0"},
				"south": {"uv": [1.25, 10.5, 1.5, 13.5], "texture": "#0"},
				"west": {"uv": [1.25, 10.5, 1.5, 13.5], "texture": "#0"},
				"up": {"uv": [1.25, 10.5, 1.5, 13.5], "texture": "#0"},
				"down": {"uv": [1.25, 10.5, 1.5, 13.5], "texture": "#0"}
			}
		},
		{
			"from": [3, 1, 8.9],
			"to": [4, 13, 9.85],
			"faces": {
				"north": {"uv": [1.25, 10.5, 1.5, 13.5], "texture": "#0"},
				"east": {"uv": [1.25, 10.5, 1.5, 13.5], "texture": "#0"},
				"south": {"uv": [1.25, 10.5, 1.5, 13.5], "texture": "#0"},
				"west": {"uv": [1.25, 10.5, 1.5, 13.5], "texture": "#0"},
				"up": {"uv": [1.25, 10.5, 1.5, 13.5], "texture": "#0"},
				"down": {"uv": [1.25, 10.5, 1.5, 13.5], "texture": "#0"}
			}
		},
		{
			"from": [2.5, 1, 11.5],
			"to": [4.5, 12, 13.5],
			"faces": {
				"north": {"uv": [10, 0, 10.5, 2.75], "texture": "#0"},
				"east": {"uv": [10, 0, 10.5, 2.75], "texture": "#0"},
				"south": {"uv": [10, 0, 10.5, 2.75], "texture": "#0"},
				"west": {"uv": [10, 0, 10.5, 2.75], "texture": "#0"},
				"up": {"uv": [11.5, 13.5, 11, 13], "texture": "#0"},
				"down": {"uv": [12, 13, 11.5, 13.5], "texture": "#0"}
			}
		},
		{
			"from": [2, 12, 2],
			"to": [4.5, 14, 4.5],
			"faces": {
				"north": {"uv": [12.5, 11.5, 13.125, 12], "texture": "#0"},
				"east": {"uv": [12.5, 11.5, 13.125, 12], "texture": "#0"},
				"south": {"uv": [12.5, 11.5, 13.125, 12], "texture": "#0"},
				"west": {"uv": [12.5, 11.5, 13.125, 12], "texture": "#0"},
				"up": {"uv": [11.875, 9.625, 11.25, 9], "texture": "#0"},
				"down": {"uv": [10.125, 10, 9.25, 10.875], "texture": "#0"}
			}
		},
		{
			"from": [11.5, 12, 2],
			"to": [14, 14, 4.5],
			"faces": {
				"north": {"uv": [12.5, 11.5, 13.125, 12], "texture": "#0"},
				"east": {"uv": [12.5, 11.5, 13.125, 12], "texture": "#0"},
				"south": {"uv": [12.5, 11.5, 13.125, 12], "texture": "#0"},
				"west": {"uv": [12.5, 11.5, 13.125, 12], "texture": "#0"},
				"up": {"uv": [8.875, 12.375, 8.25, 11.75], "texture": "#0"},
				"down": {"uv": [10.125, 10, 9.25, 10.875], "texture": "#0"}
			}
		},
		{
			"from": [11.5, 12, 11.5],
			"to": [14, 14, 14],
			"faces": {
				"north": {"uv": [12.5, 11.5, 13.125, 12], "texture": "#0"},
				"east": {"uv": [12.5, 11.5, 13.125, 12], "texture": "#0"},
				"south": {"uv": [12.5, 11.5, 13.125, 12], "texture": "#0"},
				"west": {"uv": [12.5, 11.5, 13.125, 12], "texture": "#0"},
				"up": {"uv": [11.625, 12.375, 11, 11.75], "texture": "#0"},
				"down": {"uv": [10.125, 10, 9.25, 10.875], "texture": "#0"}
			}
		},
		{
			"from": [2, 12, 11.5],
			"to": [4.5, 14, 14],
			"faces": {
				"north": {"uv": [12.5, 11.5, 13.125, 12], "texture": "#0"},
				"east": {"uv": [12.5, 11.5, 13.125, 12], "texture": "#0"},
				"south": {"uv": [12.5, 11.5, 13.125, 12], "texture": "#0"},
				"west": {"uv": [12.5, 11.5, 13.125, 12], "texture": "#0"},
				"up": {"uv": [12.375, 12.375, 11.75, 11.75], "texture": "#0"},
				"down": {"uv": [10.125, 10, 9.25, 10.875], "texture": "#0"}
			}
		},
		{
			"from": [11.5, 1, 11.5],
			"to": [13.5, 12, 13.5],
			"faces": {
				"north": {"uv": [10, 0, 10.5, 2.75], "texture": "#0"},
				"east": {"uv": [10, 0, 10.5, 2.75], "texture": "#0"},
				"south": {"uv": [10, 0, 10.5, 2.75], "texture": "#0"},
				"west": {"uv": [10, 0, 10.5, 2.75], "texture": "#0"},
				"up": {"uv": [12.5, 13.5, 12, 13], "texture": "#0"},
				"down": {"uv": [13.5, 12.5, 13, 13], "texture": "#0"}
			}
		}
	],
	"display": {
		"thirdperson_righthand": {
			"rotation": [90, 0, 0],
			"translation": [0, -1.75, -4.5],
			"scale": [0.35, 0.35, 0.35]
		},
		"thirdperson_lefthand": {
			"rotation": [90, 0, 0],
			"translation": [0, -1.75, -4.5],
			"scale": [0.35, 0.35, 0.35]
		},
		"firstperson_righthand": {
			"rotation": [18.25, 0, 0],
			"translation": [0, 2.75, 3.75],
			"scale": [0.35, 0.35, 0.35]
		},
		"firstperson_lefthand": {
			"rotation": [18.25, 0, 0],
			"translation": [0, 2.75, 3.75],
			"scale": [0.35, 0.35, 0.35]
		},
		"ground": {
			"rotation": [-24.5, 0, 0],
			"translation": [0, 4, 0],
			"scale": [0.65, 0.65, 0.65]
		},
		"gui": {
			"rotation": [0, -18.75, -26.75],
			"translation": [-0.5, -1.25, 0],
			"scale": [0.6, 0.6, 0.6]
		},
		"fixed": {
			"scale": [0.6, 0.6, 0.6]
		}
	},
	"groups": [
		{
			"name": "duch",
			"origin": [0, 0, 0],
			"color": 0,
			"children": [
				{
					"name": "1",
					"origin": [8, 4.29375, 8],
					"color": 0,
					"children": [0, 1, 2, 3, 4, 5, 6, 7, 8, 9]
				},
				{
					"name": "2",
					"origin": [0, 0, 0],
					"color": 0,
					"children": [10, 11, 12, 13, 14, 15, 16, 17, 18, 19]
				},
				{
					"name": "3",
					"origin": [0, 0, 0],
					"color": 0,
					"children": [20, 21, 22, 23, 24, 25, 26, 27, 28, 29]
				},
				{
					"name": "4",
					"origin": [0, 0, 0],
					"color": 0,
					"children": [30, 31, 32, 33, 34, 35, 36, 37, 38, 39]
				}
			]
		},
		{
			"name": "klec",
			"origin": [0, 0, 0],
			"color": 0,
			"children": [40, 41, 42, 43, 44, 45, 46, 47, 48, 49, 50, 51, 52, 53, 54, 55, 56, 57, 58, 59, 60, 61, 62, 63, 64, 65, 66, 67, 68, 69, 70, 71, 72, 73, 74, 75, 76, 77, 78, 79, 80, 81, 82]
		}
	]
}