{
	"credit": "Made with Blockbench",
	"texture_size": [64, 64],
	"textures": {
		"1": "anakin_saber_white",
		"2": "anakin_hilt",
		"particle": "anakin_hilt"
	},
	"elements": [
		{
			"name": "hexadecagon",
			"from": [9.25, -3, 7.75136],
			"to": [9.35, -2.25, 8.24864],
			"rotation": {"angle": 0, "axis": "x", "origin": [7.95, -2.5, 8]},
			"faces": {
				"north": {"uv": [1.5, 9.5, 1.53125, 9.6875], "texture": "#2"},
				"east": {"uv": [2.75, 8.75, 2.875, 8.9375], "texture": "#2"},
				"south": {"uv": [9.5, 1.5, 9.53125, 1.6875], "texture": "#2"},
				"west": {"uv": [8.75, 2.75, 8.875, 2.9375], "texture": "#2"},
				"up": {"uv": [2.78125, 9.625, 2.75, 9.5], "texture": "#2"},
				"down": {"uv": [9.53125, 2.75, 9.5, 2.875], "texture": "#2"}
			}
		},
		{
			"name": "hexadecagon",
			"from": [9.35, -2.9, 8.15136],
			"to": [9.65, -2.35, 8.24864],
			"rotation": {"angle": 0, "axis": "x", "origin": [7.95, -2.5, 8]},
			"faces": {
				"north": {"uv": [9.25, 1, 9.3125, 1.125], "texture": "#2"},
				"east": {"uv": [3, 9.5, 3.03125, 9.625], "texture": "#2"},
				"south": {"uv": [1.25, 9.25, 1.3125, 9.375], "texture": "#2"},
				"west": {"uv": [9.5, 3, 9.53125, 3.125], "texture": "#2"},
				"up": {"uv": [9.0625, 10.03125, 9, 10], "texture": "#2"},
				"down": {"uv": [10.0625, 9, 10, 9.03125], "texture": "#2"}
			}
		},
		{
			"name": "hexadecagon",
			"from": [9.65, -2.8, 8.15136],
			"to": [9.75, -2.45, 8.24864],
			"rotation": {"angle": 0, "axis": "x", "origin": [7.95, -2.5, 8]},
			"faces": {
				"north": {"uv": [8, 10, 8.03125, 10.09375], "texture": "#2"},
				"east": {"uv": [10, 8, 10.03125, 8.09375], "texture": "#2"},
				"south": {"uv": [8.25, 10, 8.28125, 10.09375], "texture": "#2"},
				"west": {"uv": [10, 8.25, 10.03125, 8.34375], "texture": "#2"},
				"up": {"uv": [0.03125, 10.53125, 0, 10.5], "texture": "#2"},
				"down": {"uv": [10.53125, 0, 10.5, 0.03125], "texture": "#2"}
			}
		},
		{
			"name": "hexadecagon",
			"from": [9.65, -2.8, 7.75136],
			"to": [9.75, -2.45, 7.84864],
			"rotation": {"angle": 0, "axis": "x", "origin": [7.95, -2.5, 8]},
			"faces": {
				"north": {"uv": [8.5, 10, 8.53125, 10.09375], "texture": "#2"},
				"east": {"uv": [10, 8.5, 10.03125, 8.59375], "texture": "#2"},
				"south": {"uv": [8.75, 10, 8.78125, 10.09375], "texture": "#2"},
				"west": {"uv": [10, 8.75, 10.03125, 8.84375], "texture": "#2"},
				"up": {"uv": [0.28125, 10.53125, 0.25, 10.5], "texture": "#2"},
				"down": {"uv": [10.53125, 0.25, 10.5, 0.28125], "texture": "#2"}
			}
		},
		{
			"name": "hexadecagon",
			"from": [9.35, -2.9, 7.75136],
			"to": [9.65, -2.35, 7.84864],
			"rotation": {"angle": 0, "axis": "x", "origin": [7.95, -2.5, 8]},
			"faces": {
				"north": {"uv": [9.25, 1.25, 9.3125, 1.375], "texture": "#2"},
				"east": {"uv": [3.25, 9.5, 3.28125, 9.625], "texture": "#2"},
				"south": {"uv": [1.5, 9.25, 1.5625, 9.375], "texture": "#2"},
				"west": {"uv": [9.5, 3.25, 9.53125, 3.375], "texture": "#2"},
				"up": {"uv": [9.3125, 10.03125, 9.25, 10], "texture": "#2"},
				"down": {"uv": [10.0625, 9.25, 10, 9.28125], "texture": "#2"}
			}
		},
		{
			"name": "hexadecagon",
			"from": [9.25, -3.79973, 7.75],
			"to": [9.375, -3.70027, 8.25],
			"rotation": {"angle": -45, "axis": "x", "origin": [9.5, -3.75, 8]},
			"faces": {
				"north": {"uv": [0.5, 10.5, 0.53125, 10.53125], "texture": "#2"},
				"east": {"uv": [3.5, 9.5, 3.625, 9.53125], "texture": "#2"},
				"south": {"uv": [10.5, 0.5, 10.53125, 0.53125], "texture": "#2"},
				"west": {"uv": [9.5, 3.5, 9.625, 3.53125], "texture": "#2"},
				"up": {"uv": [3.78125, 9.625, 3.75, 9.5], "texture": "#2"},
				"down": {"uv": [9.53125, 3.75, 9.5, 3.875], "texture": "#2"}
			}
		},
		{
			"name": "hexadecagon",
			"from": [9.25, -3.79973, 7.75],
			"to": [9.375, -3.70027, 8.25],
			"rotation": {"angle": -22.5, "axis": "x", "origin": [9.5, -3.75, 8]},
			"faces": {
				"north": {"uv": [0.75, 10.5, 0.78125, 10.53125], "texture": "#2"},
				"east": {"uv": [4, 9.5, 4.125, 9.53125], "texture": "#2"},
				"south": {"uv": [10.5, 0.75, 10.53125, 0.78125], "texture": "#2"},
				"west": {"uv": [9.5, 4, 9.625, 4.03125], "texture": "#2"},
				"up": {"uv": [4.28125, 9.625, 4.25, 9.5], "texture": "#2"},
				"down": {"uv": [9.53125, 4.25, 9.5, 4.375], "texture": "#2"}
			}
		},
		{
			"name": "hexadecagon",
			"from": [9.25, -3.79973, 7.75],
			"to": [9.375, -3.70027, 8.25],
			"rotation": {"angle": 0, "axis": "x", "origin": [9.5, -3.75, 8]},
			"faces": {
				"north": {"uv": [1, 10.5, 1.03125, 10.53125], "texture": "#2"},
				"east": {"uv": [4.5, 9.5, 4.625, 9.53125], "texture": "#2"},
				"south": {"uv": [10.5, 1, 10.53125, 1.03125], "texture": "#2"},
				"west": {"uv": [9.5, 4.5, 9.625, 4.53125], "texture": "#2"},
				"up": {"uv": [4.78125, 9.625, 4.75, 9.5], "texture": "#2"},
				"down": {"uv": [9.53125, 4.75, 9.5, 4.875], "texture": "#2"}
			}
		},
		{
			"name": "hexadecagon",
			"from": [9.25, -3.79973, 7.75],
			"to": [9.375, -3.70027, 8.25],
			"rotation": {"angle": 22.5, "axis": "x", "origin": [9.5, -3.75, 8]},
			"faces": {
				"north": {"uv": [1.25, 10.5, 1.28125, 10.53125], "texture": "#2"},
				"east": {"uv": [5, 9.5, 5.125, 9.53125], "texture": "#2"},
				"south": {"uv": [10.5, 1.25, 10.53125, 1.28125], "texture": "#2"},
				"west": {"uv": [9.5, 5, 9.625, 5.03125], "texture": "#2"},
				"up": {"uv": [5.28125, 9.625, 5.25, 9.5], "texture": "#2"},
				"down": {"uv": [9.53125, 5.25, 9.5, 5.375], "texture": "#2"}
			}
		},
		{
			"name": "hexadecagon",
			"from": [9.25, -3.79973, 7.75],
			"to": [9.375, -3.70027, 8.25],
			"rotation": {"angle": 45, "axis": "x", "origin": [9.5, -3.75, 8]},
			"faces": {
				"north": {"uv": [1.5, 10.5, 1.53125, 10.53125], "texture": "#2"},
				"east": {"uv": [5.5, 9.5, 5.625, 9.53125], "texture": "#2"},
				"south": {"uv": [10.5, 1.5, 10.53125, 1.53125], "texture": "#2"},
				"west": {"uv": [9.5, 5.5, 9.625, 5.53125], "texture": "#2"},
				"up": {"uv": [5.78125, 9.625, 5.75, 9.5], "texture": "#2"},
				"down": {"uv": [9.53125, 5.75, 9.5, 5.875], "texture": "#2"}
			}
		},
		{
			"name": "hexadecagon",
			"from": [9.25, -4, 7.95027],
			"to": [9.375, -3.5, 8.04973],
			"rotation": {"angle": -22.5, "axis": "x", "origin": [9.5, -3.75, 8]},
			"faces": {
				"north": {"uv": [6, 9.5, 6.03125, 9.625], "texture": "#2"},
				"east": {"uv": [9.5, 6, 9.53125, 6.125], "texture": "#2"},
				"south": {"uv": [6.25, 9.5, 6.28125, 9.625], "texture": "#2"},
				"west": {"uv": [9.5, 6.25, 9.53125, 6.375], "texture": "#2"},
				"up": {"uv": [1.78125, 10.53125, 1.75, 10.5], "texture": "#2"},
				"down": {"uv": [10.53125, 1.75, 10.5, 1.78125], "texture": "#2"}
			}
		},
		{
			"name": "hexadecagon",
			"from": [9.25, -4, 7.95027],
			"to": [9.375, -3.5, 8.04973],
			"rotation": {"angle": 0, "axis": "x", "origin": [9.5, -3.75, 8]},
			"faces": {
				"north": {"uv": [6.5, 9.5, 6.53125, 9.625], "texture": "#2"},
				"east": {"uv": [9.5, 6.5, 9.53125, 6.625], "texture": "#2"},
				"south": {"uv": [6.75, 9.5, 6.78125, 9.625], "texture": "#2"},
				"west": {"uv": [9.5, 6.75, 9.53125, 6.875], "texture": "#2"},
				"up": {"uv": [2.03125, 10.53125, 2, 10.5], "texture": "#2"},
				"down": {"uv": [10.53125, 2, 10.5, 2.03125], "texture": "#2"}
			}
		},
		{
			"name": "hexadecagon",
			"from": [9.25, -4, 7.95027],
			"to": [9.375, -3.5, 8.04973],
			"rotation": {"angle": 22.5, "axis": "x", "origin": [9.5, -3.75, 8]},
			"faces": {
				"north": {"uv": [7, 9.5, 7.03125, 9.625], "texture": "#2"},
				"east": {"uv": [9.5, 7, 9.53125, 7.125], "texture": "#2"},
				"south": {"uv": [7.25, 9.5, 7.28125, 9.625], "texture": "#2"},
				"west": {"uv": [9.5, 7.25, 9.53125, 7.375], "texture": "#2"},
				"up": {"uv": [2.28125, 10.53125, 2.25, 10.5], "texture": "#2"},
				"down": {"uv": [10.53125, 2.25, 10.5, 2.28125], "texture": "#2"}
			}
		},
		{
			"name": "hexadecagon",
			"from": [9.35, -3.77984, 7.85],
			"to": [9.5, -3.72016, 8.15],
			"rotation": {"angle": -45, "axis": "x", "origin": [9.5, -3.75, 8]},
			"faces": {
				"north": {"uv": [2.5, 10.5, 2.53125, 10.53125], "texture": "#2"},
				"east": {"uv": [9.5, 10, 9.5625, 10.03125], "texture": "#2"},
				"south": {"uv": [10.5, 2.5, 10.53125, 2.53125], "texture": "#2"},
				"west": {"uv": [10, 9.5, 10.0625, 9.53125], "texture": "#2"},
				"up": {"uv": [9.78125, 10.0625, 9.75, 10], "texture": "#2"},
				"down": {"uv": [10.03125, 9.75, 10, 9.8125], "texture": "#2"}
			}
		},
		{
			"name": "hexadecagon",
			"from": [9.35, -3.77984, 7.85],
			"to": [9.5, -3.72016, 8.15],
			"rotation": {"angle": -22.5, "axis": "x", "origin": [9.5, -3.75, 8]},
			"faces": {
				"north": {"uv": [2.75, 10.5, 2.78125, 10.53125], "texture": "#2"},
				"east": {"uv": [10, 10, 10.0625, 10.03125], "texture": "#2"},
				"south": {"uv": [10.5, 2.75, 10.53125, 2.78125], "texture": "#2"},
				"west": {"uv": [0, 10.25, 0.0625, 10.28125], "texture": "#2"},
				"up": {"uv": [10.28125, 0.0625, 10.25, 0], "texture": "#2"},
				"down": {"uv": [0.28125, 10.25, 0.25, 10.3125], "texture": "#2"}
			}
		},
		{
			"name": "hexadecagon",
			"from": [9.35, -3.77984, 7.85],
			"to": [9.5, -3.72016, 8.15],
			"rotation": {"angle": 0, "axis": "x", "origin": [9.5, -3.75, 8]},
			"faces": {
				"north": {"uv": [3, 10.5, 3.03125, 10.53125], "texture": "#2"},
				"east": {"uv": [10.25, 0.25, 10.3125, 0.28125], "texture": "#2"},
				"south": {"uv": [10.5, 3, 10.53125, 3.03125], "texture": "#2"},
				"west": {"uv": [0.5, 10.25, 0.5625, 10.28125], "texture": "#2"},
				"up": {"uv": [10.28125, 0.5625, 10.25, 0.5], "texture": "#2"},
				"down": {"uv": [0.78125, 10.25, 0.75, 10.3125], "texture": "#2"}
			}
		},
		{
			"name": "hexadecagon",
			"from": [9.35, -3.77984, 7.85],
			"to": [9.5, -3.72016, 8.15],
			"rotation": {"angle": 22.5, "axis": "x", "origin": [9.5, -3.75, 8]},
			"faces": {
				"north": {"uv": [3.25, 10.5, 3.28125, 10.53125], "texture": "#2"},
				"east": {"uv": [10.25, 0.75, 10.3125, 0.78125], "texture": "#2"},
				"south": {"uv": [10.5, 3.25, 10.53125, 3.28125], "texture": "#2"},
				"west": {"uv": [1, 10.25, 1.0625, 10.28125], "texture": "#2"},
				"up": {"uv": [10.28125, 1.0625, 10.25, 1], "texture": "#2"},
				"down": {"uv": [1.28125, 10.25, 1.25, 10.3125], "texture": "#2"}
			}
		},
		{
			"name": "hexadecagon",
			"from": [9.35, -3.77984, 7.85],
			"to": [9.5, -3.72016, 8.15],
			"rotation": {"angle": 45, "axis": "x", "origin": [9.5, -3.75, 8]},
			"faces": {
				"north": {"uv": [3.5, 10.5, 3.53125, 10.53125], "texture": "#2"},
				"east": {"uv": [10.25, 1.25, 10.3125, 1.28125], "texture": "#2"},
				"south": {"uv": [10.5, 3.5, 10.53125, 3.53125], "texture": "#2"},
				"west": {"uv": [1.5, 10.25, 1.5625, 10.28125], "texture": "#2"},
				"up": {"uv": [10.28125, 1.5625, 10.25, 1.5], "texture": "#2"},
				"down": {"uv": [1.78125, 10.25, 1.75, 10.3125], "texture": "#2"}
			}
		},
		{
			"name": "hexadecagon",
			"from": [9.35, -3.9, 7.97016],
			"to": [9.5, -3.6, 8.02984],
			"rotation": {"angle": -22.5, "axis": "x", "origin": [9.5, -3.75, 8]},
			"faces": {
				"north": {"uv": [10.25, 1.75, 10.28125, 1.8125], "texture": "#2"},
				"east": {"uv": [2, 10.25, 2.03125, 10.3125], "texture": "#2"},
				"south": {"uv": [10.25, 2, 10.28125, 2.0625], "texture": "#2"},
				"west": {"uv": [2.25, 10.25, 2.28125, 10.3125], "texture": "#2"},
				"up": {"uv": [3.78125, 10.53125, 3.75, 10.5], "texture": "#2"},
				"down": {"uv": [10.53125, 3.75, 10.5, 3.78125], "texture": "#2"}
			}
		},
		{
			"name": "hexadecagon",
			"from": [9.35, -3.9, 7.97016],
			"to": [9.5, -3.6, 8.02984],
			"rotation": {"angle": 0, "axis": "x", "origin": [9.5, -3.75, 8]},
			"faces": {
				"north": {"uv": [10.25, 2.25, 10.28125, 2.3125], "texture": "#2"},
				"east": {"uv": [2.5, 10.25, 2.53125, 10.3125], "texture": "#2"},
				"south": {"uv": [10.25, 2.5, 10.28125, 2.5625], "texture": "#2"},
				"west": {"uv": [2.75, 10.25, 2.78125, 10.3125], "texture": "#2"},
				"up": {"uv": [4.03125, 10.53125, 4, 10.5], "texture": "#2"},
				"down": {"uv": [10.53125, 4, 10.5, 4.03125], "texture": "#2"}
			}
		},
		{
			"name": "hexadecagon",
			"from": [9.35, -3.9, 7.97016],
			"to": [9.5, -3.6, 8.02984],
			"rotation": {"angle": 22.5, "axis": "x", "origin": [9.5, -3.75, 8]},
			"faces": {
				"north": {"uv": [10.25, 2.75, 10.28125, 2.8125], "texture": "#2"},
				"east": {"uv": [3, 10.25, 3.03125, 10.3125], "texture": "#2"},
				"south": {"uv": [10.25, 3, 10.28125, 3.0625], "texture": "#2"},
				"west": {"uv": [3.25, 10.25, 3.28125, 10.3125], "texture": "#2"},
				"up": {"uv": [4.28125, 10.53125, 4.25, 10.5], "texture": "#2"},
				"down": {"uv": [10.53125, 4.25, 10.5, 4.28125], "texture": "#2"}
			}
		},
		{
			"name": "hexadecagon",
			"from": [7.50136, -10.75, 6.25],
			"to": [8.49864, -8.25, 7],
			"rotation": {"angle": 0, "axis": "x", "origin": [8, -10.5, 8]},
			"faces": {
				"north": {"uv": [6, 1.75, 6.25, 2.375], "texture": "#2"},
				"east": {"uv": [6.25, 2.5, 6.4375, 3.125], "texture": "#2"},
				"south": {"uv": [6, 2.5, 6.25, 3.125], "texture": "#2"},
				"west": {"uv": [6.5, 0.5, 6.6875, 1.125], "texture": "#2"},
				"up": {"uv": [0.25, 8.4375, 0, 8.25], "texture": "#2"},
				"down": {"uv": [0.5, 8.25, 0.25, 8.4375], "texture": "#2"}
			}
		},
		{
			"name": "hexadecagon",
			"from": [6.6, -4.59946, 7.5],
			"to": [6.9, -4.40054, 7.7],
			"rotation": {"angle": -45, "axis": "x", "origin": [6.75, -4.5, 8]},
			"faces": {
				"north": {"uv": [7.5, 9.5, 7.5625, 9.5625], "texture": "#2"},
				"east": {"uv": [9.5, 7.5, 9.5625, 7.5625], "texture": "#2"},
				"south": {"uv": [7.75, 9.5, 7.8125, 9.5625], "texture": "#2"},
				"west": {"uv": [9.5, 7.75, 9.5625, 7.8125], "texture": "#2"},
				"up": {"uv": [8.0625, 9.5625, 8, 9.5], "texture": "#2"},
				"down": {"uv": [9.5625, 8, 9.5, 8.0625], "texture": "#2"}
			}
		},
		{
			"name": "hexadecagon",
			"from": [6.6, -4.59946, 7.5],
			"to": [6.9, -4.40054, 7.7],
			"rotation": {"angle": -22.5, "axis": "x", "origin": [6.75, -4.5, 8]},
			"faces": {
				"north": {"uv": [8.25, 9.5, 8.3125, 9.5625], "texture": "#2"},
				"east": {"uv": [9.5, 8.25, 9.5625, 8.3125], "texture": "#2"},
				"south": {"uv": [8.5, 9.5, 8.5625, 9.5625], "texture": "#2"},
				"west": {"uv": [9.5, 8.5, 9.5625, 8.5625], "texture": "#2"},
				"up": {"uv": [8.8125, 9.5625, 8.75, 9.5], "texture": "#2"},
				"down": {"uv": [9.5625, 8.75, 9.5, 8.8125], "texture": "#2"}
			}
		},
		{
			"name": "hexadecagon",
			"from": [6.6, -4.59946, 7.5],
			"to": [6.9, -4.40054, 7.7],
			"rotation": {"angle": 0, "axis": "x", "origin": [6.75, -4.5, 8]},
			"faces": {
				"north": {"uv": [9, 9.5, 9.0625, 9.5625], "texture": "#2"},
				"east": {"uv": [9.5, 9, 9.5625, 9.0625], "texture": "#2"},
				"south": {"uv": [9.25, 9.5, 9.3125, 9.5625], "texture": "#2"},
				"west": {"uv": [9.5, 9.25, 9.5625, 9.3125], "texture": "#2"},
				"up": {"uv": [9.5625, 9.5625, 9.5, 9.5], "texture": "#2"},
				"down": {"uv": [0.0625, 9.75, 0, 9.8125], "texture": "#2"}
			}
		},
		{
			"name": "hexadecagon",
			"from": [6.6, -4.59946, 7.5],
			"to": [6.9, -4.40054, 7.7],
			"rotation": {"angle": 22.5, "axis": "x", "origin": [6.75, -4.5, 8]},
			"faces": {
				"north": {"uv": [9.75, 0, 9.8125, 0.0625], "texture": "#2"},
				"east": {"uv": [0.25, 9.75, 0.3125, 9.8125], "texture": "#2"},
				"south": {"uv": [9.75, 0.25, 9.8125, 0.3125], "texture": "#2"},
				"west": {"uv": [0.5, 9.75, 0.5625, 9.8125], "texture": "#2"},
				"up": {"uv": [9.8125, 0.5625, 9.75, 0.5], "texture": "#2"},
				"down": {"uv": [0.8125, 9.75, 0.75, 9.8125], "texture": "#2"}
			}
		},
		{
			"name": "hexadecagon",
			"from": [6.6, -4.59946, 7.5],
			"to": [6.9, -4.40054, 7.7],
			"rotation": {"angle": 45, "axis": "x", "origin": [6.75, -4.5, 8]},
			"faces": {
				"north": {"uv": [9.75, 0.75, 9.8125, 0.8125], "texture": "#2"},
				"east": {"uv": [1, 9.75, 1.0625, 9.8125], "texture": "#2"},
				"south": {"uv": [9.75, 1, 9.8125, 1.0625], "texture": "#2"},
				"west": {"uv": [1.25, 9.75, 1.3125, 9.8125], "texture": "#2"},
				"up": {"uv": [9.8125, 1.3125, 9.75, 1.25], "texture": "#2"},
				"down": {"uv": [1.5625, 9.75, 1.5, 9.8125], "texture": "#2"}
			}
		},
		{
			"name": "hexadecagon",
			"from": [6.6, -4.59946, 8.3],
			"to": [6.9, -4.40054, 8.5],
			"rotation": {"angle": -45, "axis": "x", "origin": [6.75, -4.5, 8]},
			"faces": {
				"north": {"uv": [9.75, 1.5, 9.8125, 1.5625], "texture": "#2"},
				"east": {"uv": [1.75, 9.75, 1.8125, 9.8125], "texture": "#2"},
				"south": {"uv": [9.75, 1.75, 9.8125, 1.8125], "texture": "#2"},
				"west": {"uv": [2, 9.75, 2.0625, 9.8125], "texture": "#2"},
				"up": {"uv": [9.8125, 2.0625, 9.75, 2], "texture": "#2"},
				"down": {"uv": [2.3125, 9.75, 2.25, 9.8125], "texture": "#2"}
			}
		},
		{
			"name": "hexadecagon",
			"from": [6.6, -4.59946, 8.3],
			"to": [6.9, -4.40054, 8.5],
			"rotation": {"angle": -22.5, "axis": "x", "origin": [6.75, -4.5, 8]},
			"faces": {
				"north": {"uv": [9.75, 2.25, 9.8125, 2.3125], "texture": "#2"},
				"east": {"uv": [2.5, 9.75, 2.5625, 9.8125], "texture": "#2"},
				"south": {"uv": [9.75, 2.5, 9.8125, 2.5625], "texture": "#2"},
				"west": {"uv": [2.75, 9.75, 2.8125, 9.8125], "texture": "#2"},
				"up": {"uv": [9.8125, 2.8125, 9.75, 2.75], "texture": "#2"},
				"down": {"uv": [3.0625, 9.75, 3, 9.8125], "texture": "#2"}
			}
		},
		{
			"name": "hexadecagon",
			"from": [6.6, -4.59946, 8.3],
			"to": [6.9, -4.40054, 8.5],
			"rotation": {"angle": 0, "axis": "x", "origin": [6.75, -4.5, 8]},
			"faces": {
				"north": {"uv": [9.75, 3, 9.8125, 3.0625], "texture": "#2"},
				"east": {"uv": [3.25, 9.75, 3.3125, 9.8125], "texture": "#2"},
				"south": {"uv": [9.75, 3.25, 9.8125, 3.3125], "texture": "#2"},
				"west": {"uv": [3.5, 9.75, 3.5625, 9.8125], "texture": "#2"},
				"up": {"uv": [9.8125, 3.5625, 9.75, 3.5], "texture": "#2"},
				"down": {"uv": [3.8125, 9.75, 3.75, 9.8125], "texture": "#2"}
			}
		},
		{
			"name": "hexadecagon",
			"from": [6.6, -4.59946, 8.3],
			"to": [6.9, -4.40054, 8.5],
			"rotation": {"angle": 22.5, "axis": "x", "origin": [6.75, -4.5, 8]},
			"faces": {
				"north": {"uv": [9.75, 3.75, 9.8125, 3.8125], "texture": "#2"},
				"east": {"uv": [4, 9.75, 4.0625, 9.8125], "texture": "#2"},
				"south": {"uv": [9.75, 4, 9.8125, 4.0625], "texture": "#2"},
				"west": {"uv": [4.25, 9.75, 4.3125, 9.8125], "texture": "#2"},
				"up": {"uv": [9.8125, 4.3125, 9.75, 4.25], "texture": "#2"},
				"down": {"uv": [4.5625, 9.75, 4.5, 9.8125], "texture": "#2"}
			}
		},
		{
			"name": "hexadecagon",
			"from": [6.6, -4.59946, 8.3],
			"to": [6.9, -4.40054, 8.5],
			"rotation": {"angle": 45, "axis": "x", "origin": [6.75, -4.5, 8]},
			"faces": {
				"north": {"uv": [9.75, 4.5, 9.8125, 4.5625], "texture": "#2"},
				"east": {"uv": [4.75, 9.75, 4.8125, 9.8125], "texture": "#2"},
				"south": {"uv": [9.75, 4.75, 9.8125, 4.8125], "texture": "#2"},
				"west": {"uv": [5, 9.75, 5.0625, 9.8125], "texture": "#2"},
				"up": {"uv": [9.8125, 5.0625, 9.75, 5], "texture": "#2"},
				"down": {"uv": [5.3125, 9.75, 5.25, 9.8125], "texture": "#2"}
			}
		},
		{
			"name": "hexadecagon",
			"from": [6.6, -5, 7.90054],
			"to": [6.9, -4.8, 8.09946],
			"rotation": {"angle": -22.5, "axis": "x", "origin": [6.75, -4.5, 8]},
			"faces": {
				"north": {"uv": [9.75, 5.25, 9.8125, 5.3125], "texture": "#2"},
				"east": {"uv": [5.5, 9.75, 5.5625, 9.8125], "texture": "#2"},
				"south": {"uv": [9.75, 5.5, 9.8125, 5.5625], "texture": "#2"},
				"west": {"uv": [5.75, 9.75, 5.8125, 9.8125], "texture": "#2"},
				"up": {"uv": [9.8125, 5.8125, 9.75, 5.75], "texture": "#2"},
				"down": {"uv": [6.0625, 9.75, 6, 9.8125], "texture": "#2"}
			}
		},
		{
			"name": "hexadecagon",
			"from": [6.6, -5, 7.90054],
			"to": [6.9, -4.8, 8.09946],
			"rotation": {"angle": 0, "axis": "x", "origin": [6.75, -4.5, 8]},
			"faces": {
				"north": {"uv": [9.75, 6, 9.8125, 6.0625], "texture": "#2"},
				"east": {"uv": [6.25, 9.75, 6.3125, 9.8125], "texture": "#2"},
				"south": {"uv": [9.75, 6.25, 9.8125, 6.3125], "texture": "#2"},
				"west": {"uv": [6.5, 9.75, 6.5625, 9.8125], "texture": "#2"},
				"up": {"uv": [9.8125, 6.5625, 9.75, 6.5], "texture": "#2"},
				"down": {"uv": [6.8125, 9.75, 6.75, 9.8125], "texture": "#2"}
			}
		},
		{
			"name": "hexadecagon",
			"from": [6.6, -5, 7.90054],
			"to": [6.9, -4.8, 8.09946],
			"rotation": {"angle": 22.5, "axis": "x", "origin": [6.75, -4.5, 8]},
			"faces": {
				"north": {"uv": [9.75, 6.75, 9.8125, 6.8125], "texture": "#2"},
				"east": {"uv": [7, 9.75, 7.0625, 9.8125], "texture": "#2"},
				"south": {"uv": [9.75, 7, 9.8125, 7.0625], "texture": "#2"},
				"west": {"uv": [7.25, 9.75, 7.3125, 9.8125], "texture": "#2"},
				"up": {"uv": [9.8125, 7.3125, 9.75, 7.25], "texture": "#2"},
				"down": {"uv": [7.5625, 9.75, 7.5, 9.8125], "texture": "#2"}
			}
		},
		{
			"name": "hexadecagon",
			"from": [6.6, -4.2, 7.90054],
			"to": [6.9, -4, 8.09946],
			"rotation": {"angle": -22.5, "axis": "x", "origin": [6.75, -4.5, 8]},
			"faces": {
				"north": {"uv": [9.75, 7.5, 9.8125, 7.5625], "texture": "#2"},
				"east": {"uv": [7.75, 9.75, 7.8125, 9.8125], "texture": "#2"},
				"south": {"uv": [9.75, 7.75, 9.8125, 7.8125], "texture": "#2"},
				"west": {"uv": [8, 9.75, 8.0625, 9.8125], "texture": "#2"},
				"up": {"uv": [9.8125, 8.0625, 9.75, 8], "texture": "#2"},
				"down": {"uv": [8.3125, 9.75, 8.25, 9.8125], "texture": "#2"}
			}
		},
		{
			"name": "hexadecagon",
			"from": [6.6, -4.2, 7.90054],
			"to": [6.9, -4, 8.09946],
			"rotation": {"angle": 0, "axis": "x", "origin": [6.75, -4.5, 8]},
			"faces": {
				"north": {"uv": [9.75, 8.25, 9.8125, 8.3125], "texture": "#2"},
				"east": {"uv": [8.5, 9.75, 8.5625, 9.8125], "texture": "#2"},
				"south": {"uv": [9.75, 8.5, 9.8125, 8.5625], "texture": "#2"},
				"west": {"uv": [8.75, 9.75, 8.8125, 9.8125], "texture": "#2"},
				"up": {"uv": [9.8125, 8.8125, 9.75, 8.75], "texture": "#2"},
				"down": {"uv": [9.0625, 9.75, 9, 9.8125], "texture": "#2"}
			}
		},
		{
			"name": "hexadecagon",
			"from": [6.6, -4.2, 7.90054],
			"to": [6.9, -4, 8.09946],
			"rotation": {"angle": 22.5, "axis": "x", "origin": [6.75, -4.5, 8]},
			"faces": {
				"north": {"uv": [9.75, 9, 9.8125, 9.0625], "texture": "#2"},
				"east": {"uv": [9.25, 9.75, 9.3125, 9.8125], "texture": "#2"},
				"south": {"uv": [9.75, 9.25, 9.8125, 9.3125], "texture": "#2"},
				"west": {"uv": [9.5, 9.75, 9.5625, 9.8125], "texture": "#2"},
				"up": {"uv": [9.8125, 9.5625, 9.75, 9.5], "texture": "#2"},
				"down": {"uv": [9.8125, 9.75, 9.75, 9.8125], "texture": "#2"}
			}
		},
		{
			"name": "hexadecagon",
			"from": [6.5, -4.54973, 7.75],
			"to": [6.65, -4.45027, 8.25],
			"rotation": {"angle": -45, "axis": "x", "origin": [6.5, -4.5, 8]},
			"faces": {
				"north": {"uv": [4.5, 10.5, 4.53125, 10.53125], "texture": "#2"},
				"east": {"uv": [0, 10, 0.125, 10.03125], "texture": "#2"},
				"south": {"uv": [10.5, 4.5, 10.53125, 4.53125], "texture": "#2"},
				"west": {"uv": [10, 0, 10.125, 0.03125], "texture": "#2"},
				"up": {"uv": [0.28125, 10.125, 0.25, 10], "texture": "#2"},
				"down": {"uv": [10.03125, 0.25, 10, 0.375], "texture": "#2"}
			}
		},
		{
			"name": "hexadecagon",
			"from": [6.5, -4.54973, 7.75],
			"to": [6.65, -4.45027, 8.25],
			"rotation": {"angle": -22.5, "axis": "x", "origin": [6.5, -4.5, 8]},
			"faces": {
				"north": {"uv": [4.75, 10.5, 4.78125, 10.53125], "texture": "#2"},
				"east": {"uv": [0.5, 10, 0.625, 10.03125], "texture": "#2"},
				"south": {"uv": [10.5, 4.75, 10.53125, 4.78125], "texture": "#2"},
				"west": {"uv": [10, 0.5, 10.125, 0.53125], "texture": "#2"},
				"up": {"uv": [0.78125, 10.125, 0.75, 10], "texture": "#2"},
				"down": {"uv": [10.03125, 0.75, 10, 0.875], "texture": "#2"}
			}
		},
		{
			"name": "hexadecagon",
			"from": [6.5, -4.54973, 7.75],
			"to": [6.65, -4.45027, 8.25],
			"rotation": {"angle": 0, "axis": "x", "origin": [6.5, -4.5, 8]},
			"faces": {
				"north": {"uv": [5, 10.5, 5.03125, 10.53125], "texture": "#2"},
				"east": {"uv": [1, 10, 1.125, 10.03125], "texture": "#2"},
				"south": {"uv": [10.5, 5, 10.53125, 5.03125], "texture": "#2"},
				"west": {"uv": [10, 1, 10.125, 1.03125], "texture": "#2"},
				"up": {"uv": [1.28125, 10.125, 1.25, 10], "texture": "#2"},
				"down": {"uv": [10.03125, 1.25, 10, 1.375], "texture": "#2"}
			}
		},
		{
			"name": "hexadecagon",
			"from": [6.5, -4.54973, 7.75],
			"to": [6.65, -4.45027, 8.25],
			"rotation": {"angle": 22.5, "axis": "x", "origin": [6.5, -4.5, 8]},
			"faces": {
				"north": {"uv": [5.25, 10.5, 5.28125, 10.53125], "texture": "#2"},
				"east": {"uv": [1.5, 10, 1.625, 10.03125], "texture": "#2"},
				"south": {"uv": [10.5, 5.25, 10.53125, 5.28125], "texture": "#2"},
				"west": {"uv": [10, 1.5, 10.125, 1.53125], "texture": "#2"},
				"up": {"uv": [1.78125, 10.125, 1.75, 10], "texture": "#2"},
				"down": {"uv": [10.03125, 1.75, 10, 1.875], "texture": "#2"}
			}
		},
		{
			"name": "hexadecagon",
			"from": [6.5, -4.54973, 7.75],
			"to": [6.65, -4.45027, 8.25],
			"rotation": {"angle": 45, "axis": "x", "origin": [6.5, -4.5, 8]},
			"faces": {
				"north": {"uv": [5.5, 10.5, 5.53125, 10.53125], "texture": "#2"},
				"east": {"uv": [2, 10, 2.125, 10.03125], "texture": "#2"},
				"south": {"uv": [10.5, 5.5, 10.53125, 5.53125], "texture": "#2"},
				"west": {"uv": [10, 2, 10.125, 2.03125], "texture": "#2"},
				"up": {"uv": [2.28125, 10.125, 2.25, 10], "texture": "#2"},
				"down": {"uv": [10.03125, 2.25, 10, 2.375], "texture": "#2"}
			}
		},
		{
			"name": "hexadecagon",
			"from": [6.5, -4.75, 7.95027],
			"to": [6.65, -4.25, 8.04973],
			"rotation": {"angle": -22.5, "axis": "x", "origin": [6.5, -4.5, 8]},
			"faces": {
				"north": {"uv": [2.5, 10, 2.53125, 10.125], "texture": "#2"},
				"east": {"uv": [10, 2.5, 10.03125, 2.625], "texture": "#2"},
				"south": {"uv": [2.75, 10, 2.78125, 10.125], "texture": "#2"},
				"west": {"uv": [10, 2.75, 10.03125, 2.875], "texture": "#2"},
				"up": {"uv": [5.78125, 10.53125, 5.75, 10.5], "texture": "#2"},
				"down": {"uv": [10.53125, 5.75, 10.5, 5.78125], "texture": "#2"}
			}
		},
		{
			"name": "hexadecagon",
			"from": [6.5, -4.75, 7.95027],
			"to": [6.65, -4.25, 8.04973],
			"rotation": {"angle": 0, "axis": "x", "origin": [6.5, -4.5, 8]},
			"faces": {
				"north": {"uv": [3, 10, 3.03125, 10.125], "texture": "#2"},
				"east": {"uv": [10, 3, 10.03125, 3.125], "texture": "#2"},
				"south": {"uv": [3.25, 10, 3.28125, 10.125], "texture": "#2"},
				"west": {"uv": [10, 3.25, 10.03125, 3.375], "texture": "#2"},
				"up": {"uv": [6.03125, 10.53125, 6, 10.5], "texture": "#2"},
				"down": {"uv": [10.53125, 6, 10.5, 6.03125], "texture": "#2"}
			}
		},
		{
			"name": "hexadecagon",
			"from": [6.5, -4.75, 7.95027],
			"to": [6.65, -4.25, 8.04973],
			"rotation": {"angle": 22.5, "axis": "x", "origin": [6.5, -4.5, 8]},
			"faces": {
				"north": {"uv": [3.5, 10, 3.53125, 10.125], "texture": "#2"},
				"east": {"uv": [10, 3.5, 10.03125, 3.625], "texture": "#2"},
				"south": {"uv": [3.75, 10, 3.78125, 10.125], "texture": "#2"},
				"west": {"uv": [10, 3.75, 10.03125, 3.875], "texture": "#2"},
				"up": {"uv": [6.28125, 10.53125, 6.25, 10.5], "texture": "#2"},
				"down": {"uv": [10.53125, 6.25, 10.5, 6.28125], "texture": "#2"}
			}
		},
		{
			"name": "hexadecagon",
			"from": [7.95, -4.29973, 6.65],
			"to": [8.05, -4.15027, 6.8],
			"rotation": {"angle": 0, "axis": "x", "origin": [8, -4.25, 6.5]},
			"faces": {
				"north": {"uv": [6.5, 10.5, 6.53125, 10.53125], "texture": "#2"},
				"east": {"uv": [10.5, 6.5, 10.53125, 6.53125], "texture": "#2"},
				"south": {"uv": [6.75, 10.5, 6.78125, 10.53125], "texture": "#2"},
				"west": {"uv": [10.5, 6.75, 10.53125, 6.78125], "texture": "#2"},
				"up": {"uv": [7.03125, 10.53125, 7, 10.5], "texture": "#2"},
				"down": {"uv": [10.53125, 7, 10.5, 7.03125], "texture": "#2"}
			}
		},
		{
			"name": "hexadecagon",
			"from": [7.95, -4.09973, 6.65],
			"to": [8.05, -3.95027, 6.8],
			"rotation": {"angle": 0, "axis": "x", "origin": [8, -4.25, 6.5]},
			"faces": {
				"north": {"uv": [7.25, 10.5, 7.28125, 10.53125], "texture": "#2"},
				"east": {"uv": [10.5, 7.25, 10.53125, 7.28125], "texture": "#2"},
				"south": {"uv": [7.5, 10.5, 7.53125, 10.53125], "texture": "#2"},
				"west": {"uv": [10.5, 7.5, 10.53125, 7.53125], "texture": "#2"},
				"up": {"uv": [7.78125, 10.53125, 7.75, 10.5], "texture": "#2"},
				"down": {"uv": [10.53125, 7.75, 10.5, 7.78125], "texture": "#2"}
			}
		},
		{
			"name": "hexadecagon",
			"from": [8.175, -4.32459, 6.6],
			"to": [8.375, -4.17541, 6.9],
			"rotation": {"angle": -45, "axis": "z", "origin": [8, -4.25, 6.75]},
			"faces": {
				"north": {"uv": [10.25, 3.25, 10.3125, 3.28125], "texture": "#2"},
				"east": {"uv": [3.5, 10.25, 3.5625, 10.28125], "texture": "#2"},
				"south": {"uv": [10.25, 3.5, 10.3125, 3.53125], "texture": "#2"},
				"west": {"uv": [3.75, 10.25, 3.8125, 10.28125], "texture": "#2"},
				"up": {"uv": [4.0625, 10.0625, 4, 10], "texture": "#2"},
				"down": {"uv": [10.0625, 4, 10, 4.0625], "texture": "#2"}
			}
		},
		{
			"name": "hexadecagon",
			"from": [8.175, -4.32459, 6.6],
			"to": [8.375, -4.17541, 6.9],
			"rotation": {"angle": -22.5, "axis": "z", "origin": [8, -4.25, 6.75]},
			"faces": {
				"north": {"uv": [10.25, 3.75, 10.3125, 3.78125], "texture": "#2"},
				"east": {"uv": [4, 10.25, 4.0625, 10.28125], "texture": "#2"},
				"south": {"uv": [10.25, 4, 10.3125, 4.03125], "texture": "#2"},
				"west": {"uv": [4.25, 10.25, 4.3125, 10.28125], "texture": "#2"},
				"up": {"uv": [4.3125, 10.0625, 4.25, 10], "texture": "#2"},
				"down": {"uv": [10.0625, 4.25, 10, 4.3125], "texture": "#2"}
			}
		},
		{
			"name": "hexadecagon",
			"from": [8.175, -4.32459, 6.6],
			"to": [8.375, -3.92541, 6.9],
			"rotation": {"angle": 0, "axis": "x", "origin": [8, -4.25, 6.75]},
			"faces": {
				"north": {"uv": [1.75, 9.5, 1.8125, 9.59375], "texture": "#2"},
				"east": {"uv": [9.5, 1.75, 9.5625, 1.84375], "texture": "#2"},
				"south": {"uv": [2, 9.5, 2.0625, 9.59375], "texture": "#2"},
				"west": {"uv": [9.5, 2, 9.5625, 2.09375], "texture": "#2"},
				"up": {"uv": [4.5625, 10.0625, 4.5, 10], "texture": "#2"},
				"down": {"uv": [10.0625, 4.5, 10, 4.5625], "texture": "#2"}
			}
		},
		{
			"name": "hexadecagon",
			"from": [7.625, -4.32459, 6.6],
			"to": [7.825, -3.92541, 6.9],
			"rotation": {"angle": 0, "axis": "x", "origin": [8, -4.25, 6.75]},
			"faces": {
				"north": {"uv": [2.25, 9.5, 2.3125, 9.59375], "texture": "#2"},
				"east": {"uv": [9.5, 2.25, 9.5625, 2.34375], "texture": "#2"},
				"south": {"uv": [2.5, 9.5, 2.5625, 9.59375], "texture": "#2"},
				"west": {"uv": [9.5, 2.5, 9.5625, 2.59375], "texture": "#2"},
				"up": {"uv": [4.8125, 10.0625, 4.75, 10], "texture": "#2"},
				"down": {"uv": [10.0625, 4.75, 10, 4.8125], "texture": "#2"}
			}
		},
		{
			"name": "hexadecagon",
			"from": [7.625, -4.32459, 6.6],
			"to": [7.825, -4.17541, 6.9],
			"rotation": {"angle": 22.5, "axis": "z", "origin": [8, -4.25, 6.75]},
			"faces": {
				"north": {"uv": [10.25, 4.25, 10.3125, 4.28125], "texture": "#2"},
				"east": {"uv": [4.5, 10.25, 4.5625, 10.28125], "texture": "#2"},
				"south": {"uv": [10.25, 4.5, 10.3125, 4.53125], "texture": "#2"},
				"west": {"uv": [4.75, 10.25, 4.8125, 10.28125], "texture": "#2"},
				"up": {"uv": [5.0625, 10.0625, 5, 10], "texture": "#2"},
				"down": {"uv": [10.0625, 5, 10, 5.0625], "texture": "#2"}
			}
		},
		{
			"name": "hexadecagon",
			"from": [7.625, -4.32459, 6.6],
			"to": [7.825, -4.17541, 6.9],
			"rotation": {"angle": 45, "axis": "z", "origin": [8, -4.25, 6.75]},
			"faces": {
				"north": {"uv": [10.25, 4.75, 10.3125, 4.78125], "texture": "#2"},
				"east": {"uv": [5, 10.25, 5.0625, 10.28125], "texture": "#2"},
				"south": {"uv": [10.25, 5, 10.3125, 5.03125], "texture": "#2"},
				"west": {"uv": [5.25, 10.25, 5.3125, 10.28125], "texture": "#2"},
				"up": {"uv": [5.3125, 10.0625, 5.25, 10], "texture": "#2"},
				"down": {"uv": [10.0625, 5.25, 10, 5.3125], "texture": "#2"}
			}
		},
		{
			"name": "hexadecagon",
			"from": [7.92541, -4.625, 6.6],
			"to": [8.07459, -4.425, 6.9],
			"rotation": {"angle": -22.5, "axis": "z", "origin": [8, -4.25, 6.75]},
			"faces": {
				"north": {"uv": [10.25, 5.25, 10.28125, 5.3125], "texture": "#2"},
				"east": {"uv": [5.5, 10, 5.5625, 10.0625], "texture": "#2"},
				"south": {"uv": [5.5, 10.25, 5.53125, 10.3125], "texture": "#2"},
				"west": {"uv": [10, 5.5, 10.0625, 5.5625], "texture": "#2"},
				"up": {"uv": [10.28125, 5.5625, 10.25, 5.5], "texture": "#2"},
				"down": {"uv": [5.78125, 10.25, 5.75, 10.3125], "texture": "#2"}
			}
		},
		{
			"name": "hexadecagon",
			"from": [7.92541, -4.625, 6.6],
			"to": [8.07459, -4.425, 6.9],
			"rotation": {"angle": 0, "axis": "x", "origin": [8, -4.25, 6.75]},
			"faces": {
				"north": {"uv": [10.25, 5.75, 10.28125, 5.8125], "texture": "#2"},
				"east": {"uv": [5.75, 10, 5.8125, 10.0625], "texture": "#2"},
				"south": {"uv": [6, 10.25, 6.03125, 10.3125], "texture": "#2"},
				"west": {"uv": [10, 5.75, 10.0625, 5.8125], "texture": "#2"},
				"up": {"uv": [10.28125, 6.0625, 10.25, 6], "texture": "#2"},
				"down": {"uv": [6.28125, 10.25, 6.25, 10.3125], "texture": "#2"}
			}
		},
		{
			"name": "hexadecagon",
			"from": [7.92541, -4.625, 6.6],
			"to": [8.07459, -4.425, 6.9],
			"rotation": {"angle": 22.5, "axis": "z", "origin": [8, -4.25, 6.75]},
			"faces": {
				"north": {"uv": [10.25, 6.25, 10.28125, 6.3125], "texture": "#2"},
				"east": {"uv": [6, 10, 6.0625, 10.0625], "texture": "#2"},
				"south": {"uv": [6.5, 10.25, 6.53125, 10.3125], "texture": "#2"},
				"west": {"uv": [10, 6, 10.0625, 6.0625], "texture": "#2"},
				"up": {"uv": [10.28125, 6.5625, 10.25, 6.5], "texture": "#2"},
				"down": {"uv": [6.78125, 10.25, 6.75, 10.3125], "texture": "#2"}
			}
		},
		{
			"name": "hexadecagon",
			"from": [8.175, -4.07459, 6.6],
			"to": [8.375, -3.92541, 6.9],
			"rotation": {"angle": 22.5, "axis": "z", "origin": [8, -4, 6.75]},
			"faces": {
				"north": {"uv": [10.25, 6.75, 10.3125, 6.78125], "texture": "#2"},
				"east": {"uv": [7, 10.25, 7.0625, 10.28125], "texture": "#2"},
				"south": {"uv": [10.25, 7, 10.3125, 7.03125], "texture": "#2"},
				"west": {"uv": [7.25, 10.25, 7.3125, 10.28125], "texture": "#2"},
				"up": {"uv": [6.3125, 10.0625, 6.25, 10], "texture": "#2"},
				"down": {"uv": [10.0625, 6.25, 10, 6.3125], "texture": "#2"}
			}
		},
		{
			"name": "hexadecagon",
			"from": [8.175, -4.07459, 6.6],
			"to": [8.375, -3.92541, 6.9],
			"rotation": {"angle": 45, "axis": "z", "origin": [8, -4, 6.75]},
			"faces": {
				"north": {"uv": [10.25, 7.25, 10.3125, 7.28125], "texture": "#2"},
				"east": {"uv": [7.5, 10.25, 7.5625, 10.28125], "texture": "#2"},
				"south": {"uv": [10.25, 7.5, 10.3125, 7.53125], "texture": "#2"},
				"west": {"uv": [7.75, 10.25, 7.8125, 10.28125], "texture": "#2"},
				"up": {"uv": [6.5625, 10.0625, 6.5, 10], "texture": "#2"},
				"down": {"uv": [10.0625, 6.5, 10, 6.5625], "texture": "#2"}
			}
		},
		{
			"name": "hexadecagon",
			"from": [7.92541, -3.825, 6.6],
			"to": [8.07459, -3.625, 6.9],
			"rotation": {"angle": -22.5, "axis": "z", "origin": [8, -4, 6.75]},
			"faces": {
				"north": {"uv": [10.25, 7.75, 10.28125, 7.8125], "texture": "#2"},
				"east": {"uv": [6.75, 10, 6.8125, 10.0625], "texture": "#2"},
				"south": {"uv": [8, 10.25, 8.03125, 10.3125], "texture": "#2"},
				"west": {"uv": [10, 6.75, 10.0625, 6.8125], "texture": "#2"},
				"up": {"uv": [10.28125, 8.0625, 10.25, 8], "texture": "#2"},
				"down": {"uv": [8.28125, 10.25, 8.25, 10.3125], "texture": "#2"}
			}
		},
		{
			"name": "hexadecagon",
			"from": [7.92541, -3.825, 6.6],
			"to": [8.07459, -3.625, 6.9],
			"rotation": {"angle": 0, "axis": "x", "origin": [8, -4, 6.75]},
			"faces": {
				"north": {"uv": [10.25, 8.25, 10.28125, 8.3125], "texture": "#2"},
				"east": {"uv": [7, 10, 7.0625, 10.0625], "texture": "#2"},
				"south": {"uv": [8.5, 10.25, 8.53125, 10.3125], "texture": "#2"},
				"west": {"uv": [10, 7, 10.0625, 7.0625], "texture": "#2"},
				"up": {"uv": [10.28125, 8.5625, 10.25, 8.5], "texture": "#2"},
				"down": {"uv": [8.78125, 10.25, 8.75, 10.3125], "texture": "#2"}
			}
		},
		{
			"name": "hexadecagon",
			"from": [7.625, -4.07459, 6.6],
			"to": [7.825, -3.92541, 6.9],
			"rotation": {"angle": -45, "axis": "z", "origin": [8, -4, 6.75]},
			"faces": {
				"north": {"uv": [10.25, 8.75, 10.3125, 8.78125], "texture": "#2"},
				"east": {"uv": [9, 10.25, 9.0625, 10.28125], "texture": "#2"},
				"south": {"uv": [10.25, 9, 10.3125, 9.03125], "texture": "#2"},
				"west": {"uv": [9.25, 10.25, 9.3125, 10.28125], "texture": "#2"},
				"up": {"uv": [7.3125, 10.0625, 7.25, 10], "texture": "#2"},
				"down": {"uv": [10.0625, 7.25, 10, 7.3125], "texture": "#2"}
			}
		},
		{
			"name": "hexadecagon",
			"from": [7.92541, -3.825, 6.6],
			"to": [8.07459, -3.625, 6.9],
			"rotation": {"angle": 22.5, "axis": "z", "origin": [8, -4, 6.75]},
			"faces": {
				"north": {"uv": [10.25, 9.25, 10.28125, 9.3125], "texture": "#2"},
				"east": {"uv": [7.5, 10, 7.5625, 10.0625], "texture": "#2"},
				"south": {"uv": [9.5, 10.25, 9.53125, 10.3125], "texture": "#2"},
				"west": {"uv": [10, 7.5, 10.0625, 7.5625], "texture": "#2"},
				"up": {"uv": [10.28125, 9.5625, 10.25, 9.5], "texture": "#2"},
				"down": {"uv": [9.78125, 10.25, 9.75, 10.3125], "texture": "#2"}
			}
		},
		{
			"name": "hexadecagon",
			"from": [7.625, -4.07459, 6.6],
			"to": [7.825, -3.92541, 6.9],
			"rotation": {"angle": -22.5, "axis": "z", "origin": [8, -4, 6.75]},
			"faces": {
				"north": {"uv": [10.25, 9.75, 10.3125, 9.78125], "texture": "#2"},
				"east": {"uv": [10, 10.25, 10.0625, 10.28125], "texture": "#2"},
				"south": {"uv": [10.25, 10, 10.3125, 10.03125], "texture": "#2"},
				"west": {"uv": [10.25, 10.25, 10.3125, 10.28125], "texture": "#2"},
				"up": {"uv": [7.8125, 10.0625, 7.75, 10], "texture": "#2"},
				"down": {"uv": [10.0625, 7.75, 10, 7.8125], "texture": "#2"}
			}
		},
		{
			"name": "hexadecagon",
			"from": [7.75136, -4, 6.75],
			"to": [8.24864, -3, 9.25],
			"rotation": {"angle": -45, "axis": "y", "origin": [8, -3.5, 8]},
			"faces": {
				"north": {"uv": [0.25, 8.5, 0.375, 8.75], "texture": "#2"},
				"east": {"uv": [6, 3.25, 6.625, 3.5], "texture": "#2"},
				"south": {"uv": [7.5, 8.5, 7.625, 8.75], "texture": "#2"},
				"west": {"uv": [6, 3.5, 6.625, 3.75], "texture": "#2"},
				"up": {"uv": [2.125, 8.125, 2, 7.5], "texture": "#2"},
				"down": {"uv": [7.625, 4.5, 7.5, 5.125], "texture": "#2"}
			}
		},
		{
			"name": "hexadecagon",
			"from": [7.75136, -4, 6.75],
			"to": [8.24864, -3, 9.25],
			"rotation": {"angle": -22.5, "axis": "y", "origin": [8, -3.5, 8]},
			"faces": {
				"north": {"uv": [7.75, 8.5, 7.875, 8.75], "texture": "#2"},
				"east": {"uv": [6, 3.75, 6.625, 4], "texture": "#2"},
				"south": {"uv": [8.5, 8.25, 8.625, 8.5], "texture": "#2"},
				"west": {"uv": [6, 4, 6.625, 4.25], "texture": "#2"},
				"up": {"uv": [4.875, 8.125, 4.75, 7.5], "texture": "#2"},
				"down": {"uv": [5.125, 7.5, 5, 8.125], "texture": "#2"}
			}
		},
		{
			"name": "hexadecagon",
			"from": [7.75136, -4, 6.75],
			"to": [8.24864, -3, 9.25],
			"rotation": {"angle": 0, "axis": "x", "origin": [8, -3.5, 8]},
			"faces": {
				"north": {"uv": [8.75, 0, 8.875, 0.25], "texture": "#2"},
				"east": {"uv": [6, 4.25, 6.625, 4.5], "texture": "#2"},
				"south": {"uv": [0.25, 8.75, 0.375, 9], "texture": "#2"},
				"west": {"uv": [4.5, 6, 5.125, 6.25], "texture": "#2"},
				"up": {"uv": [5.375, 8.125, 5.25, 7.5], "texture": "#2"},
				"down": {"uv": [5.625, 7.5, 5.5, 8.125], "texture": "#2"}
			}
		},
		{
			"name": "hexadecagon",
			"from": [7.75136, -4, 6.75],
			"to": [8.24864, -3, 9.25],
			"rotation": {"angle": 22.5, "axis": "y", "origin": [8, -3.5, 8]},
			"faces": {
				"north": {"uv": [8.75, 0.25, 8.875, 0.5], "texture": "#2"},
				"east": {"uv": [6, 4.5, 6.625, 4.75], "texture": "#2"},
				"south": {"uv": [0.5, 8.75, 0.625, 9], "texture": "#2"},
				"west": {"uv": [6, 4.75, 6.625, 5], "texture": "#2"},
				"up": {"uv": [5.875, 8.125, 5.75, 7.5], "texture": "#2"},
				"down": {"uv": [6.125, 7.5, 6, 8.125], "texture": "#2"}
			}
		},
		{
			"name": "hexadecagon",
			"from": [7.75136, -4, 6.75],
			"to": [8.24864, -3, 9.25],
			"rotation": {"angle": 45, "axis": "y", "origin": [8, -3.5, 8]},
			"faces": {
				"north": {"uv": [0.75, 8.75, 0.875, 9], "texture": "#2"},
				"east": {"uv": [6, 5, 6.625, 5.25], "texture": "#2"},
				"south": {"uv": [8.75, 0.75, 8.875, 1], "texture": "#2"},
				"west": {"uv": [6, 5.25, 6.625, 5.5], "texture": "#2"},
				"up": {"uv": [6.875, 8.125, 6.75, 7.5], "texture": "#2"},
				"down": {"uv": [7.125, 7.5, 7, 8.125], "texture": "#2"}
			}
		},
		{
			"name": "hexadecagon",
			"from": [6.75, -4, 7.75136],
			"to": [9.25, -3, 8.24864],
			"rotation": {"angle": -22.5, "axis": "y", "origin": [8, -3.5, 8]},
			"faces": {
				"north": {"uv": [6, 5.5, 6.625, 5.75], "texture": "#2"},
				"east": {"uv": [1, 8.75, 1.125, 9], "texture": "#2"},
				"south": {"uv": [6, 5.75, 6.625, 6], "texture": "#2"},
				"west": {"uv": [8.75, 1, 8.875, 1.25], "texture": "#2"},
				"up": {"uv": [8.125, 5.375, 7.5, 5.25], "texture": "#2"},
				"down": {"uv": [7.875, 7.5, 7.25, 7.625], "texture": "#2"}
			}
		},
		{
			"name": "hexadecagon",
			"from": [6.75, -4, 7.75136],
			"to": [9.25, -3, 8.24864],
			"rotation": {"angle": 0, "axis": "x", "origin": [8, -3.5, 8]},
			"faces": {
				"north": {"uv": [6, 6, 6.625, 6.25], "texture": "#2"},
				"east": {"uv": [1.25, 8.75, 1.375, 9], "texture": "#2"},
				"south": {"uv": [0, 6.25, 0.625, 6.5], "texture": "#2"},
				"west": {"uv": [8.75, 1.25, 8.875, 1.5], "texture": "#2"},
				"up": {"uv": [8.125, 7.375, 7.5, 7.25], "texture": "#2"},
				"down": {"uv": [8.375, 0, 7.75, 0.125], "texture": "#2"}
			}
		},
		{
			"name": "hexadecagon",
			"from": [6.75, -4, 7.75136],
			"to": [9.25, -3, 8.24864],
			"rotation": {"angle": 22.5, "axis": "y", "origin": [8, -3.5, 8]},
			"faces": {
				"north": {"uv": [6.25, 0, 6.875, 0.25], "texture": "#2"},
				"east": {"uv": [1.5, 8.75, 1.625, 9], "texture": "#2"},
				"south": {"uv": [6.25, 0.25, 6.875, 0.5], "texture": "#2"},
				"west": {"uv": [8.75, 1.5, 8.875, 1.75], "texture": "#2"},
				"up": {"uv": [8.375, 0.375, 7.75, 0.25], "texture": "#2"},
				"down": {"uv": [1.125, 7.75, 0.5, 7.875], "texture": "#2"}
			}
		},
		{
			"name": "hexadecagon",
			"from": [7.75136, -3, 6.75],
			"to": [8.24864, -2, 6.95],
			"rotation": {"angle": -45, "axis": "y", "origin": [8, -2.5, 8]},
			"faces": {
				"north": {"uv": [1.75, 8.75, 1.875, 9], "texture": "#2"},
				"east": {"uv": [8.75, 8.25, 8.8125, 8.5], "texture": "#2"},
				"south": {"uv": [8.75, 1.75, 8.875, 2], "texture": "#2"},
				"west": {"uv": [9, 0, 9.0625, 0.25], "texture": "#2"},
				"up": {"uv": [9.375, 1.5625, 9.25, 1.5], "texture": "#2"},
				"down": {"uv": [1.875, 9.25, 1.75, 9.3125], "texture": "#2"}
			}
		},
		{
			"name": "hexadecagon",
			"from": [7.75136, -3, 6.75],
			"to": [8.24864, -2, 6.95],
			"rotation": {"angle": -22.5, "axis": "y", "origin": [8, -2.5, 8]},
			"faces": {
				"north": {"uv": [2, 8.75, 2.125, 9], "texture": "#2"},
				"east": {"uv": [0.25, 9, 0.3125, 9.25], "texture": "#2"},
				"south": {"uv": [8.75, 2, 8.875, 2.25], "texture": "#2"},
				"west": {"uv": [9, 0.25, 9.0625, 0.5], "texture": "#2"},
				"up": {"uv": [9.375, 1.8125, 9.25, 1.75], "texture": "#2"},
				"down": {"uv": [2.125, 9.25, 2, 9.3125], "texture": "#2"}
			}
		},
		{
			"name": "hexadecagon",
			"from": [7.75136, -3, 6.75],
			"to": [8.24864, -2.25, 6.95],
			"rotation": {"angle": 0, "axis": "x", "origin": [8, -2.5, 8]},
			"faces": {
				"north": {"uv": [3, 8.75, 3.125, 8.9375], "texture": "#2"},
				"east": {"uv": [9.25, 0, 9.3125, 0.1875], "texture": "#2"},
				"south": {"uv": [8.75, 3, 8.875, 3.1875], "texture": "#2"},
				"west": {"uv": [0.25, 9.25, 0.3125, 9.4375], "texture": "#2"},
				"up": {"uv": [9.375, 2.0625, 9.25, 2], "texture": "#2"},
				"down": {"uv": [2.375, 9.25, 2.25, 9.3125], "texture": "#2"}
			}
		},
		{
			"name": "hexadecagon",
			"from": [7.75136, -3, 6.75],
			"to": [8.24864, -2.25, 6.95],
			"rotation": {"angle": 22.5, "axis": "y", "origin": [8, -2.5, 8]},
			"faces": {
				"north": {"uv": [3.25, 8.75, 3.375, 8.9375], "texture": "#2"},
				"east": {"uv": [9.25, 0.25, 9.3125, 0.4375], "texture": "#2"},
				"south": {"uv": [8.75, 3.25, 8.875, 3.4375], "texture": "#2"},
				"west": {"uv": [0.5, 9.25, 0.5625, 9.4375], "texture": "#2"},
				"up": {"uv": [9.375, 2.3125, 9.25, 2.25], "texture": "#2"},
				"down": {"uv": [2.625, 9.25, 2.5, 9.3125], "texture": "#2"}
			}
		},
		{
			"name": "hexadecagon",
			"from": [7.75136, -3, 6.75],
			"to": [8.24864, -2.5, 6.95],
			"rotation": {"angle": 45, "axis": "y", "origin": [8, -2.5, 8]},
			"faces": {
				"north": {"uv": [0.5, 9, 0.625, 9.125], "texture": "#2"},
				"east": {"uv": [9.25, 2.5, 9.3125, 2.625], "texture": "#2"},
				"south": {"uv": [9, 0.5, 9.125, 0.625], "texture": "#2"},
				"west": {"uv": [2.75, 9.25, 2.8125, 9.375], "texture": "#2"},
				"up": {"uv": [9.375, 2.8125, 9.25, 2.75], "texture": "#2"},
				"down": {"uv": [3.125, 9.25, 3, 9.3125], "texture": "#2"}
			}
		},
		{
			"name": "hexadecagon",
			"from": [7.75136, -3, 9.05],
			"to": [8.24864, -2.5, 9.25],
			"rotation": {"angle": -45, "axis": "y", "origin": [8, -2.5, 8]},
			"faces": {
				"north": {"uv": [0.75, 9, 0.875, 9.125], "texture": "#2"},
				"east": {"uv": [9.25, 3, 9.3125, 3.125], "texture": "#2"},
				"south": {"uv": [9, 0.75, 9.125, 0.875], "texture": "#2"},
				"west": {"uv": [3.25, 9.25, 3.3125, 9.375], "texture": "#2"},
				"up": {"uv": [9.375, 3.3125, 9.25, 3.25], "texture": "#2"},
				"down": {"uv": [3.625, 9.25, 3.5, 9.3125], "texture": "#2"}
			}
		},
		{
			"name": "hexadecagon",
			"from": [7.75136, -3, 9.05],
			"to": [8.24864, -2.25, 9.25],
			"rotation": {"angle": -22.5, "axis": "y", "origin": [8, -2.5, 8]},
			"faces": {
				"north": {"uv": [3.5, 8.75, 3.625, 8.9375], "texture": "#2"},
				"east": {"uv": [9.25, 0.5, 9.3125, 0.6875], "texture": "#2"},
				"south": {"uv": [8.75, 3.5, 8.875, 3.6875], "texture": "#2"},
				"west": {"uv": [0.75, 9.25, 0.8125, 9.4375], "texture": "#2"},
				"up": {"uv": [9.375, 3.5625, 9.25, 3.5], "texture": "#2"},
				"down": {"uv": [3.875, 9.25, 3.75, 9.3125], "texture": "#2"}
			}
		},
		{
			"name": "hexadecagon",
			"from": [7.75136, -3, 9.05],
			"to": [8.24864, -2.25, 9.25],
			"rotation": {"angle": 0, "axis": "x", "origin": [8, -2.5, 8]},
			"faces": {
				"north": {"uv": [3.75, 8.75, 3.875, 8.9375], "texture": "#2"},
				"east": {"uv": [9.25, 0.75, 9.3125, 0.9375], "texture": "#2"},
				"south": {"uv": [8.75, 3.75, 8.875, 3.9375], "texture": "#2"},
				"west": {"uv": [1, 9.25, 1.0625, 9.4375], "texture": "#2"},
				"up": {"uv": [9.375, 3.8125, 9.25, 3.75], "texture": "#2"},
				"down": {"uv": [4.125, 9.25, 4, 9.3125], "texture": "#2"}
			}
		},
		{
			"name": "hexadecagon",
			"from": [7.75136, -3, 9.05],
			"to": [8.24864, -2, 9.25],
			"rotation": {"angle": 22.5, "axis": "y", "origin": [8, -2.5, 8]},
			"faces": {
				"north": {"uv": [2.25, 8.75, 2.375, 9], "texture": "#2"},
				"east": {"uv": [1, 9, 1.0625, 9.25], "texture": "#2"},
				"south": {"uv": [8.75, 2.25, 8.875, 2.5], "texture": "#2"},
				"west": {"uv": [9, 1, 9.0625, 1.25], "texture": "#2"},
				"up": {"uv": [9.375, 4.0625, 9.25, 4], "texture": "#2"},
				"down": {"uv": [4.375, 9.25, 4.25, 9.3125], "texture": "#2"}
			}
		},
		{
			"name": "hexadecagon",
			"from": [7.75136, -3, 9.05],
			"to": [8.24864, -2, 9.25],
			"rotation": {"angle": 45, "axis": "y", "origin": [8, -2.5, 8]},
			"faces": {
				"north": {"uv": [2.5, 8.75, 2.625, 9], "texture": "#2"},
				"east": {"uv": [1.25, 9, 1.3125, 9.25], "texture": "#2"},
				"south": {"uv": [8.75, 2.5, 8.875, 2.75], "texture": "#2"},
				"west": {"uv": [9, 1.25, 9.0625, 1.5], "texture": "#2"},
				"up": {"uv": [9.375, 4.3125, 9.25, 4.25], "texture": "#2"},
				"down": {"uv": [4.625, 9.25, 4.5, 9.3125], "texture": "#2"}
			}
		},
		{
			"name": "hexadecagon",
			"from": [9.05, -3, 7.75136],
			"to": [9.25, -1.75, 8.24864],
			"rotation": {"angle": -22.5, "axis": "y", "origin": [8, -2.5, 8]},
			"faces": {
				"north": {"uv": [7.75, 8.75, 7.8125, 9.0625], "texture": "#2"},
				"east": {"uv": [2, 8.25, 2.125, 8.5625], "texture": "#2"},
				"south": {"uv": [8, 8.75, 8.0625, 9.0625], "texture": "#2"},
				"west": {"uv": [8.25, 7.5, 8.375, 7.8125], "texture": "#2"},
				"up": {"uv": [9.3125, 4.625, 9.25, 4.5], "texture": "#2"},
				"down": {"uv": [4.8125, 9.25, 4.75, 9.375], "texture": "#2"}
			}
		},
		{
			"name": "hexadecagon",
			"from": [9.05, -3, 7.75136],
			"to": [9.25, -1.75, 8.24864],
			"rotation": {"angle": 0, "axis": "x", "origin": [8, -2.5, 8]},
			"faces": {
				"north": {"uv": [8.25, 8.75, 8.3125, 9.0625], "texture": "#2"},
				"east": {"uv": [8, 8.25, 8.125, 8.5625], "texture": "#2"},
				"south": {"uv": [8.5, 8.75, 8.5625, 9.0625], "texture": "#2"},
				"west": {"uv": [8.25, 8, 8.375, 8.3125], "texture": "#2"},
				"up": {"uv": [9.3125, 4.875, 9.25, 4.75], "texture": "#2"},
				"down": {"uv": [5.0625, 9.25, 5, 9.375], "texture": "#2"}
			}
		},
		{
			"name": "hexadecagon",
			"from": [9.05, -3, 7.75136],
			"to": [9.25, -1.75, 8.24864],
			"rotation": {"angle": 22.5, "axis": "y", "origin": [8, -2.5, 8]},
			"faces": {
				"north": {"uv": [8.75, 8.75, 8.8125, 9.0625], "texture": "#2"},
				"east": {"uv": [0, 8.5, 0.125, 8.8125], "texture": "#2"},
				"south": {"uv": [0, 9, 0.0625, 9.3125], "texture": "#2"},
				"west": {"uv": [8.5, 0, 8.625, 0.3125], "texture": "#2"},
				"up": {"uv": [9.3125, 5.125, 9.25, 5], "texture": "#2"},
				"down": {"uv": [5.3125, 9.25, 5.25, 9.375], "texture": "#2"}
			}
		},
		{
			"name": "hexadecagon",
			"from": [6.75, -3, 7.75136],
			"to": [6.95, -2.5, 8.24864],
			"rotation": {"angle": -22.5, "axis": "y", "origin": [8, -2.5, 8]},
			"faces": {
				"north": {"uv": [9.25, 5.25, 9.3125, 5.375], "texture": "#2"},
				"east": {"uv": [1.5, 9, 1.625, 9.125], "texture": "#2"},
				"south": {"uv": [5.5, 9.25, 5.5625, 9.375], "texture": "#2"},
				"west": {"uv": [9, 1.5, 9.125, 1.625], "texture": "#2"},
				"up": {"uv": [9.3125, 5.625, 9.25, 5.5], "texture": "#2"},
				"down": {"uv": [5.8125, 9.25, 5.75, 9.375], "texture": "#2"}
			}
		},
		{
			"name": "hexadecagon",
			"from": [6.75, -3, 7.75136],
			"to": [6.95, -2.5, 8.24864],
			"rotation": {"angle": 0, "axis": "x", "origin": [8, -2.5, 8]},
			"faces": {
				"north": {"uv": [9.25, 5.75, 9.3125, 5.875], "texture": "#2"},
				"east": {"uv": [1.75, 9, 1.875, 9.125], "texture": "#2"},
				"south": {"uv": [6, 9.25, 6.0625, 9.375], "texture": "#2"},
				"west": {"uv": [9, 1.75, 9.125, 1.875], "texture": "#2"},
				"up": {"uv": [9.3125, 6.125, 9.25, 6], "texture": "#2"},
				"down": {"uv": [6.3125, 9.25, 6.25, 9.375], "texture": "#2"}
			}
		},
		{
			"name": "hexadecagon",
			"from": [6.75, -3, 7.75136],
			"to": [6.95, -2.5, 8.24864],
			"rotation": {"angle": 22.5, "axis": "y", "origin": [8, -2.5, 8]},
			"faces": {
				"north": {"uv": [9.25, 6.25, 9.3125, 6.375], "texture": "#2"},
				"east": {"uv": [2, 9, 2.125, 9.125], "texture": "#2"},
				"south": {"uv": [6.5, 9.25, 6.5625, 9.375], "texture": "#2"},
				"west": {"uv": [9, 2, 9.125, 2.125], "texture": "#2"},
				"up": {"uv": [9.3125, 6.625, 9.25, 6.5], "texture": "#2"},
				"down": {"uv": [6.8125, 9.25, 6.75, 9.375], "texture": "#2"}
			}
		},
		{
			"name": "hexadecagon",
			"from": [7.75136, -11, 6.75],
			"to": [8.24864, -4, 9.25],
			"rotation": {"angle": -45, "axis": "y", "origin": [8, -10.5, 8]},
			"faces": {
				"north": {"uv": [2.25, 5.25, 2.375, 7], "texture": "#2"},
				"east": {"uv": [0, 0, 0.625, 1.75], "texture": "#2"},
				"south": {"uv": [2.5, 5.25, 2.625, 7], "texture": "#2"},
				"west": {"uv": [0.75, 0, 1.375, 1.75], "texture": "#2"},
				"up": {"uv": [1.375, 8.375, 1.25, 7.75], "texture": "#2"},
				"down": {"uv": [1.625, 7.75, 1.5, 8.375], "texture": "#2"}
			}
		},
		{
			"name": "hexadecagon",
			"from": [7.75136, -11, 6.75],
			"to": [8.24864, -4, 9.25],
			"rotation": {"angle": -22.5, "axis": "y", "origin": [8, -10.5, 8]},
			"faces": {
				"north": {"uv": [2.75, 5.25, 2.875, 7], "texture": "#2"},
				"east": {"uv": [1.5, 0, 2.125, 1.75], "texture": "#2"},
				"south": {"uv": [3, 5.25, 3.125, 7], "texture": "#2"},
				"west": {"uv": [0, 1.75, 0.625, 3.5], "texture": "#2"},
				"up": {"uv": [1.875, 8.375, 1.75, 7.75], "texture": "#2"},
				"down": {"uv": [2.875, 7.75, 2.75, 8.375], "texture": "#2"}
			}
		},
		{
			"name": "hexadecagon",
			"from": [7.75136, -11, 6.75],
			"to": [8.24864, -4, 9.25],
			"rotation": {"angle": 0, "axis": "x", "origin": [8, -10.5, 8]},
			"faces": {
				"north": {"uv": [5.25, 3, 5.375, 4.75], "texture": "#2"},
				"east": {"uv": [0.75, 1.75, 1.375, 3.5], "texture": "#2"},
				"south": {"uv": [3.25, 5.25, 3.375, 7], "texture": "#2"},
				"west": {"uv": [1.5, 1.75, 2.125, 3.5], "texture": "#2"},
				"up": {"uv": [3.125, 8.375, 3, 7.75], "texture": "#2"},
				"down": {"uv": [3.375, 7.75, 3.25, 8.375], "texture": "#2"}
			}
		},
		{
			"name": "hexadecagon",
			"from": [7.75136, -11, 6.75],
			"to": [8.24864, -4, 9.25],
			"rotation": {"angle": 22.5, "axis": "y", "origin": [8, -10.5, 8]},
			"faces": {
				"north": {"uv": [3.5, 5.25, 3.625, 7], "texture": "#2"},
				"east": {"uv": [2.25, 0, 2.875, 1.75], "texture": "#2"},
				"south": {"uv": [5.25, 4.75, 5.375, 6.5], "texture": "#2"},
				"west": {"uv": [2.25, 1.75, 2.875, 3.5], "texture": "#2"},
				"up": {"uv": [3.875, 8.375, 3.75, 7.75], "texture": "#2"},
				"down": {"uv": [4.125, 7.75, 4, 8.375], "texture": "#2"}
			}
		},
		{
			"name": "hexadecagon",
			"from": [7.75136, -11, 6.75],
			"to": [8.24864, -4, 9.25],
			"rotation": {"angle": 45, "axis": "y", "origin": [8, -10.5, 8]},
			"faces": {
				"north": {"uv": [5.5, 3, 5.625, 4.75], "texture": "#2"},
				"east": {"uv": [3, 0, 3.625, 1.75], "texture": "#2"},
				"south": {"uv": [5.5, 4.75, 5.625, 6.5], "texture": "#2"},
				"west": {"uv": [3, 1.75, 3.625, 3.5], "texture": "#2"},
				"up": {"uv": [4.375, 8.375, 4.25, 7.75], "texture": "#2"},
				"down": {"uv": [7.875, 4.5, 7.75, 5.125], "texture": "#2"}
			}
		},
		{
			"name": "hexadecagon",
			"from": [6.75, -11, 7.75136],
			"to": [9.25, -4, 8.24864],
			"rotation": {"angle": -22.5, "axis": "y", "origin": [8, -10.5, 8]},
			"faces": {
				"north": {"uv": [0, 3.5, 0.625, 5.25], "texture": "#2"},
				"east": {"uv": [5.75, 3, 5.875, 4.75], "texture": "#2"},
				"south": {"uv": [0.75, 3.5, 1.375, 5.25], "texture": "#2"},
				"west": {"uv": [3.75, 5.75, 3.875, 7.5], "texture": "#2"},
				"up": {"uv": [8.375, 5.625, 7.75, 5.5], "texture": "#2"},
				"down": {"uv": [8.375, 5.75, 7.75, 5.875], "texture": "#2"}
			}
		},
		{
			"name": "hexadecagon",
			"from": [6.75, -11, 7.75136],
			"to": [9.25, -4, 8.24864],
			"rotation": {"angle": 0, "axis": "x", "origin": [8, -10.5, 8]},
			"faces": {
				"north": {"uv": [1.5, 3.5, 2.125, 5.25], "texture": "#2"},
				"east": {"uv": [4, 5.75, 4.125, 7.5], "texture": "#2"},
				"south": {"uv": [2.25, 3.5, 2.875, 5.25], "texture": "#2"},
				"west": {"uv": [4.25, 5.75, 4.375, 7.5], "texture": "#2"},
				"up": {"uv": [8.375, 6.125, 7.75, 6], "texture": "#2"},
				"down": {"uv": [8.375, 6.25, 7.75, 6.375], "texture": "#2"}
			}
		},
		{
			"name": "hexadecagon",
			"from": [6.75, -11, 7.75136],
			"to": [9.25, -4, 8.24864],
			"rotation": {"angle": 22.5, "axis": "y", "origin": [8, -10.5, 8]},
			"faces": {
				"north": {"uv": [3, 3.5, 3.625, 5.25], "texture": "#2"},
				"east": {"uv": [5.75, 4.75, 5.875, 6.5], "texture": "#2"},
				"south": {"uv": [3.75, 0, 4.375, 1.75], "texture": "#2"},
				"west": {"uv": [6, 0, 6.125, 1.75], "texture": "#2"},
				"up": {"uv": [8.375, 6.625, 7.75, 6.5], "texture": "#2"},
				"down": {"uv": [8.375, 6.75, 7.75, 6.875], "texture": "#2"}
			}
		},
		{
			"name": "hexadecagon",
			"from": [7.75136, -15, 6.5],
			"to": [8.24864, -11, 9.5],
			"rotation": {"angle": -45, "axis": "y", "origin": [8, -14.5, 8]},
			"faces": {
				"north": {"uv": [6.25, 0.5, 6.375, 1.5], "texture": "#2"},
				"east": {"uv": [3.75, 1.75, 4.5, 2.75], "texture": "#2"},
				"south": {"uv": [0.75, 6.25, 0.875, 7.25], "texture": "#2"},
				"west": {"uv": [3.75, 2.75, 4.5, 3.75], "texture": "#2"},
				"up": {"uv": [6.625, 2, 6.5, 1.25], "texture": "#2"},
				"down": {"uv": [6.625, 2, 6.5, 2.75], "texture": "#2"}
			}
		},
		{
			"name": "hexadecagon",
			"from": [7.75136, -15, 6.75],
			"to": [8.24864, -11, 9.25],
			"rotation": {"angle": -22.5, "axis": "y", "origin": [8, -14.5, 8]},
			"faces": {
				"north": {"uv": [1, 6.25, 1.125, 7.25], "texture": "#2"},
				"east": {"uv": [3.75, 4.75, 4.375, 5.75], "texture": "#2"},
				"south": {"uv": [1.25, 6.25, 1.375, 7.25], "texture": "#2"},
				"west": {"uv": [4.5, 5, 5.125, 6], "texture": "#2"},
				"up": {"uv": [7.375, 8.375, 7.25, 7.75], "texture": "#2"},
				"down": {"uv": [7.625, 7.75, 7.5, 8.375], "texture": "#2"}
			}
		},
		{
			"name": "hexadecagon",
			"from": [7.75136, -15, 6.5],
			"to": [8.24864, -11, 9.5],
			"rotation": {"angle": 0, "axis": "x", "origin": [8, -14.5, 8]},
			"faces": {
				"north": {"uv": [1.5, 6.25, 1.625, 7.25], "texture": "#2"},
				"east": {"uv": [3.75, 3.75, 4.5, 4.75], "texture": "#2"},
				"south": {"uv": [6.25, 1.5, 6.375, 2.5], "texture": "#2"},
				"west": {"uv": [4.5, 0, 5.25, 1], "texture": "#2"},
				"up": {"uv": [5.375, 7.25, 5.25, 6.5], "texture": "#2"},
				"down": {"uv": [5.625, 6.5, 5.5, 7.25], "texture": "#2"}
			}
		},
		{
			"name": "hexadecagon",
			"from": [7.75136, -15, 6.75],
			"to": [8.24864, -11, 9.25],
			"rotation": {"angle": 22.5, "axis": "y", "origin": [8, -14.5, 8]},
			"faces": {
				"north": {"uv": [1.75, 6.25, 1.875, 7.25], "texture": "#2"},
				"east": {"uv": [0, 5.25, 0.625, 6.25], "texture": "#2"},
				"south": {"uv": [2, 6.25, 2.125, 7.25], "texture": "#2"},
				"west": {"uv": [5.25, 0, 5.875, 1], "texture": "#2"},
				"up": {"uv": [7.875, 8.375, 7.75, 7.75], "texture": "#2"},
				"down": {"uv": [0.625, 8, 0.5, 8.625], "texture": "#2"}
			}
		},
		{
			"name": "hexadecagon",
			"from": [7.75136, -15, 6.5],
			"to": [8.24864, -11, 9.5],
			"rotation": {"angle": 45, "axis": "y", "origin": [8, -14.5, 8]},
			"faces": {
				"north": {"uv": [4.5, 6.25, 4.625, 7.25], "texture": "#2"},
				"east": {"uv": [4.5, 1, 5.25, 2], "texture": "#2"},
				"south": {"uv": [4.75, 6.25, 4.875, 7.25], "texture": "#2"},
				"west": {"uv": [4.5, 2, 5.25, 3], "texture": "#2"},
				"up": {"uv": [5.875, 7.25, 5.75, 6.5], "texture": "#2"},
				"down": {"uv": [6.625, 6.25, 6.5, 7], "texture": "#2"}
			}
		},
		{
			"name": "hexadecagon",
			"from": [6.75, -15, 7.75136],
			"to": [9.25, -11, 8.24864],
			"rotation": {"angle": -22.5, "axis": "y", "origin": [8, -14.5, 8]},
			"faces": {
				"north": {"uv": [0.75, 5.25, 1.375, 6.25], "texture": "#2"},
				"east": {"uv": [5, 6.25, 5.125, 7.25], "texture": "#2"},
				"south": {"uv": [5.25, 1, 5.875, 2], "texture": "#2"},
				"west": {"uv": [6, 6.25, 6.125, 7.25], "texture": "#2"},
				"up": {"uv": [8.625, 1.125, 8, 1], "texture": "#2"},
				"down": {"uv": [8.625, 1.25, 8, 1.375], "texture": "#2"}
			}
		},
		{
			"name": "hexadecagon",
			"from": [6.5, -15, 7.75136],
			"to": [9.5, -11, 8.24864],
			"rotation": {"angle": 0, "axis": "x", "origin": [8, -14.5, 8]},
			"faces": {
				"north": {"uv": [4.5, 3, 5.25, 4], "texture": "#2"},
				"east": {"uv": [6.25, 6.25, 6.375, 7.25], "texture": "#2"},
				"south": {"uv": [4.5, 4, 5.25, 5], "texture": "#2"},
				"west": {"uv": [0, 6.5, 0.125, 7.5], "texture": "#2"},
				"up": {"uv": [7.25, 2.875, 6.5, 2.75], "texture": "#2"},
				"down": {"uv": [7.25, 3, 6.5, 3.125], "texture": "#2"}
			}
		},
		{
			"name": "hexadecagon",
			"from": [6.75, -15, 7.75136],
			"to": [9.25, -11, 8.24864],
			"rotation": {"angle": 22.5, "axis": "y", "origin": [8, -14.5, 8]},
			"faces": {
				"north": {"uv": [1.5, 5.25, 2.125, 6.25], "texture": "#2"},
				"east": {"uv": [0.25, 6.5, 0.375, 7.5], "texture": "#2"},
				"south": {"uv": [5.25, 2, 5.875, 3], "texture": "#2"},
				"west": {"uv": [0.5, 6.5, 0.625, 7.5], "texture": "#2"},
				"up": {"uv": [8.625, 1.625, 8, 1.5], "texture": "#2"},
				"down": {"uv": [8.625, 1.75, 8, 1.875], "texture": "#2"}
			}
		},
		{
			"name": "hexadecagon",
			"from": [7.85082, -15.5, 7.25],
			"to": [8.14918, -15, 8.75],
			"rotation": {"angle": -45, "axis": "y", "origin": [8, -15, 8]},
			"faces": {
				"north": {"uv": [9.25, 6.75, 9.3125, 6.875], "texture": "#2"},
				"east": {"uv": [8.25, 0.75, 8.625, 0.875], "texture": "#2"},
				"south": {"uv": [7, 9.25, 7.0625, 9.375], "texture": "#2"},
				"west": {"uv": [8.25, 2.5, 8.625, 2.625], "texture": "#2"},
				"up": {"uv": [4.0625, 9.125, 4, 8.75], "texture": "#2"},
				"down": {"uv": [8.8125, 4, 8.75, 4.375], "texture": "#2"}
			}
		},
		{
			"name": "hexadecagon",
			"from": [7.85082, -15.5, 7.25],
			"to": [8.14918, -15, 8.75],
			"rotation": {"angle": -22.5, "axis": "y", "origin": [8, -15, 8]},
			"faces": {
				"north": {"uv": [9.25, 7, 9.3125, 7.125], "texture": "#2"},
				"east": {"uv": [8.25, 3.25, 8.625, 3.375], "texture": "#2"},
				"south": {"uv": [7.25, 9.25, 7.3125, 9.375], "texture": "#2"},
				"west": {"uv": [8.25, 3.5, 8.625, 3.625], "texture": "#2"},
				"up": {"uv": [4.3125, 9.125, 4.25, 8.75], "texture": "#2"},
				"down": {"uv": [4.5625, 8.75, 4.5, 9.125], "texture": "#2"}
			}
		},
		{
			"name": "hexadecagon",
			"from": [7.85082, -15.5, 7.25],
			"to": [8.14918, -15, 8.75],
			"rotation": {"angle": 0, "axis": "x", "origin": [8, -15, 8]},
			"faces": {
				"north": {"uv": [9.25, 7.25, 9.3125, 7.375], "texture": "#2"},
				"east": {"uv": [8.25, 3.75, 8.625, 3.875], "texture": "#2"},
				"south": {"uv": [7.5, 9.25, 7.5625, 9.375], "texture": "#2"},
				"west": {"uv": [8.25, 4, 8.625, 4.125], "texture": "#2"},
				"up": {"uv": [8.8125, 4.875, 8.75, 4.5], "texture": "#2"},
				"down": {"uv": [4.8125, 8.75, 4.75, 9.125], "texture": "#2"}
			}
		},
		{
			"name": "hexadecagon",
			"from": [7.85082, -15.5, 7.25],
			"to": [8.14918, -15, 8.75],
			"rotation": {"angle": 22.5, "axis": "y", "origin": [8, -15, 8]},
			"faces": {
				"north": {"uv": [9.25, 7.5, 9.3125, 7.625], "texture": "#2"},
				"east": {"uv": [8.25, 4.25, 8.625, 4.375], "texture": "#2"},
				"south": {"uv": [7.75, 9.25, 7.8125, 9.375], "texture": "#2"},
				"west": {"uv": [8.25, 4.5, 8.625, 4.625], "texture": "#2"},
				"up": {"uv": [5.0625, 9.125, 5, 8.75], "texture": "#2"},
				"down": {"uv": [8.8125, 5, 8.75, 5.375], "texture": "#2"}
			}
		},
		{
			"name": "hexadecagon",
			"from": [7.85082, -15.5, 7.25],
			"to": [8.14918, -15, 8.75],
			"rotation": {"angle": 45, "axis": "y", "origin": [8, -15, 8]},
			"faces": {
				"north": {"uv": [9.25, 7.75, 9.3125, 7.875], "texture": "#2"},
				"east": {"uv": [4.75, 8.25, 5.125, 8.375], "texture": "#2"},
				"south": {"uv": [8, 9.25, 8.0625, 9.375], "texture": "#2"},
				"west": {"uv": [8.25, 4.75, 8.625, 4.875], "texture": "#2"},
				"up": {"uv": [5.3125, 9.125, 5.25, 8.75], "texture": "#2"},
				"down": {"uv": [5.5625, 8.75, 5.5, 9.125], "texture": "#2"}
			}
		},
		{
			"name": "hexadecagon",
			"from": [7.25, -15.5, 7.85082],
			"to": [8.75, -15, 8.14918],
			"rotation": {"angle": -22.5, "axis": "y", "origin": [8, -15, 8]},
			"faces": {
				"north": {"uv": [8.25, 5, 8.625, 5.125], "texture": "#2"},
				"east": {"uv": [9.25, 8, 9.3125, 8.125], "texture": "#2"},
				"south": {"uv": [5.25, 8.25, 5.625, 8.375], "texture": "#2"},
				"west": {"uv": [8.25, 9.25, 8.3125, 9.375], "texture": "#2"},
				"up": {"uv": [6.125, 8.8125, 5.75, 8.75], "texture": "#2"},
				"down": {"uv": [6.625, 8.75, 6.25, 8.8125], "texture": "#2"}
			}
		},
		{
			"name": "hexadecagon",
			"from": [7.25, -15.5, 7.85082],
			"to": [8.75, -15, 8.14918],
			"rotation": {"angle": 0, "axis": "x", "origin": [8, -15, 8]},
			"faces": {
				"north": {"uv": [8.25, 5.25, 8.625, 5.375], "texture": "#2"},
				"east": {"uv": [9.25, 8.25, 9.3125, 8.375], "texture": "#2"},
				"south": {"uv": [5.75, 8.25, 6.125, 8.375], "texture": "#2"},
				"west": {"uv": [8.5, 9.25, 8.5625, 9.375], "texture": "#2"},
				"up": {"uv": [7.125, 8.8125, 6.75, 8.75], "texture": "#2"},
				"down": {"uv": [9.125, 7, 8.75, 7.0625], "texture": "#2"}
			}
		},
		{
			"name": "hexadecagon",
			"from": [7.25, -15.5, 7.85082],
			"to": [8.75, -15, 8.14918],
			"rotation": {"angle": 22.5, "axis": "y", "origin": [8, -15, 8]},
			"faces": {
				"north": {"uv": [6.75, 8.25, 7.125, 8.375], "texture": "#2"},
				"east": {"uv": [9.25, 8.5, 9.3125, 8.625], "texture": "#2"},
				"south": {"uv": [8.25, 7.25, 8.625, 7.375], "texture": "#2"},
				"west": {"uv": [8.75, 9.25, 8.8125, 9.375], "texture": "#2"},
				"up": {"uv": [7.625, 8.8125, 7.25, 8.75], "texture": "#2"},
				"down": {"uv": [9.125, 7.25, 8.75, 7.3125], "texture": "#2"}
			}
		},
		{
			"name": "hexadecagon",
			"from": [7.7265, -10.75, 6.625],
			"to": [8.2735, -10.25, 9.375],
			"rotation": {"angle": -45, "axis": "y", "origin": [8, -10.6, 8]},
			"faces": {
				"north": {"uv": [2.25, 9, 2.375, 9.125], "texture": "#2"},
				"east": {"uv": [6.75, 0.5, 7.4375, 0.625], "texture": "#2"},
				"south": {"uv": [9, 2.25, 9.125, 2.375], "texture": "#2"},
				"west": {"uv": [6.75, 0.75, 7.4375, 0.875], "texture": "#2"},
				"up": {"uv": [6.875, 1.6875, 6.75, 1], "texture": "#2"},
				"down": {"uv": [6.875, 1.75, 6.75, 2.4375], "texture": "#2"}
			}
		},
		{
			"name": "hexadecagon",
			"from": [7.7265, -10.75, 6.625],
			"to": [8.2735, -10.25, 9.375],
			"rotation": {"angle": -22.5, "axis": "y", "origin": [8, -10.6, 8]},
			"faces": {
				"north": {"uv": [2.5, 9, 2.625, 9.125], "texture": "#2"},
				"east": {"uv": [6.75, 2.5, 7.4375, 2.625], "texture": "#2"},
				"south": {"uv": [9, 2.5, 9.125, 2.625], "texture": "#2"},
				"west": {"uv": [6.75, 3.25, 7.4375, 3.375], "texture": "#2"},
				"up": {"uv": [6.875, 4.1875, 6.75, 3.5], "texture": "#2"},
				"down": {"uv": [6.875, 4.25, 6.75, 4.9375], "texture": "#2"}
			}
		},
		{
			"name": "hexadecagon",
			"from": [7.7265, -10.75, 6.625],
			"to": [8.2735, -10.25, 9.375],
			"rotation": {"angle": 0, "axis": "x", "origin": [8, -10.6, 8]},
			"faces": {
				"north": {"uv": [2.75, 9, 2.875, 9.125], "texture": "#2"},
				"east": {"uv": [6.75, 5, 7.4375, 5.125], "texture": "#2"},
				"south": {"uv": [9, 2.75, 9.125, 2.875], "texture": "#2"},
				"west": {"uv": [6.75, 5.25, 7.4375, 5.375], "texture": "#2"},
				"up": {"uv": [6.875, 6.1875, 6.75, 5.5], "texture": "#2"},
				"down": {"uv": [6.875, 6.25, 6.75, 6.9375], "texture": "#2"}
			}
		},
		{
			"name": "hexadecagon",
			"from": [7.7265, -10.75, 6.625],
			"to": [8.2735, -10.25, 9.375],
			"rotation": {"angle": 22.5, "axis": "y", "origin": [8, -10.6, 8]},
			"faces": {
				"north": {"uv": [3, 9, 3.125, 9.125], "texture": "#2"},
				"east": {"uv": [7, 0, 7.6875, 0.125], "texture": "#2"},
				"south": {"uv": [9, 3, 9.125, 3.125], "texture": "#2"},
				"west": {"uv": [7, 0.25, 7.6875, 0.375], "texture": "#2"},
				"up": {"uv": [7.125, 1.6875, 7, 1], "texture": "#2"},
				"down": {"uv": [7.125, 1.75, 7, 2.4375], "texture": "#2"}
			}
		},
		{
			"name": "hexadecagon",
			"from": [7.7265, -10.75, 6.625],
			"to": [8.2735, -10.25, 9.375],
			"rotation": {"angle": 45, "axis": "y", "origin": [8, -10.6, 8]},
			"faces": {
				"north": {"uv": [3.25, 9, 3.375, 9.125], "texture": "#2"},
				"east": {"uv": [2.25, 7, 2.9375, 7.125], "texture": "#2"},
				"south": {"uv": [9, 3.25, 9.125, 3.375], "texture": "#2"},
				"west": {"uv": [3, 7, 3.6875, 7.125], "texture": "#2"},
				"up": {"uv": [7.125, 4.1875, 7, 3.5], "texture": "#2"},
				"down": {"uv": [7.125, 4.25, 7, 4.9375], "texture": "#2"}
			}
		},
		{
			"name": "hexadecagon",
			"from": [6.625, -10.75, 7.7265],
			"to": [9.375, -10.25, 8.2735],
			"rotation": {"angle": -22.5, "axis": "y", "origin": [8, -10.6, 8]},
			"faces": {
				"north": {"uv": [7, 5.5, 7.6875, 5.625], "texture": "#2"},
				"east": {"uv": [3.5, 9, 3.625, 9.125], "texture": "#2"},
				"south": {"uv": [7, 5.75, 7.6875, 5.875], "texture": "#2"},
				"west": {"uv": [9, 3.5, 9.125, 3.625], "texture": "#2"},
				"up": {"uv": [7.6875, 6.125, 7, 6], "texture": "#2"},
				"down": {"uv": [7.6875, 6.25, 7, 6.375], "texture": "#2"}
			}
		},
		{
			"name": "hexadecagon",
			"from": [6.625, -10.75, 7.7265],
			"to": [9.375, -10.25, 8.2735],
			"rotation": {"angle": 0, "axis": "x", "origin": [8, -10.6, 8]},
			"faces": {
				"north": {"uv": [6.5, 7, 7.1875, 7.125], "texture": "#2"},
				"east": {"uv": [3.75, 9, 3.875, 9.125], "texture": "#2"},
				"south": {"uv": [7, 6.5, 7.6875, 6.625], "texture": "#2"},
				"west": {"uv": [9, 3.75, 9.125, 3.875], "texture": "#2"},
				"up": {"uv": [7.6875, 6.875, 7, 6.75], "texture": "#2"},
				"down": {"uv": [1.4375, 7.25, 0.75, 7.375], "texture": "#2"}
			}
		},
		{
			"name": "hexadecagon",
			"from": [6.625, -10.75, 7.7265],
			"to": [9.375, -10.25, 8.2735],
			"rotation": {"angle": 22.5, "axis": "y", "origin": [8, -10.6, 8]},
			"faces": {
				"north": {"uv": [7.25, 1, 7.9375, 1.125], "texture": "#2"},
				"east": {"uv": [9, 4, 9.125, 4.125], "texture": "#2"},
				"south": {"uv": [7.25, 1.25, 7.9375, 1.375], "texture": "#2"},
				"west": {"uv": [9, 4.25, 9.125, 4.375], "texture": "#2"},
				"up": {"uv": [2.1875, 7.375, 1.5, 7.25], "texture": "#2"},
				"down": {"uv": [7.9375, 1.5, 7.25, 1.625], "texture": "#2"}
			}
		},
		{
			"name": "hexadecagon",
			"from": [7.7265, -8.75, 6.625],
			"to": [8.2735, -8.25, 9.375],
			"rotation": {"angle": -45, "axis": "y", "origin": [8, -8.6, 8]},
			"faces": {
				"north": {"uv": [9, 4.5, 9.125, 4.625], "texture": "#2"},
				"east": {"uv": [7.25, 1.75, 7.9375, 1.875], "texture": "#2"},
				"south": {"uv": [9, 4.75, 9.125, 4.875], "texture": "#2"},
				"west": {"uv": [7.25, 2, 7.9375, 2.125], "texture": "#2"},
				"up": {"uv": [2.375, 7.9375, 2.25, 7.25], "texture": "#2"},
				"down": {"uv": [2.625, 7.25, 2.5, 7.9375], "texture": "#2"}
			}
		},
		{
			"name": "hexadecagon",
			"from": [7.7265, -8.75, 6.625],
			"to": [8.2735, -8.25, 9.375],
			"rotation": {"angle": -22.5, "axis": "y", "origin": [8, -8.6, 8]},
			"faces": {
				"north": {"uv": [9, 5, 9.125, 5.125], "texture": "#2"},
				"east": {"uv": [7.25, 2.25, 7.9375, 2.375], "texture": "#2"},
				"south": {"uv": [9, 5.25, 9.125, 5.375], "texture": "#2"},
				"west": {"uv": [2.75, 7.25, 3.4375, 7.375], "texture": "#2"},
				"up": {"uv": [3.625, 7.9375, 3.5, 7.25], "texture": "#2"},
				"down": {"uv": [7.375, 3.5, 7.25, 4.1875], "texture": "#2"}
			}
		},
		{
			"name": "hexadecagon",
			"from": [7.7265, -8.75, 6.625],
			"to": [8.2735, -8.25, 9.375],
			"rotation": {"angle": 0, "axis": "x", "origin": [8, -8.6, 8]},
			"faces": {
				"north": {"uv": [5.75, 9, 5.875, 9.125], "texture": "#2"},
				"east": {"uv": [7.25, 2.75, 7.9375, 2.875], "texture": "#2"},
				"south": {"uv": [6, 9, 6.125, 9.125], "texture": "#2"},
				"west": {"uv": [7.25, 3, 7.9375, 3.125], "texture": "#2"},
				"up": {"uv": [7.375, 4.9375, 7.25, 4.25], "texture": "#2"},
				"down": {"uv": [4.625, 7.25, 4.5, 7.9375], "texture": "#2"}
			}
		},
		{
			"name": "hexadecagon",
			"from": [7.7265, -8.75, 6.625],
			"to": [8.2735, -8.25, 9.375],
			"rotation": {"angle": 22.5, "axis": "y", "origin": [8, -8.6, 8]},
			"faces": {
				"north": {"uv": [6.25, 9, 6.375, 9.125], "texture": "#2"},
				"east": {"uv": [4.75, 7.25, 5.4375, 7.375], "texture": "#2"},
				"south": {"uv": [6.5, 9, 6.625, 9.125], "texture": "#2"},
				"west": {"uv": [5.5, 7.25, 6.1875, 7.375], "texture": "#2"},
				"up": {"uv": [6.375, 7.9375, 6.25, 7.25], "texture": "#2"},
				"down": {"uv": [6.625, 7.25, 6.5, 7.9375], "texture": "#2"}
			}
		},
		{
			"name": "hexadecagon",
			"from": [7.7265, -8.75, 6.625],
			"to": [8.2735, -8.25, 9.375],
			"rotation": {"angle": 45, "axis": "y", "origin": [8, -8.6, 8]},
			"faces": {
				"north": {"uv": [6.75, 9, 6.875, 9.125], "texture": "#2"},
				"east": {"uv": [6.75, 7.25, 7.4375, 7.375], "texture": "#2"},
				"south": {"uv": [7, 9, 7.125, 9.125], "texture": "#2"},
				"west": {"uv": [7.25, 7, 7.9375, 7.125], "texture": "#2"},
				"up": {"uv": [0.125, 8.1875, 0, 7.5], "texture": "#2"},
				"down": {"uv": [0.375, 7.5, 0.25, 8.1875], "texture": "#2"}
			}
		},
		{
			"name": "hexadecagon",
			"from": [6.625, -8.75, 7.7265],
			"to": [9.375, -8.25, 8.2735],
			"rotation": {"angle": -22.5, "axis": "y", "origin": [8, -8.6, 8]},
			"faces": {
				"north": {"uv": [0.5, 7.5, 1.1875, 7.625], "texture": "#2"},
				"east": {"uv": [7.25, 9, 7.375, 9.125], "texture": "#2"},
				"south": {"uv": [7.5, 0.5, 8.1875, 0.625], "texture": "#2"},
				"west": {"uv": [7.5, 9, 7.625, 9.125], "texture": "#2"},
				"up": {"uv": [8.1875, 0.875, 7.5, 0.75], "texture": "#2"},
				"down": {"uv": [1.9375, 7.5, 1.25, 7.625], "texture": "#2"}
			}
		},
		{
			"name": "hexadecagon",
			"from": [6.625, -8.75, 7.7265],
			"to": [9.375, -8.25, 8.2735],
			"rotation": {"angle": 0, "axis": "x", "origin": [8, -8.6, 8]},
			"faces": {
				"north": {"uv": [7.5, 2.5, 8.1875, 2.625], "texture": "#2"},
				"east": {"uv": [9, 8.25, 9.125, 8.375], "texture": "#2"},
				"south": {"uv": [2.75, 7.5, 3.4375, 7.625], "texture": "#2"},
				"west": {"uv": [9, 8.5, 9.125, 8.625], "texture": "#2"},
				"up": {"uv": [8.1875, 3.375, 7.5, 3.25], "texture": "#2"},
				"down": {"uv": [8.1875, 3.5, 7.5, 3.625], "texture": "#2"}
			}
		},
		{
			"name": "hexadecagon",
			"from": [6.625, -8.75, 7.7265],
			"to": [9.375, -8.25, 8.2735],
			"rotation": {"angle": 22.5, "axis": "y", "origin": [8, -8.6, 8]},
			"faces": {
				"north": {"uv": [3.75, 7.5, 4.4375, 7.625], "texture": "#2"},
				"east": {"uv": [9, 8.75, 9.125, 8.875], "texture": "#2"},
				"south": {"uv": [7.5, 3.75, 8.1875, 3.875], "texture": "#2"},
				"west": {"uv": [9, 9, 9.125, 9.125], "texture": "#2"},
				"up": {"uv": [8.1875, 4.125, 7.5, 4], "texture": "#2"},
				"down": {"uv": [8.1875, 4.25, 7.5, 4.375], "texture": "#2"}
			}
		},
		{
			"name": "hexadecagon",
			"from": [7.75136, -15.3, 6.75],
			"to": [8.24864, -15, 9.25],
			"rotation": {"angle": -45, "axis": "y", "origin": [8, -15.15, 8]},
			"faces": {
				"north": {"uv": [9.25, 8.75, 9.375, 8.8125], "texture": "#2"},
				"east": {"uv": [1.25, 8.5, 1.875, 8.5625], "texture": "#2"},
				"south": {"uv": [9, 9.25, 9.125, 9.3125], "texture": "#2"},
				"west": {"uv": [2.75, 8.5, 3.375, 8.5625], "texture": "#2"},
				"up": {"uv": [0.875, 8.625, 0.75, 8], "texture": "#2"},
				"down": {"uv": [1.125, 8, 1, 8.625], "texture": "#2"}
			}
		},
		{
			"name": "hexadecagon",
			"from": [7.75136, -15.3, 6.75],
			"to": [8.24864, -15, 9.25],
			"rotation": {"angle": -22.5, "axis": "y", "origin": [8, -15.15, 8]},
			"faces": {
				"north": {"uv": [9.25, 9, 9.375, 9.0625], "texture": "#2"},
				"east": {"uv": [3.75, 8.5, 4.375, 8.5625], "texture": "#2"},
				"south": {"uv": [9.25, 9.25, 9.375, 9.3125], "texture": "#2"},
				"west": {"uv": [4.75, 8.5, 5.375, 8.5625], "texture": "#2"},
				"up": {"uv": [2.375, 8.625, 2.25, 8], "texture": "#2"},
				"down": {"uv": [2.625, 8, 2.5, 8.625], "texture": "#2"}
			}
		},
		{
			"name": "hexadecagon",
			"from": [7.75136, -15.3, 6.75],
			"to": [8.24864, -15, 9.25],
			"rotation": {"angle": 0, "axis": "x", "origin": [8, -15.15, 8]},
			"faces": {
				"north": {"uv": [0, 9.5, 0.125, 9.5625], "texture": "#2"},
				"east": {"uv": [5.5, 8.5, 6.125, 8.5625], "texture": "#2"},
				"south": {"uv": [9.5, 0, 9.625, 0.0625], "texture": "#2"},
				"west": {"uv": [8.5, 5.5, 9.125, 5.5625], "texture": "#2"},
				"up": {"uv": [3.625, 8.625, 3.5, 8], "texture": "#2"},
				"down": {"uv": [4.625, 8, 4.5, 8.625], "texture": "#2"}
			}
		},
		{
			"name": "hexadecagon",
			"from": [7.75136, -15.3, 6.75],
			"to": [8.24864, -15, 9.25],
			"rotation": {"angle": 22.5, "axis": "y", "origin": [8, -15.15, 8]},
			"faces": {
				"north": {"uv": [0.25, 9.5, 0.375, 9.5625], "texture": "#2"},
				"east": {"uv": [8.5, 5.75, 9.125, 5.8125], "texture": "#2"},
				"south": {"uv": [9.5, 0.25, 9.625, 0.3125], "texture": "#2"},
				"west": {"uv": [8.5, 6, 9.125, 6.0625], "texture": "#2"},
				"up": {"uv": [8.125, 5.125, 8, 4.5], "texture": "#2"},
				"down": {"uv": [6.375, 8, 6.25, 8.625], "texture": "#2"}
			}
		},
		{
			"name": "hexadecagon",
			"from": [7.75136, -15.3, 6.75],
			"to": [8.24864, -15, 9.25],
			"rotation": {"angle": 45, "axis": "y", "origin": [8, -15.15, 8]},
			"faces": {
				"north": {"uv": [0.5, 9.5, 0.625, 9.5625], "texture": "#2"},
				"east": {"uv": [8.5, 6.25, 9.125, 6.3125], "texture": "#2"},
				"south": {"uv": [9.5, 0.5, 9.625, 0.5625], "texture": "#2"},
				"west": {"uv": [8.5, 6.5, 9.125, 6.5625], "texture": "#2"},
				"up": {"uv": [6.625, 8.625, 6.5, 8], "texture": "#2"},
				"down": {"uv": [8.125, 7.5, 8, 8.125], "texture": "#2"}
			}
		},
		{
			"name": "hexadecagon",
			"from": [6.75, -15.3, 7.75136],
			"to": [9.25, -15, 8.24864],
			"rotation": {"angle": -22.5, "axis": "y", "origin": [8, -15.15, 8]},
			"faces": {
				"north": {"uv": [6.75, 8.5, 7.375, 8.5625], "texture": "#2"},
				"east": {"uv": [0.75, 9.5, 0.875, 9.5625], "texture": "#2"},
				"south": {"uv": [8.5, 6.75, 9.125, 6.8125], "texture": "#2"},
				"west": {"uv": [9.5, 0.75, 9.625, 0.8125], "texture": "#2"},
				"up": {"uv": [8.625, 2.125, 8, 2], "texture": "#2"},
				"down": {"uv": [8.625, 2.25, 8, 2.375], "texture": "#2"}
			}
		},
		{
			"name": "hexadecagon",
			"from": [6.75, -15.3, 7.75136],
			"to": [9.25, -15, 8.24864],
			"rotation": {"angle": 0, "axis": "x", "origin": [8, -15.15, 8]},
			"faces": {
				"north": {"uv": [8.5, 7.5, 9.125, 7.5625], "texture": "#2"},
				"east": {"uv": [1, 9.5, 1.125, 9.5625], "texture": "#2"},
				"south": {"uv": [8.5, 7.75, 9.125, 7.8125], "texture": "#2"},
				"west": {"uv": [9.5, 1, 9.625, 1.0625], "texture": "#2"},
				"up": {"uv": [8.625, 2.875, 8, 2.75], "texture": "#2"},
				"down": {"uv": [8.625, 3, 8, 3.125], "texture": "#2"}
			}
		},
		{
			"name": "hexadecagon",
			"from": [6.75, -15.3, 7.75136],
			"to": [9.25, -15, 8.24864],
			"rotation": {"angle": 22.5, "axis": "y", "origin": [8, -15.15, 8]},
			"faces": {
				"north": {"uv": [8.5, 8, 9.125, 8.0625], "texture": "#2"},
				"east": {"uv": [1.25, 9.5, 1.375, 9.5625], "texture": "#2"},
				"south": {"uv": [8.25, 8.5, 8.875, 8.5625], "texture": "#2"},
				"west": {"uv": [9.5, 1.25, 9.625, 1.3125], "texture": "#2"},
				"up": {"uv": [8.625, 7.125, 8, 7], "texture": "#2"},
				"down": {"uv": [8.875, 0.5, 8.25, 0.625], "texture": "#2"}
			}
		},
		{
			"from": [7, -3, 7.5],
			"to": [9.4, 32, 7.5],
			"rotation": {"angle": -45, "axis": "y", "origin": [7.5, 0, 7.5]},
			"faces": {
				"north": {"uv": [0, 0, 0.59375, 8.75], "texture": "#1"},
				"east": {"uv": [0, 0, 0, 8.75], "texture": "#1"},
				"south": {"uv": [0.75, 0, 1.34375, 8.75], "texture": "#1"},
				"west": {"uv": [0, 0, 0, 8.75], "texture": "#1"},
				"up": {"uv": [0.59375, 0, 0, 0], "texture": "#1"},
				"down": {"uv": [0.59375, 0, 0, 0], "texture": "#1"}
			}
		},
		{
			"from": [8.25, -3, 6.25],
			"to": [8.25, 32, 8.65],
			"rotation": {"angle": -45, "axis": "y", "origin": [7.5, 0, 7.5]},
			"faces": {
				"north": {"uv": [0, 0, 0, 8.75], "texture": "#1"},
				"east": {"uv": [0, 0, 0.59375, 8.75], "texture": "#1"},
				"south": {"uv": [0, 0, 0, 8.75], "texture": "#1"},
				"west": {"uv": [0.75, 0, 1.34375, 8.75], "texture": "#1"},
				"up": {"uv": [0.59375, 0, 0, 0], "rotation": 90, "texture": "#1"},
				"down": {"uv": [0.59375, 0, 0, 0], "rotation": 270, "texture": "#1"}
			}
		}
	],
	"display": {
		"thirdperson_righthand": {
			"rotation": [0, -90, 0],
			"translation": [0, 11.5, 1.5],
			"scale": [0.75, 0.75, 0.75]
		},
		"thirdperson_lefthand": {
			"rotation": [0, -90, 0],
			"translation": [0, 11.5, 1.5],
			"scale": [0.75, 0.75, 0.75]
		},
		"firstperson_righthand": {
			"rotation": [0, 101, -10],
			"translation": [1.75, 12.75, -0.5],
			"scale": [0.75, 0.75, 0.75]
		},
		"firstperson_lefthand": {
			"rotation": [0, 101, -10],
			"translation": [1.75, 12.75, -0.5],
			"scale": [0.75, 0.75, 0.75]
		},
		"ground": {
			"translation": [0, 5.5, 0],
			"scale": [0.4, 0.4, 0.4]
		},
		"gui": {
			"rotation": [-25, 0, -40],
			"scale": [0.5, 0.5, 0.5]
		}
	},
	"groups": [
		{
			"name": "Anakins Lightsaber",
			"origin": [8, 8, 8],
			"children": [
				{
					"name": "Details",
					"origin": [8, 8, 8],
					"children": [
						{
							"name": "Clip",
							"origin": [7.95, -2.5, 8],
							"children": [0, 1, 2, 3, 4]
						},
						{
							"name": "Button",
							"origin": [7.95, -2.5, 8],
							"children": [
								{
									"name": "hexadecagon",
									"origin": [8, 8, 8],
									"children": [5, 6, 7, 8, 9, 10, 11, 12]
								},
								{
									"name": "hexadecagon",
									"origin": [8, 8, 8],
									"children": [13, 14, 15, 16, 17, 18, 19, 20]
								}
							]
						},
						{
							"name": "Side",
							"origin": [8, 8, 8],
							"children": [21]
						},
						{
							"name": "Button",
							"origin": [8, 8, 8],
							"children": [
								{
									"name": "hexadecagon",
									"origin": [8, 8, 8],
									"children": [22, 23, 24, 25, 26, 27, 28, 29, 30, 31, 32, 33, 34, 35, 36, 37]
								},
								{
									"name": "hexadecagon",
									"origin": [8, 8, 8],
									"children": [38, 39, 40, 41, 42, 43, 44, 45]
								}
							]
						},
						{
							"name": "Side",
							"origin": [8, 8, 8],
							"children": [46, 47,
								{
									"name": "hexadecagon",
									"origin": [8, 8, 8],
									"children": [48, 49, 50, 51, 52, 53, 54, 55, 56,
										{
											"name": "top",
											"origin": [8, 8, 8],
											"children": [57, 58, 59, 60, 61, 62, 63]
										}
									]
								}
							]
						}
					]
				},
				{
					"name": "Top",
					"origin": [8, 8, 8],
					"children": [
						{
							"name": "hexadecagon",
							"origin": [8, 8, 8],
							"children": [64, 65, 66, 67, 68, 69, 70, 71]
						},
						{
							"name": "hexadecagon",
							"origin": [8, 8, 8],
							"children": [72, 73, 74, 75, 76, 77, 78, 79, 80, 81, 82, 83, 84, 85, 86, 87]
						}
					]
				},
				{
					"name": "Middle",
					"origin": [8, 8, 8],
					"children": [
						{
							"name": "hexadecagon",
							"origin": [8, 8, 8],
							"children": [88, 89, 90, 91, 92, 93, 94, 95]
						}
					]
				},
				{
					"name": "Bottom",
					"origin": [8, 8, 8],
					"children": [
						{
							"name": "hexadecagon",
							"origin": [8, 8, 8],
							"children": [96, 97, 98, 99, 100, 101, 102, 103]
						},
						{
							"name": "hexadecagon",
							"origin": [8, 8, 8],
							"children": [104, 105, 106, 107, 108, 109, 110, 111]
						},
						{
							"name": "hexadecagon",
							"origin": [8, 8, 8],
							"children": [112, 113, 114, 115, 116, 117, 118, 119]
						},
						{
							"name": "hexadecagon",
							"origin": [8, 8, 8],
							"children": [120, 121, 122, 123, 124, 125, 126, 127]
						},
						{
							"name": "hexadecagon",
							"origin": [8, 8, 8],
							"children": [128, 129, 130, 131, 132, 133, 134, 135]
						}
					]
				},
				{
					"name": "Saber",
					"origin": [8, 8, 8],
					"children": [136, 137]
				}
			]
		}
	]
}