{
	"credit": "Made with Blockbench",
	"texture_size": [32, 32],
	"textures": {
		"0": "jasmine/good_evil",
		"particle": "jasmine/good_evil"
	},
	"elements": [
		{
			"name": "evil_cube",
			"from": [-2.5, 11, 9],
			"to": [0.5, 14, 12],
			"rotation": {"angle": 0, "axis": "y", "origin": [-1, 10.01164, 10.86487]},
			"faces": {
				"north": {"uv": [7.5, 1.5, 9, 3], "texture": "#0"},
				"east": {"uv": [6, 1.5, 7.5, 3], "texture": "#0"},
				"south": {"uv": [10.5, 1.5, 12, 3], "texture": "#0"},
				"west": {"uv": [9, 1.5, 10.5, 3], "texture": "#0"},
				"up": {"uv": [9, 1.5, 7.5, 0], "texture": "#0"},
				"down": {"uv": [10.5, 0, 9, 1.5], "texture": "#0"}
			}
		},
		{
			"name": "evil_cube",
			"from": [-2.5, 15, 9],
			"to": [0.5, 15, 12],
			"rotation": {"angle": 22.5, "axis": "y", "origin": [-1, 15, 10.5]},
			"faces": {
				"north": {"uv": [10.5, 1.5, 12, 1.5], "texture": "#0"},
				"east": {"uv": [9, 1.5, 10.5, 1.5], "texture": "#0"},
				"south": {"uv": [13.5, 1.5, 15, 1.5], "texture": "#0"},
				"west": {"uv": [12, 1.5, 13.5, 1.5], "texture": "#0"},
				"up": {"uv": [12, 1.5, 10.5, 0], "texture": "#0"},
				"down": {"uv": [12, 0, 10.5, 1.5], "texture": "#0"}
			}
		},
		{
			"name": "evil_cube",
			"from": [-2.51, 6.99, 9.74],
			"to": [0.51, 11.01, 11.26],
			"rotation": {"angle": 0, "axis": "y", "origin": [-1, 10.01164, 10.86487]},
			"faces": {
				"north": {"uv": [6.5, 3.5, 8, 5.5], "texture": "#0"},
				"east": {"uv": [6, 3.5, 6.5, 5.5], "texture": "#0"},
				"south": {"uv": [8.5, 3.5, 10, 5.5], "texture": "#0"},
				"west": {"uv": [8, 3.5, 8.5, 5.5], "texture": "#0"},
				"up": {"uv": [8, 3.5, 6.5, 3], "texture": "#0"},
				"down": {"uv": [9.5, 3, 8, 3.5], "texture": "#0"}
			}
		},
		{
			"name": "evil_cube",
			"from": [-2.5, 4.65589, 8.74486],
			"to": [-1, 7.65589, 10.24486],
			"rotation": {"angle": -22.5, "axis": "x", "origin": [-1, 10.01164, 10.92737]},
			"faces": {
				"north": {"uv": [10.75, 6, 10, 7.5], "texture": "#0"},
				"east": {"uv": [10, 6, 10.75, 7.5], "texture": "#0"},
				"south": {"uv": [10.75, 6, 10, 7.5], "texture": "#0"},
				"west": {"uv": [10, 6, 10.75, 7.5], "texture": "#0"},
				"down": {"uv": [10.75, 7.5, 10, 8.25], "texture": "#0"}
			}
		},
		{
			"name": "evil_cube",
			"from": [-1, 4.40119, 10.20443],
			"to": [0.5, 7.40119, 11.70443],
			"rotation": {"angle": -22.5, "axis": "x", "origin": [-0.25, 5.90119, 10.95443]},
			"faces": {
				"north": {"uv": [10.75, 6, 10, 7.5], "texture": "#0"},
				"east": {"uv": [10, 6, 10.75, 7.5], "texture": "#0"},
				"south": {"uv": [10.75, 6, 10, 7.5], "texture": "#0"},
				"west": {"uv": [10, 6, 10.75, 7.5], "texture": "#0"},
				"down": {"uv": [10.75, 7.5, 10, 8.25], "texture": "#0"}
			}
		},
		{
			"name": "evil_cube",
			"from": [0.625, 6.48041, 9.96839],
			"to": [2.125, 9.48041, 11.46839],
			"rotation": {"angle": 45, "axis": "z", "origin": [-0.875, 9.01164, 11.23987]},
			"faces": {
				"north": {"uv": [11.25, 4, 10.5, 5.5], "texture": "#0"},
				"east": {"uv": [10.5, 4, 11.25, 5.5], "texture": "#0"},
				"south": {"uv": [11.25, 4, 10.5, 5.5], "texture": "#0"},
				"west": {"uv": [10.5, 4, 11.25, 5.5], "texture": "#0"},
				"up": {"uv": [10.75, 3, 10, 3.75], "texture": "#0"},
				"down": {"uv": [11.75, 3, 11, 3.75], "texture": "#0"}
			}
		},
		{
			"name": "evil_cube",
			"from": [-4, 6.41791, 9.96839],
			"to": [-2.5, 9.41791, 11.46839],
			"rotation": {"angle": -45, "axis": "z", "origin": [-1, 8.94914, 11.23987]},
			"faces": {
				"north": {"uv": [11.25, 4, 12, 5.5], "texture": "#0"},
				"east": {"uv": [12, 4, 11.25, 5.5], "texture": "#0"},
				"south": {"uv": [11.25, 4, 12, 5.5], "texture": "#0"},
				"west": {"uv": [12, 4, 11.25, 5.5], "texture": "#0"},
				"up": {"uv": [12, 3, 12.75, 3.75], "texture": "#0"},
				"down": {"uv": [11, 3, 11.75, 3.75], "texture": "#0"}
			}
		},
		{
			"name": "evil_cube",
			"from": [-5.75, 7.75, 12],
			"to": [-1.75, 11.75, 12],
			"rotation": {"angle": 22.5, "axis": "y", "origin": [-3.75, 9.75, 12]},
			"faces": {
				"north": {"uv": [8, 5.5, 6, 7.5], "texture": "#0"},
				"east": {"uv": [8, 5.5, 8, 7.5], "texture": "#0"},
				"south": {"uv": [6, 5.5, 8, 7.5], "texture": "#0"},
				"west": {"uv": [10, 5.5, 10, 7.5], "texture": "#0"},
				"up": {"uv": [8, 5.5, 8, 3.5], "rotation": 90, "texture": "#0"},
				"down": {"uv": [8, 3.5, 8, 5.5], "rotation": 270, "texture": "#0"}
			}
		},
		{
			"name": "evil_cube",
			"from": [-0.25, 7.75, 12],
			"to": [3.75, 11.75, 12],
			"rotation": {"angle": -22.5, "axis": "y", "origin": [1.75, 9.75, 12]},
			"faces": {
				"north": {"uv": [10, 5.5, 8, 7.5], "texture": "#0"},
				"east": {"uv": [10, 5.5, 10, 7.5], "texture": "#0"},
				"south": {"uv": [8, 5.5, 10, 7.5], "texture": "#0"},
				"west": {"uv": [8, 5.5, 8, 7.5], "texture": "#0"},
				"up": {"uv": [8, 5.5, 8, 3.5], "rotation": 270, "texture": "#0"},
				"down": {"uv": [8, 3.5, 8, 5.5], "rotation": 90, "texture": "#0"}
			}
		},
		{
			"name": "good_cube",
			"from": [13.5, 9, 10],
			"to": [20.5, 14, 10],
			"rotation": {"angle": 0, "axis": "y", "origin": [9.5, 7, 6]},
			"faces": {
				"north": {"uv": [0, 7.5, 3.5, 10], "texture": "#0"},
				"east": {"uv": [0, 7.5, 0, 10], "texture": "#0"},
				"south": {"uv": [3.5, 7.5, 0, 10], "texture": "#0"},
				"west": {"uv": [3.5, 7.5, 3.5, 10], "texture": "#0"},
				"up": {"uv": [3.5, 7.5, 0, 7.5], "texture": "#0"},
				"down": {"uv": [7, 7.5, 3.5, 7.5], "texture": "#0"}
			}
		},
		{
			"name": "good_cube",
			"from": [15.5, 9, 8.5],
			"to": [18.5, 12, 11.5],
			"rotation": {"angle": 0, "axis": "y", "origin": [9.5, 7, 7.5]},
			"faces": {
				"north": {"uv": [1.5, 1.5, 3, 3], "texture": "#0"},
				"east": {"uv": [0, 1.5, 1.5, 3], "texture": "#0"},
				"south": {"uv": [4.5, 1.5, 6, 3], "texture": "#0"},
				"west": {"uv": [3, 1.5, 4.5, 3], "texture": "#0"},
				"up": {"uv": [3, 1.5, 1.5, 0], "texture": "#0"},
				"down": {"uv": [4.5, 0, 3, 1.5], "texture": "#0"}
			}
		},
		{
			"name": "good_cube",
			"from": [15.49, 4.99, 9.24],
			"to": [18.51, 9.01, 10.76],
			"rotation": {"angle": 0, "axis": "y", "origin": [9.5, 4, 7.75]},
			"faces": {
				"north": {"uv": [0.5, 3.5, 2, 5.5], "texture": "#0"},
				"east": {"uv": [0, 3.5, 0.5, 5.5], "texture": "#0"},
				"south": {"uv": [2.5, 3.5, 4, 5.5], "texture": "#0"},
				"west": {"uv": [2, 3.5, 2.5, 5.5], "texture": "#0"},
				"up": {"uv": [2, 3.5, 0.5, 3], "texture": "#0"},
				"down": {"uv": [3.5, 3, 2, 3.5], "texture": "#0"}
			}
		},
		{
			"name": "good_cube",
			"from": [18.49, 4.99, 9.49],
			"to": [18.51, 7.01, 15.01],
			"rotation": {"angle": 45, "axis": "y", "origin": [18.5, 6, 12.25]},
			"faces": {
				"north": {"uv": [2.5, 10, 2.5, 11], "texture": "#0"},
				"east": {"uv": [2.5, 10, 0, 11], "texture": "#0"},
				"south": {"uv": [5, 10, 5, 11], "texture": "#0"},
				"west": {"uv": [0, 10, 2.5, 11], "texture": "#0"},
				"up": {"uv": [2.5, 10, 2.5, 7.5], "texture": "#0"},
				"down": {"uv": [2.5, 7.5, 2.5, 10], "texture": "#0"}
			}
		},
		{
			"name": "good_cube",
			"from": [15.5, 2.40119, 8.73307],
			"to": [17, 5.40119, 10.23307],
			"rotation": {"angle": 22.5, "axis": "x", "origin": [16.25, 3.90119, 9.48307]},
			"faces": {
				"north": {"uv": [5.25, 6, 4.5, 7.5], "texture": "#0"},
				"east": {"uv": [4.75, 6, 4, 7.5], "texture": "#0"},
				"south": {"uv": [5.25, 6, 4.5, 7.5], "texture": "#0"},
				"west": {"uv": [4.75, 6, 4, 7.5], "texture": "#0"},
				"up": {"uv": [4.5, 6, 5, 5.5], "texture": "#0"},
				"down": {"uv": [4, 7.5, 4.75, 8.25], "texture": "#0"}
			}
		},
		{
			"name": "good_cube",
			"from": [17, 4.35888, 7.58717],
			"to": [18.5, 5.85888, 10.58717],
			"rotation": {"angle": -22.5, "axis": "x", "origin": [17.76, 5.10888, 9.08717]},
			"faces": {
				"north": {"uv": [4, 8.25, 4.75, 7.5], "texture": "#0"},
				"east": {"uv": [4, 6, 4.75, 7.5], "rotation": 270, "texture": "#0"},
				"south": {"uv": [4.75, 7.5, 4, 8.25], "texture": "#0"},
				"west": {"uv": [4, 6, 4.75, 7.5], "rotation": 90, "texture": "#0"},
				"up": {"uv": [4.5, 6, 5.25, 7.5], "rotation": 180, "texture": "#0"},
				"down": {"uv": [4.5, 6, 5.25, 7.5], "texture": "#0"}
			}
		},
		{
			"name": "good_cube",
			"from": [14, 6.15119, 8.76693],
			"to": [15.5, 9.15119, 10.26693],
			"rotation": {"angle": 45, "axis": "x", "origin": [14.75, 7.65119, 9.51693]},
			"faces": {
				"north": {"uv": [4.5, 4, 5.25, 5.5], "texture": "#0"},
				"east": {"uv": [5.25, 4, 4.5, 5.5], "texture": "#0"},
				"south": {"uv": [4.5, 4, 5.25, 5.5], "texture": "#0"},
				"west": {"uv": [5.25, 4, 4.5, 5.5], "texture": "#0"},
				"up": {"uv": [5.25, 3.75, 4.5, 3], "texture": "#0"},
				"down": {"uv": [5.25, 3.75, 4.5, 3], "texture": "#0"}
			}
		},
		{
			"name": "good_cube",
			"from": [18.5, 6.15119, 8.76693],
			"to": [20, 9.15119, 10.26693],
			"rotation": {"angle": 45, "axis": "x", "origin": [19.25, 7.65119, 9.51693]},
			"faces": {
				"north": {"uv": [5.25, 4, 4.5, 5.5], "texture": "#0"},
				"east": {"uv": [4.5, 4, 5.25, 5.5], "texture": "#0"},
				"south": {"uv": [5.25, 4, 4.5, 5.5], "texture": "#0"},
				"west": {"uv": [4.5, 4, 5.25, 5.5], "texture": "#0"},
				"up": {"uv": [4.5, 3.75, 5.25, 3], "texture": "#0"},
				"down": {"uv": [4.5, 3.75, 5.25, 3], "texture": "#0"}
			}
		},
		{
			"name": "good_cube",
			"from": [19.25, 4.90119, 1.76693],
			"to": [19.25, 7.90119, 13.26693],
			"rotation": {"angle": 45, "axis": "x", "origin": [19.25, 7.65119, 9.51693]},
			"faces": {
				"north": {"uv": [5.25, 4, 4.5, 5.5], "texture": "#0"},
				"east": {"uv": [4, 8.5, 9.75, 10], "texture": "#0"},
				"south": {"uv": [5.25, 4, 4.5, 5.5], "texture": "#0"},
				"west": {"uv": [9.75, 8.5, 4, 10], "texture": "#0"},
				"up": {"uv": [4.5, 3.75, 5.25, 3], "texture": "#0"},
				"down": {"uv": [4.5, 3.75, 5.25, 3], "texture": "#0"}
			}
		},
		{
			"name": "good_cube",
			"from": [15.25, 7.75, 10.5],
			"to": [15.25, 11.75, 14.5],
			"rotation": {"angle": -45, "axis": "y", "origin": [15.25, 9.75, 12.5]},
			"faces": {
				"north": {"uv": [2, 5.5, 2, 7.5], "texture": "#0"},
				"east": {"uv": [4, 5.5, 2, 7.5], "texture": "#0"},
				"south": {"uv": [4, 5.5, 4, 7.5], "texture": "#0"},
				"west": {"uv": [2, 5.5, 4, 7.5], "texture": "#0"},
				"up": {"uv": [2, 5.5, 2, 3.5], "texture": "#0"},
				"down": {"uv": [2, 3.5, 2, 5.5], "texture": "#0"}
			}
		},
		{
			"name": "good_cube",
			"from": [18.75, 7.75, 10.5],
			"to": [18.75, 11.75, 14.5],
			"rotation": {"angle": 45, "axis": "y", "origin": [18.75, 9.75, 12.5]},
			"faces": {
				"north": {"uv": [2, 5.5, 2, 7.5], "texture": "#0"},
				"east": {"uv": [0, 5.5, 2, 7.5], "texture": "#0"},
				"south": {"uv": [4, 5.5, 4, 7.5], "texture": "#0"},
				"west": {"uv": [2, 5.5, 0, 7.5], "texture": "#0"},
				"up": {"uv": [2, 5.5, 2, 3.5], "texture": "#0"},
				"down": {"uv": [2, 3.5, 2, 5.5], "texture": "#0"}
			}
		}
	],
	"gui_light": "front",
	"display": {
		"thirdperson_righthand": {
			"rotation": [56.75, 0, 0],
			"translation": [-6.25, -1, 17.75],
			"scale": [1.3, 1.3, 1.3]
		},
		"thirdperson_lefthand": {
			"rotation": [56.75, 0, 0],
			"translation": [-6.25, -1, 17.75],
			"scale": [1.3, 1.3, 1.3]
		},
		"firstperson_righthand": {
			"translation": [-9.25, -5.5, 6],
			"scale": [0.6, 0.6, 0.6]
		},
		"firstperson_lefthand": {
			"translation": [-9.25, -5.5, 6],
			"scale": [0.6, 0.6, 0.6]
		},
		"gui": {
			"rotation": [0, -180, -1],
			"translation": [0, -0.75, 0]
		},
		"head": {
			"rotation": [-15.75, 0, 0],
			"scale": [1.9, 1.9, 1.9]
		},
		"fixed": {
			"translation": [0, 0, -8.75],
			"scale": [1.5, 1.5, 1.5]
		}
	}
}