{
	"credit": "Made with Blockbench",
	"texture_size": [64, 64],
	"textures": {
		"1": "jasmine/angel_wing"
	},
	"elements": [
		{
			"from": [-4.69594, 2.61777, 11.85],
			"to": [-2.89594, 6.41777, 12.65],
			"rotation": {"angle": -22.5, "axis": "z", "origin": [-4.54594, 3.76777, 12.25]},
			"faces": {
				"north": {"uv": [5.75, 7.75, 6.25, 8.75], "texture": "#1"},
				"east": {"uv": [5.5, 7.75, 5.75, 8.75], "texture": "#1"},
				"south": {"uv": [6.5, 7.75, 7, 8.75], "texture": "#1"},
				"west": {"uv": [6.25, 7.75, 6.5, 8.75], "texture": "#1"},
				"up": {"uv": [6.25, 7.75, 5.75, 7.5], "texture": "#1"},
				"down": {"uv": [6.75, 7.5, 6.25, 7.75], "texture": "#1"}
			}
		},
		{
			"from": [3.9, -0.1, 11.65],
			"to": [6.1, 5.1, 12.85],
			"rotation": {"angle": 0, "axis": "y", "origin": [-1, -18, 1]},
			"faces": {
				"north": {"uv": [4.25, 6.75, 4.75, 8], "texture": "#1"},
				"east": {"uv": [4, 6.75, 4.25, 8], "texture": "#1"},
				"south": {"uv": [5, 6.75, 5.5, 8], "texture": "#1"},
				"west": {"uv": [4.75, 6.75, 5, 8], "texture": "#1"},
				"up": {"uv": [4.75, 6.75, 4.25, 6.5], "texture": "#1"},
				"down": {"uv": [5.25, 6.5, 4.75, 6.75], "texture": "#1"}
			}
		},
		{
			"from": [6.25, 3, 8.75],
			"to": [7.25, 6, 11.75],
			"rotation": {"angle": -22.5, "axis": "y", "origin": [5, 4.5, 10.25]},
			"faces": {
				"north": {"uv": [2.75, 7.25, 3, 8], "texture": "#1"},
				"east": {"uv": [2, 7.25, 2.75, 8], "texture": "#1"},
				"south": {"uv": [3.75, 7.25, 4, 8], "texture": "#1"},
				"west": {"uv": [3, 7.25, 3.75, 8], "texture": "#1"},
				"up": {"uv": [3, 7.25, 2.75, 6.5], "texture": "#1"},
				"down": {"uv": [3.25, 6.5, 3, 7.25], "texture": "#1"}
			}
		},
		{
			"from": [6.75, -7, 8.75],
			"to": [6.75, 6, 12.75],
			"rotation": {"angle": -22.5, "axis": "y", "origin": [5, 4.5, 10.25]},
			"faces": {
				"north": {"uv": [1, 6.5, 1, 9.75], "texture": "#1"},
				"east": {"uv": [0, 6.5, 1, 9.75], "texture": "#1"},
				"south": {"uv": [2, 6.5, 2, 9.75], "texture": "#1"},
				"west": {"uv": [1, 6.5, 2, 9.75], "texture": "#1"},
				"up": {"uv": [1, 6.5, 1, 5.5], "texture": "#1"},
				"down": {"uv": [1, 5.5, 1, 6.5], "texture": "#1"}
			}
		},
		{
			"from": [1, 0.5, 11.75],
			"to": [4, 10.5, 12.75],
			"rotation": {"angle": 45, "axis": "z", "origin": [5, 2, 12.25]},
			"faces": {
				"north": {"uv": [6.25, 5, 7, 7.5], "texture": "#1"},
				"east": {"uv": [6, 5, 6.25, 7.5], "texture": "#1"},
				"south": {"uv": [7.25, 5, 8, 7.5], "texture": "#1"},
				"west": {"uv": [7, 5, 7.25, 7.5], "texture": "#1"},
				"up": {"uv": [7, 5, 6.25, 4.75], "texture": "#1"},
				"down": {"uv": [7.75, 4.75, 7, 5], "texture": "#1"}
			}
		},
		{
			"from": [-5, -14.5, 12.25],
			"to": [6, 4.5, 12.25],
			"rotation": {"angle": 0, "axis": "y", "origin": [5, 2, 12.25]},
			"faces": {
				"north": {"uv": [6, 0, 8.75, 4.75], "texture": "#1"},
				"east": {"uv": [6, 0, 6, 4.75], "texture": "#1"},
				"south": {"uv": [8.75, 0, 11.5, 4.75], "texture": "#1"},
				"west": {"uv": [8.75, 0, 8.75, 4.75], "texture": "#1"},
				"up": {"uv": [8.75, 0, 6, 0], "texture": "#1"},
				"down": {"uv": [11.5, 0, 8.75, 0], "texture": "#1"}
			}
		},
		{
			"from": [-8.25, -15.5, 12.5],
			"to": [3.75, 10.5, 12.5],
			"rotation": {"angle": -22.5, "axis": "z", "origin": [0.5, -2, 12.5]},
			"faces": {
				"north": {"uv": [0, 0, 3, 6.5], "texture": "#1"},
				"east": {"uv": [0, 0, 0, 6.5], "texture": "#1"},
				"south": {"uv": [3, 0, 6, 6.5], "texture": "#1"},
				"west": {"uv": [3, 0, 3, 6.5], "texture": "#1"},
				"up": {"uv": [3, 0, 0, 0], "texture": "#1"},
				"down": {"uv": [6, 0, 3, 0], "texture": "#1"}
			}
		},
		{
			"from": [18.89594, 2.61777, 11.85],
			"to": [20.69594, 6.41777, 12.65],
			"shade": false,
			"rotation": {"angle": 22.5, "axis": "z", "origin": [20.54594, 3.76777, 12.25]},
			"faces": {
				"north": {"uv": [6.25, 7.75, 5.75, 8.75], "texture": "#1"},
				"east": {"uv": [6.5, 7.75, 6.25, 8.75], "texture": "#1"},
				"south": {"uv": [7, 7.75, 6.5, 8.75], "texture": "#1"},
				"west": {"uv": [5.75, 7.75, 5.5, 8.75], "texture": "#1"},
				"up": {"uv": [5.75, 7.75, 6.25, 7.5], "texture": "#1"},
				"down": {"uv": [6.25, 7.5, 6.75, 7.75], "texture": "#1"}
			}
		},
		{
			"from": [9.9, -0.1, 11.65],
			"to": [12.1, 5.1, 12.85],
			"shade": false,
			"rotation": {"angle": 0, "axis": "y", "origin": [17, -18, 1]},
			"faces": {
				"north": {"uv": [4.75, 6.75, 4.25, 8], "texture": "#1"},
				"east": {"uv": [5, 6.75, 4.75, 8], "texture": "#1"},
				"south": {"uv": [5.5, 6.75, 5, 8], "texture": "#1"},
				"west": {"uv": [4.25, 6.75, 4, 8], "texture": "#1"},
				"up": {"uv": [4.25, 6.75, 4.75, 6.5], "texture": "#1"},
				"down": {"uv": [4.75, 6.5, 5.25, 6.75], "texture": "#1"}
			}
		},
		{
			"from": [8.75, 3, 8.75],
			"to": [9.75, 6, 11.75],
			"shade": false,
			"rotation": {"angle": 22.5, "axis": "y", "origin": [11, 4.5, 10.25]},
			"faces": {
				"north": {"uv": [3, 7.25, 2.75, 8], "texture": "#1"},
				"east": {"uv": [3.75, 7.25, 3, 8], "texture": "#1"},
				"south": {"uv": [4, 7.25, 3.75, 8], "texture": "#1"},
				"west": {"uv": [2.75, 7.25, 2, 8], "texture": "#1"},
				"up": {"uv": [2.75, 7.25, 3, 6.5], "texture": "#1"},
				"down": {"uv": [3, 6.5, 3.25, 7.25], "texture": "#1"}
			}
		},
		{
			"from": [9.25, -7, 8.75],
			"to": [9.25, 6, 12.75],
			"shade": false,
			"rotation": {"angle": 22.5, "axis": "y", "origin": [11, 4.5, 10.25]},
			"faces": {
				"north": {"uv": [1, 6.5, 1, 9.75], "texture": "#1"},
				"east": {"uv": [2, 6.5, 1, 9.75], "texture": "#1"},
				"south": {"uv": [2, 6.5, 2, 9.75], "texture": "#1"},
				"west": {"uv": [1, 6.5, 0, 9.75], "texture": "#1"},
				"up": {"uv": [1, 6.5, 1, 5.5], "texture": "#1"},
				"down": {"uv": [1, 5.5, 1, 6.5], "texture": "#1"}
			}
		},
		{
			"from": [12, 0.5, 11.75],
			"to": [15, 10.5, 12.75],
			"shade": false,
			"rotation": {"angle": -45, "axis": "z", "origin": [11, 2, 12.25]},
			"faces": {
				"north": {"uv": [7, 5, 6.25, 7.5], "texture": "#1"},
				"east": {"uv": [7.25, 5, 7, 7.5], "texture": "#1"},
				"south": {"uv": [8, 5, 7.25, 7.5], "texture": "#1"},
				"west": {"uv": [6.25, 5, 6, 7.5], "texture": "#1"},
				"up": {"uv": [6.25, 5, 7, 4.75], "texture": "#1"},
				"down": {"uv": [7, 4.75, 7.75, 5], "texture": "#1"}
			}
		},
		{
			"from": [10, -14.5, 12.25],
			"to": [21, 4.5, 12.25],
			"shade": false,
			"rotation": {"angle": 0, "axis": "y", "origin": [11, 2, 12.25]},
			"faces": {
				"north": {"uv": [8.75, 0, 6, 4.75], "texture": "#1"},
				"east": {"uv": [8.75, 0, 8.75, 4.75], "texture": "#1"},
				"south": {"uv": [11.5, 0, 8.75, 4.75], "texture": "#1"},
				"west": {"uv": [6, 0, 6, 4.75], "texture": "#1"},
				"up": {"uv": [6, 0, 8.75, 0], "texture": "#1"},
				"down": {"uv": [8.75, 0, 11.5, 0], "texture": "#1"}
			}
		},
		{
			"from": [12.25, -15.5, 12.5],
			"to": [24.25, 10.5, 12.5],
			"shade": false,
			"rotation": {"angle": 22.5, "axis": "z", "origin": [15.5, -2, 12.5]},
			"faces": {
				"north": {"uv": [3, 0, 0, 6.5], "texture": "#1"},
				"east": {"uv": [3, 0, 3, 6.5], "texture": "#1"},
				"south": {"uv": [6, 0, 3, 6.5], "texture": "#1"},
				"west": {"uv": [0, 0, 0, 6.5], "texture": "#1"},
				"up": {"uv": [0, 0, 3, 0], "texture": "#1"},
				"down": {"uv": [3, 0, 6, 0], "texture": "#1"}
			}
		}
	],
	"display": {
		"thirdperson_righthand": {
			"rotation": [66, 0, 0],
			"translation": [-5.75, -1, 13.75]
		},
		"thirdperson_lefthand": {
			"rotation": [66, 0, 0],
			"translation": [-5.75, -1, 13.75]
		},
		"firstperson_righthand": {
			"scale": [0.4, 0.4, 0.4]
		},
		"firstperson_lefthand": {
			"translation": [-0.25, 0, 0],
			"scale": [0.4, 0.4, 0.4]
		},
		"ground": {
			"translation": [0, -2.75, 0],
			"scale": [0.4, 0.4, 0.4]
		},
		"gui": {
			"translation": [0, 2.5, 0],
			"scale": [0.4, 0.4, 0.4]
		},
		"head": {
			"translation": [0, -5.75, -0.5],
			"scale": [1.6, 1.6, 1.6]
		},
		"fixed": {
			"rotation": [0, -180, 0],
			"translation": [0, -7.25, 2.5]
		}
	},
	"groups": [
		{
			"name": "root",
			"origin": [8, 8, 8],
			"color": 0,
			"children": [
				{
					"name": "side1",
					"origin": [6, 20, 11.25],
					"color": 0,
					"children": [0, 1, 2, 3, 4, 5, 6]
				},
				{
					"name": "side1",
					"origin": [6, 20, 11.25],
					"color": 0,
					"children": [7, 8, 9, 10, 11, 12, 13]
				}
			]
		}
	]
}