{
	"credit": "Made with Blockbench",
	"texture_size": [32, 32],
	"textures": {
		"0": "jasmine/good_evil",
		"particle": "jasmine/good_evil"
	},
	"elements": [
		{
			"name": "evil_cube",
			"from": [6.48611, 9.67162, 6.17933],
			"to": [9.48611, 12.67162, 9.17933],
			"rotation": {"angle": 0, "axis": "y", "origin": [7.98611, 8.68326, 8.0442]},
			"faces": {
				"north": {"uv": [7.5, 1.5, 9, 3], "texture": "#0"},
				"east": {"uv": [6, 1.5, 7.5, 3], "texture": "#0"},
				"south": {"uv": [10.5, 1.5, 12, 3], "texture": "#0"},
				"west": {"uv": [9, 1.5, 10.5, 3], "texture": "#0"},
				"up": {"uv": [9, 1.5, 7.5, 0], "texture": "#0"},
				"down": {"uv": [10.5, 0, 9, 1.5], "texture": "#0"}
			}
		},
		{
			"name": "evil_cube",
			"from": [6.48611, 13.67162, 6.17933],
			"to": [9.48611, 13.67162, 9.17933],
			"rotation": {"angle": 22.5, "axis": "y", "origin": [7.98611, 13.67162, 7.67933]},
			"faces": {
				"north": {"uv": [10.5, 1.5, 12, 1.5], "texture": "#0"},
				"east": {"uv": [9, 1.5, 10.5, 1.5], "texture": "#0"},
				"south": {"uv": [13.5, 1.5, 15, 1.5], "texture": "#0"},
				"west": {"uv": [12, 1.5, 13.5, 1.5], "texture": "#0"},
				"up": {"uv": [12, 1.5, 10.5, 0], "texture": "#0"},
				"down": {"uv": [12, 0, 10.5, 1.5], "texture": "#0"}
			}
		},
		{
			"name": "evil_cube",
			"from": [6.47611, 5.66162, 6.91933],
			"to": [9.49611, 9.68162, 8.43933],
			"rotation": {"angle": 0, "axis": "y", "origin": [7.98611, 8.68326, 8.0442]},
			"faces": {
				"north": {"uv": [6.5, 3.5, 8, 5.5], "texture": "#0"},
				"east": {"uv": [6, 3.5, 6.5, 5.5], "texture": "#0"},
				"south": {"uv": [8.5, 3.5, 10, 5.5], "texture": "#0"},
				"west": {"uv": [8, 3.5, 8.5, 5.5], "texture": "#0"},
				"up": {"uv": [8, 3.5, 6.5, 3], "texture": "#0"},
				"down": {"uv": [9.5, 3, 8, 3.5], "texture": "#0"}
			}
		},
		{
			"name": "evil_cube",
			"from": [6.53861, 1.48903, 8.40519],
			"to": [8.03861, 4.48903, 9.90519],
			"rotation": {"angle": 45, "axis": "x", "origin": [7.97611, 6.84478, 10.5877]},
			"faces": {
				"north": {"uv": [10.75, 6, 10, 7.5], "texture": "#0"},
				"east": {"uv": [10, 6, 10.75, 7.5], "texture": "#0"},
				"south": {"uv": [10.75, 6, 10, 7.5], "texture": "#0"},
				"west": {"uv": [10, 6, 10.75, 7.5], "texture": "#0"},
				"down": {"uv": [10.75, 7.5, 10, 8.25], "texture": "#0"}
			}
		},
		{
			"name": "evil_cube",
			"from": [7.93361, 5.03051, 5.26649],
			"to": [9.43361, 6.53051, 8.26649],
			"rotation": {"angle": -22.5, "axis": "x", "origin": [8.74611, 5.78051, 6.76649]},
			"faces": {
				"north": {"uv": [10.75, 7.5, 10, 8.25], "rotation": 180, "texture": "#0"},
				"east": {"uv": [10, 6, 10.75, 7.5], "rotation": 270, "texture": "#0"},
				"west": {"uv": [10, 6, 10.75, 7.5], "rotation": 90, "texture": "#0"},
				"up": {"uv": [10.75, 6, 10, 7.5], "rotation": 180, "texture": "#0"},
				"down": {"uv": [10.75, 6, 10, 7.5], "texture": "#0"}
			}
		},
		{
			"name": "evil_cube",
			"from": [9.61111, 5.15203, 7.14771],
			"to": [11.11111, 8.15203, 8.64771],
			"rotation": {"angle": 45, "axis": "z", "origin": [8.11111, 7.68326, 8.4192]},
			"faces": {
				"north": {"uv": [11.25, 4, 10.5, 5.5], "texture": "#0"},
				"east": {"uv": [10.5, 4, 11.25, 5.5], "texture": "#0"},
				"south": {"uv": [11.25, 4, 10.5, 5.5], "texture": "#0"},
				"west": {"uv": [10.5, 4, 11.25, 5.5], "texture": "#0"},
				"up": {"uv": [10.75, 3, 10, 3.75], "texture": "#0"},
				"down": {"uv": [11.75, 3, 11, 3.75], "texture": "#0"}
			}
		},
		{
			"name": "evil_cube",
			"from": [4.98611, 5.08953, 7.14771],
			"to": [6.48611, 8.08953, 8.64771],
			"rotation": {"angle": -45, "axis": "z", "origin": [7.98611, 7.62076, 8.4192]},
			"faces": {
				"north": {"uv": [11.25, 4, 12, 5.5], "texture": "#0"},
				"east": {"uv": [12, 4, 11.25, 5.5], "texture": "#0"},
				"south": {"uv": [11.25, 4, 12, 5.5], "texture": "#0"},
				"west": {"uv": [12, 4, 11.25, 5.5], "texture": "#0"},
				"up": {"uv": [12, 3, 12.75, 3.75], "texture": "#0"},
				"down": {"uv": [11, 3, 11.75, 3.75], "texture": "#0"}
			}
		},
		{
			"name": "evil_cube",
			"from": [3.23611, 6.42162, 9.17933],
			"to": [7.23611, 10.42162, 9.17933],
			"rotation": {"angle": 22.5, "axis": "y", "origin": [5.23611, 8.42162, 9.17933]},
			"faces": {
				"north": {"uv": [8, 5.5, 6, 7.5], "texture": "#0"},
				"east": {"uv": [8, 5.5, 8, 7.5], "texture": "#0"},
				"south": {"uv": [6, 5.5, 8, 7.5], "texture": "#0"},
				"west": {"uv": [10, 5.5, 10, 7.5], "texture": "#0"},
				"up": {"uv": [8, 5.5, 8, 3.5], "rotation": 90, "texture": "#0"},
				"down": {"uv": [8, 3.5, 8, 5.5], "rotation": 270, "texture": "#0"}
			}
		},
		{
			"name": "evil_cube",
			"from": [8.73611, 6.42162, 9.17933],
			"to": [12.73611, 10.42162, 9.17933],
			"rotation": {"angle": -22.5, "axis": "y", "origin": [10.73611, 8.42162, 9.17933]},
			"faces": {
				"north": {"uv": [10, 5.5, 8, 7.5], "texture": "#0"},
				"east": {"uv": [10, 5.5, 10, 7.5], "texture": "#0"},
				"south": {"uv": [8, 5.5, 10, 7.5], "texture": "#0"},
				"west": {"uv": [8, 5.5, 8, 7.5], "texture": "#0"},
				"up": {"uv": [8, 5.5, 8, 3.5], "rotation": 270, "texture": "#0"},
				"down": {"uv": [8, 3.5, 8, 5.5], "rotation": 90, "texture": "#0"}
			}
		}
	],
	"gui_light": "front",
	"display": {
		"thirdperson_righthand": {
			"rotation": [75, -56.25, 0],
			"translation": [1.25, -0.75, 14.25]
		},
		"thirdperson_lefthand": {
			"rotation": [75, -56.25, 0],
			"translation": [1.25, -0.75, 14]
		},
		"firstperson_righthand": {
			"rotation": [0, -13, 0],
			"translation": [-0.25, -0.5, 5.75],
			"scale": [0.6, 0.6, 0.6]
		},
		"firstperson_lefthand": {
			"rotation": [0, -13, 0],
			"translation": [-0.25, -0.5, 5.75],
			"scale": [0.6, 0.6, 0.6]
		},
		"gui": {
			"rotation": [0, -180, 0],
			"scale": [1.5, 1.5, 1.5]
		},
		"head": {
			"rotation": [19.25, 36.5, -12.5],
			"translation": [-4.5, 11, 2],
			"scale": [1.9, 1.9, 1.9]
		},
		"fixed": {
			"translation": [0, 0, -8.75],
			"scale": [1.5, 1.5, 1.5]
		}
	}
}