{
	"credit": "Made with Blockbench",
	"parent": "butterfly_wing",
	"texture_size": [64, 64],
	"textures": {
		"0": "jasmine/butterfly_wing",
		"particle": "jasmine/butterfly_wing"
	},
	"elements": [
		{
			"from": [9.5, 15, 10],
			"to": [9.5, 21, 12],
			"faces": {
				"north": {"uv": [1.5, 5.5, 2, 7], "texture": "#0"},
				"east": {"uv": [2, 5.5, 2.5, 7], "texture": "#0"},
				"south": {"uv": [2.5, 5.5, 3, 7], "texture": "#0"},
				"west": {"uv": [3, 5.5, 3.5, 7], "texture": "#0"},
				"up": {"uv": [5, 6.5, 4.5, 6], "texture": "#0"},
				"down": {"uv": [5.5, 6, 5, 6.5], "texture": "#0"}
			}
		},
		{
			"from": [9, 18, 10],
			"to": [10, 23, 12],
			"faces": {
				"north": {"uv": [0, 5.5, 0.75, 6.75], "texture": "#0"},
				"east": {"uv": [3.5, 5.5, 4, 6.75], "texture": "#0"},
				"south": {"uv": [0.75, 5.5, 1.5, 6.75], "texture": "#0"},
				"west": {"uv": [4, 5.5, 4.5, 6.75], "texture": "#0"},
				"up": {"uv": [5.25, 6, 4.5, 5.5], "texture": "#0"},
				"down": {"uv": [6, 5.5, 5.25, 6], "texture": "#0"}
			}
		},
		{
			"from": [9.5, 6, 12],
			"to": [26.5, 28, 12],
			"rotation": {"angle": 0, "axis": "y", "origin": [14, 19.5, 12]},
			"faces": {
				"north": {"uv": [0, 0, 4.25, 5.5], "texture": "#0"},
				"east": {"uv": [0, 0, 0, 5.5], "texture": "#0"},
				"south": {"uv": [4.25, 0, 8.5, 5.5], "texture": "#0"},
				"west": {"uv": [0, 0, 0, 5.5], "texture": "#0"},
				"up": {"uv": [4.25, 0, 0, 0], "texture": "#0"},
				"down": {"uv": [4.25, 0, 0, 0], "texture": "#0"}
			}
		},
		{
			"from": [6.5, 15, 10],
			"to": [6.5, 21, 12],
			"rotation": {"angle": 0, "axis": "y", "origin": [16, 0, 0]},
			"faces": {
				"north": {"uv": [2, 5.5, 1.5, 7], "texture": "#0"},
				"east": {"uv": [3.5, 5.5, 3, 7], "texture": "#0"},
				"south": {"uv": [3, 5.5, 2.5, 7], "texture": "#0"},
				"west": {"uv": [2.5, 5.5, 2, 7], "texture": "#0"},
				"up": {"uv": [4.5, 6.5, 5, 6], "texture": "#0"},
				"down": {"uv": [5, 6, 5.5, 6.5], "texture": "#0"}
			}
		},
		{
			"from": [6, 18, 10],
			"to": [7, 23, 12],
			"rotation": {"angle": 0, "axis": "y", "origin": [16, 0, 0]},
			"faces": {
				"north": {"uv": [0.75, 5.5, 0, 6.75], "texture": "#0"},
				"east": {"uv": [4.5, 5.5, 4, 6.75], "texture": "#0"},
				"south": {"uv": [1.5, 5.5, 0.75, 6.75], "texture": "#0"},
				"west": {"uv": [4, 5.5, 3.5, 6.75], "texture": "#0"},
				"up": {"uv": [4.5, 6, 5.25, 5.5], "texture": "#0"},
				"down": {"uv": [5.25, 5.5, 6, 6], "texture": "#0"}
			}
		},
		{
			"from": [-10.5, 6, 12],
			"to": [6.5, 28, 12],
			"rotation": {"angle": 0, "axis": "y", "origin": [2, 19.5, 12]},
			"faces": {
				"north": {"uv": [4.25, 0, 0, 5.5], "texture": "#0"},
				"east": {"uv": [0, 0, 0, 5.5], "texture": "#0"},
				"south": {"uv": [8.5, 0, 4.25, 5.5], "texture": "#0"},
				"west": {"uv": [0, 0, 0, 5.5], "texture": "#0"},
				"up": {"uv": [0, 0, 4.25, 0], "texture": "#0"},
				"down": {"uv": [0, 0, 4.25, 0], "texture": "#0"}
			}
		}
	],
	"display": {
		"thirdperson_righthand": {
			"rotation": [68.5, 0, 0],
			"translation": [-5.75, -6.75, -3.5]
		},
		"thirdperson_lefthand": {
			"rotation": [68.5, 0, 0],
			"translation": [-5.75, -6.75, -3.5]
		},
		"firstperson_righthand": {
			"translation": [0, -7.5, 0],
			"scale": [0.4, 0.4, 0.4]
		},
		"firstperson_lefthand": {
			"translation": [-0.25, -7.25, 0],
			"scale": [0.4, 0.4, 0.4]
		},
		"ground": {
			"translation": [0, -2.75, 0],
			"scale": [0.4, 0.4, 0.4]
		},
		"gui": {
			"translation": [0, 2.5, 0],
			"scale": [0.4, 0.4, 0.4]
		},
		"head": {
			"translation": [0, -33.25, -0.5],
			"scale": [1.6, 1.6, 1.6]
		},
		"fixed": {
			"rotation": [0, -180, 0],
			"translation": [0, -7.25, 2.5]
		}
	},
	"groups": [
		{
			"name": "root",
			"origin": [8, 8, 8],
			"color": 0,
			"children": [
				{
					"name": "side1",
					"origin": [0, 0, 0],
					"color": 0,
					"children": [0, 1, 2]
				},
				{
					"name": "side1",
					"origin": [0, 0, 0],
					"color": 0,
					"children": [3, 4, 5]
				}
			]
		}
	]
}