{
	"credit": "This model was made for a paying customer, you are not allowed to use it without a license. By Ligua using Block Bench",
	"texture_size": [32, 32],
	"textures": {
		"0": "jasmine/good_evil",
		"particle": "jasmine/good_evil"
	},
	"elements": [
		{
			"name": "good_cube",
			"from": [4.15909, 9.2533, 7.78445],
			"to": [11.15909, 14.2533, 7.78445],
			"rotation": {"angle": 0, "axis": "y", "origin": [0.15909, 7.2533, 3.78445]},
			"faces": {
				"north": {"uv": [0, 7.5, 3.5, 10], "texture": "#0"},
				"east": {"uv": [0, 7.5, 0, 10], "texture": "#0"},
				"south": {"uv": [3.5, 7.5, 0, 10], "texture": "#0"},
				"west": {"uv": [3.5, 7.5, 3.5, 10], "texture": "#0"},
				"up": {"uv": [3.5, 7.5, 0, 7.5], "texture": "#0"},
				"down": {"uv": [7, 7.5, 3.5, 7.5], "texture": "#0"}
			}
		},
		{
			"name": "good_cube",
			"from": [6.15909, 9.2533, 6.28445],
			"to": [9.15909, 12.2533, 9.28445],
			"rotation": {"angle": 0, "axis": "y", "origin": [0.15909, 7.2533, 5.28445]},
			"faces": {
				"north": {"uv": [1.5, 1.5, 3, 3], "texture": "#0"},
				"east": {"uv": [0, 1.5, 1.5, 3], "texture": "#0"},
				"south": {"uv": [4.5, 1.5, 6, 3], "texture": "#0"},
				"west": {"uv": [3, 1.5, 4.5, 3], "texture": "#0"},
				"up": {"uv": [3, 1.5, 1.5, 0], "texture": "#0"},
				"down": {"uv": [4.5, 0, 3, 1.5], "texture": "#0"}
			}
		},
		{
			"name": "good_cube",
			"from": [6.14909, 5.2433, 7.02445],
			"to": [9.16909, 9.2633, 8.54445],
			"rotation": {"angle": 0, "axis": "y", "origin": [0.15909, 4.2533, 5.53445]},
			"faces": {
				"north": {"uv": [0.5, 3.5, 2, 5.5], "texture": "#0"},
				"east": {"uv": [0, 3.5, 0.5, 5.5], "texture": "#0"},
				"south": {"uv": [2.5, 3.5, 4, 5.5], "texture": "#0"},
				"west": {"uv": [2, 3.5, 2.5, 5.5], "texture": "#0"},
				"up": {"uv": [2, 3.5, 0.5, 3], "texture": "#0"},
				"down": {"uv": [3.5, 3, 2, 3.5], "texture": "#0"}
			}
		},
		{
			"name": "good_cube",
			"from": [9.14909, 5.2433, 7.27445],
			"to": [9.16909, 7.2633, 12.79445],
			"rotation": {"angle": 45, "axis": "y", "origin": [9.15909, 6.2533, 10.03445]},
			"faces": {
				"north": {"uv": [2.5, 10, 2.5, 11], "texture": "#0"},
				"east": {"uv": [2.5, 10, 0, 11], "texture": "#0"},
				"south": {"uv": [5, 10, 5, 11], "texture": "#0"},
				"west": {"uv": [0, 10, 2.5, 11], "texture": "#0"},
				"up": {"uv": [2.5, 10, 2.5, 7.5], "texture": "#0"},
				"down": {"uv": [2.5, 7.5, 2.5, 10], "texture": "#0"}
			}
		},
		{
			"name": "good_cube",
			"from": [5.72159, 3.717, 5.26752],
			"to": [7.22159, 5.217, 8.26752],
			"rotation": {"angle": 22.5, "axis": "y", "origin": [6.47159, 4.467, 6.76752]},
			"faces": {
				"north": {"uv": [4, 7.5, 4.75, 8.25], "rotation": 180, "texture": "#0"},
				"east": {"uv": [4.75, 6, 4, 7.5], "rotation": 270, "texture": "#0"},
				"south": {"uv": [4.5, 6, 5, 5.5], "texture": "#0"},
				"west": {"uv": [4.75, 6, 4, 7.5], "rotation": 90, "texture": "#0"},
				"up": {"uv": [5.25, 6, 4.5, 7.5], "rotation": 180, "texture": "#0"},
				"down": {"uv": [5.25, 6, 4.5, 7.5], "texture": "#0"}
			}
		},
		{
			"name": "good_cube",
			"from": [8.34659, 3.86219, 5.99662],
			"to": [9.84659, 5.36219, 8.99662],
			"rotation": {"angle": -45, "axis": "y", "origin": [9.10659, 4.61219, 7.49662]},
			"faces": {
				"north": {"uv": [4, 8.25, 4.75, 7.5], "texture": "#0"},
				"east": {"uv": [4, 6, 4.75, 7.5], "rotation": 270, "texture": "#0"},
				"south": {"uv": [4.75, 7.5, 4, 8.25], "texture": "#0"},
				"west": {"uv": [4, 6, 4.75, 7.5], "rotation": 90, "texture": "#0"},
				"up": {"uv": [4.5, 6, 5.25, 7.5], "rotation": 180, "texture": "#0"},
				"down": {"uv": [4.5, 6, 5.25, 7.5], "texture": "#0"}
			}
		},
		{
			"name": "good_cube",
			"from": [4.47159, 6.092, 6.73889],
			"to": [5.97159, 9.092, 8.23889],
			"rotation": {"angle": -22.5, "axis": "z", "origin": [5.22159, 7.592, 7.48889]},
			"faces": {
				"north": {"uv": [4.5, 4, 5.25, 5.5], "texture": "#0"},
				"east": {"uv": [5.25, 4, 4.5, 5.5], "texture": "#0"},
				"south": {"uv": [4.5, 4, 5.25, 5.5], "texture": "#0"},
				"west": {"uv": [5.25, 4, 4.5, 5.5], "texture": "#0"},
				"up": {"uv": [5.25, 3.75, 4.5, 3], "texture": "#0"},
				"down": {"uv": [5.25, 3.75, 4.5, 3], "texture": "#0"}
			}
		},
		{
			"name": "good_cube",
			"from": [9.15909, 6.4045, 6.55139],
			"to": [10.65909, 9.4045, 8.05139],
			"rotation": {"angle": 45, "axis": "x", "origin": [9.90909, 7.9045, 7.30139]},
			"faces": {
				"north": {"uv": [5.25, 4, 4.5, 5.5], "texture": "#0"},
				"east": {"uv": [4.5, 4, 5.25, 5.5], "texture": "#0"},
				"south": {"uv": [5.25, 4, 4.5, 5.5], "texture": "#0"},
				"west": {"uv": [4.5, 4, 5.25, 5.5], "texture": "#0"},
				"up": {"uv": [4.5, 3.75, 5.25, 3], "texture": "#0"},
				"down": {"uv": [4.5, 3.75, 5.25, 3], "texture": "#0"}
			}
		},
		{
			"name": "good_cube",
			"from": [9.90909, 5.1545, -0.44861],
			"to": [9.90909, 8.1545, 11.05139],
			"rotation": {"angle": 45, "axis": "x", "origin": [9.90909, 7.9045, 7.30139]},
			"faces": {
				"north": {"uv": [5.25, 4, 4.5, 5.5], "texture": "#0"},
				"east": {"uv": [4, 8.5, 9.75, 10], "texture": "#0"},
				"south": {"uv": [5.25, 4, 4.5, 5.5], "texture": "#0"},
				"west": {"uv": [9.75, 8.5, 4, 10], "texture": "#0"},
				"up": {"uv": [4.5, 3.75, 5.25, 3], "texture": "#0"},
				"down": {"uv": [4.5, 3.75, 5.25, 3], "texture": "#0"}
			}
		},
		{
			"name": "good_cube",
			"from": [5.90909, 8.0033, 8.28445],
			"to": [5.90909, 12.0033, 12.28445],
			"rotation": {"angle": -45, "axis": "y", "origin": [5.90909, 10.0033, 10.28445]},
			"faces": {
				"north": {"uv": [2, 5.5, 2, 7.5], "texture": "#0"},
				"east": {"uv": [4, 5.5, 2, 7.5], "texture": "#0"},
				"south": {"uv": [4, 5.5, 4, 7.5], "texture": "#0"},
				"west": {"uv": [2, 5.5, 4, 7.5], "texture": "#0"},
				"up": {"uv": [2, 5.5, 2, 3.5], "texture": "#0"},
				"down": {"uv": [2, 3.5, 2, 5.5], "texture": "#0"}
			}
		},
		{
			"name": "good_cube",
			"from": [9.40909, 8.0033, 8.28445],
			"to": [9.40909, 12.0033, 12.28445],
			"rotation": {"angle": 45, "axis": "y", "origin": [9.40909, 10.0033, 10.28445]},
			"faces": {
				"north": {"uv": [2, 5.5, 2, 7.5], "texture": "#0"},
				"east": {"uv": [0, 5.5, 2, 7.5], "texture": "#0"},
				"south": {"uv": [4, 5.5, 4, 7.5], "texture": "#0"},
				"west": {"uv": [2, 5.5, 0, 7.5], "texture": "#0"},
				"up": {"uv": [2, 5.5, 2, 3.5], "texture": "#0"},
				"down": {"uv": [2, 3.5, 2, 5.5], "texture": "#0"}
			}
		}
	],
	"gui_light": "front",
	"display": {
		"thirdperson_righthand": {
			"rotation": [75, -389.25, 343],
			"translation": [1.75, -1.75, 16.25]
		},
		"thirdperson_lefthand": {
			"rotation": [75, -389.25, 343],
			"translation": [1.75, -1.75, 16.25]
		},
		"firstperson_righthand": {
			"rotation": [0, -13, 0],
			"translation": [-0.25, 6.5, 5.75],
			"scale": [0.6, 0.6, 0.6]
		},
		"firstperson_lefthand": {
			"rotation": [0, -13, 0],
			"translation": [-0.25, 6.5, 5.75],
			"scale": [0.6, 0.6, 0.6]
		},
		"gui": {
			"rotation": [0, -180, 0],
			"translation": [0, -1.25, 0],
			"scale": [1.5, 1.5, 1.5]
		},
		"head": {
			"rotation": [8, 67.25, 0],
			"translation": [-6.25, 14.25, -5],
			"scale": [1.9, 1.9, 1.9]
		},
		"fixed": {
			"translation": [0, 0, -8.75],
			"scale": [1.5, 1.5, 1.5]
		}
	}
}