{
	"credit": "Made with Blockbench",
	"texture_size": [64, 64],
	"textures": {
		"0": "jasmine/enderdragon_wing",
		"particle": "jasmine/enderdragon_wing"
	},
	"elements": [
		{
			"from": [6.1, 20.1, 10.1],
			"to": [6.9, 22.9, 12.9],
			"rotation": {"angle": 0, "axis": "y", "origin": [14, 28, 18]},
			"faces": {
				"north": {"uv": [6.25, 0.75, 6.5, 1.5], "texture": "#0"},
				"east": {"uv": [5.5, 0.75, 6.25, 1.5], "texture": "#0"},
				"south": {"uv": [7.25, 0.75, 7.5, 1.5], "texture": "#0"},
				"west": {"uv": [6.5, 0.75, 7.25, 1.5], "texture": "#0"},
				"up": {"uv": [6.5, 0.75, 6.25, 0], "texture": "#0"},
				"down": {"uv": [6.75, 0, 6.5, 0.75], "texture": "#0"}
			}
		},
		{
			"from": [-1, 21, 13],
			"to": [7, 23, 15],
			"rotation": {"angle": 22.5, "axis": "y", "origin": [4, 22, 14]},
			"faces": {
				"north": {"uv": [4.5, 5.5, 6.5, 6], "texture": "#0"},
				"east": {"uv": [4, 5.5, 4.5, 6], "texture": "#0"},
				"south": {"uv": [7, 5.5, 9, 6], "texture": "#0"},
				"west": {"uv": [6.5, 5.5, 7, 6], "texture": "#0"},
				"up": {"uv": [6.5, 5.5, 4.5, 5], "texture": "#0"},
				"down": {"uv": [8.5, 5, 6.5, 5.5], "texture": "#0"}
			}
		},
		{
			"from": [-1, 8, 14],
			"to": [7, 21, 14],
			"rotation": {"angle": 22.5, "axis": "y", "origin": [4, 22, 14]},
			"faces": {
				"north": {"uv": [0, 3.75, 2, 7], "texture": "#0"},
				"east": {"uv": [0, 3.75, 0, 7], "texture": "#0"},
				"south": {"uv": [2, 3.75, 4, 7], "texture": "#0"},
				"west": {"uv": [2, 3.75, 2, 7], "texture": "#0"},
				"up": {"uv": [2, 3.75, 0, 3.75], "texture": "#0"},
				"down": {"uv": [4, 3.75, 2, 3.75], "texture": "#0"}
			}
		},
		{
			"from": [-8.95, 21.3, 13.95],
			"to": [0.45, 22.7, 15.35],
			"rotation": {"angle": -22.5, "axis": "y", "origin": [-3.25, 22, 14.65]},
			"faces": {
				"north": {"uv": [4.5, 4.5, 7, 5], "texture": "#0"},
				"east": {"uv": [4, 4.5, 4.5, 5], "texture": "#0"},
				"south": {"uv": [7.5, 4.5, 10, 5], "texture": "#0"},
				"west": {"uv": [7, 4.5, 7.5, 5], "texture": "#0"},
				"up": {"uv": [7, 4.5, 4.5, 4], "texture": "#0"},
				"down": {"uv": [9.5, 4, 7, 4.5], "texture": "#0"}
			}
		},
		{
			"from": [-11.25, 8, 14.65],
			"to": [-0.25, 23, 14.65],
			"rotation": {"angle": -22.5, "axis": "y", "origin": [-3.25, 22, 14.65]},
			"faces": {
				"north": {"uv": [0, 0, 2.75, 3.75], "texture": "#0"},
				"east": {"uv": [0, 0, 0, 3.75], "texture": "#0"},
				"south": {"uv": [2.75, 0, 5.5, 3.75], "texture": "#0"},
				"west": {"uv": [2.75, 0, 2.75, 3.75], "texture": "#0"},
				"up": {"uv": [2.75, 0, 0, 0], "texture": "#0"},
				"down": {"uv": [5.5, 0, 2.75, 0], "texture": "#0"}
			}
		},
		{
			"from": [6.5, 15, 10],
			"to": [6.5, 21, 13],
			"rotation": {"angle": 0, "axis": "y", "origin": [14, 28, 18]},
			"faces": {
				"north": {"uv": [4.75, 6, 4.75, 7.5], "texture": "#0"},
				"east": {"uv": [4, 6, 4.75, 7.5], "texture": "#0"},
				"south": {"uv": [5.5, 6, 5.5, 7.5], "texture": "#0"},
				"west": {"uv": [4.75, 6, 5.5, 7.5], "texture": "#0"},
				"up": {"uv": [4.75, 6, 4.75, 5.25], "texture": "#0"},
				"down": {"uv": [4.75, 5.25, 4.75, 6], "texture": "#0"}
			}
		},
		{
			"from": [9.1, 20.1, 10.1],
			"to": [9.9, 22.9, 12.9],
			"shade": false,
			"rotation": {"angle": 0, "axis": "y", "origin": [2, 28, 18]},
			"faces": {
				"north": {"uv": [6.5, 0.75, 6.25, 1.5], "texture": "#0"},
				"east": {"uv": [7.25, 0.75, 6.5, 1.5], "texture": "#0"},
				"south": {"uv": [7.5, 0.75, 7.25, 1.5], "texture": "#0"},
				"west": {"uv": [6.25, 0.75, 5.5, 1.5], "texture": "#0"},
				"up": {"uv": [6.25, 0.75, 6.5, 0], "texture": "#0"},
				"down": {"uv": [6.5, 0, 6.75, 0.75], "texture": "#0"}
			}
		},
		{
			"from": [9, 21, 13],
			"to": [17, 23, 15],
			"shade": false,
			"rotation": {"angle": -22.5, "axis": "y", "origin": [12, 22, 14]},
			"faces": {
				"north": {"uv": [6.5, 5.5, 4.5, 6], "texture": "#0"},
				"east": {"uv": [7, 5.5, 6.5, 6], "texture": "#0"},
				"south": {"uv": [9, 5.5, 7, 6], "texture": "#0"},
				"west": {"uv": [4.5, 5.5, 4, 6], "texture": "#0"},
				"up": {"uv": [4.5, 5.5, 6.5, 5], "texture": "#0"},
				"down": {"uv": [6.5, 5, 8.5, 5.5], "texture": "#0"}
			}
		},
		{
			"from": [9, 8, 14],
			"to": [17, 21, 14],
			"shade": false,
			"rotation": {"angle": -22.5, "axis": "y", "origin": [12, 22, 14]},
			"faces": {
				"north": {"uv": [2, 3.75, 0, 7], "texture": "#0"},
				"east": {"uv": [2, 3.75, 2, 7], "texture": "#0"},
				"south": {"uv": [4, 3.75, 2, 7], "texture": "#0"},
				"west": {"uv": [0, 3.75, 0, 7], "texture": "#0"},
				"up": {"uv": [0, 3.75, 2, 3.75], "texture": "#0"},
				"down": {"uv": [2, 3.75, 4, 3.75], "texture": "#0"}
			}
		},
		{
			"from": [15.55, 21.3, 13.95],
			"to": [24.95, 22.7, 15.35],
			"shade": false,
			"rotation": {"angle": 22.5, "axis": "y", "origin": [19.25, 22, 14.65]},
			"faces": {
				"north": {"uv": [7, 4.5, 4.5, 5], "texture": "#0"},
				"east": {"uv": [7.5, 4.5, 7, 5], "texture": "#0"},
				"south": {"uv": [10, 4.5, 7.5, 5], "texture": "#0"},
				"west": {"uv": [4.5, 4.5, 4, 5], "texture": "#0"},
				"up": {"uv": [4.5, 4.5, 7, 4], "texture": "#0"},
				"down": {"uv": [7, 4, 9.5, 4.5], "texture": "#0"}
			}
		},
		{
			"from": [16.25, 8, 14.65],
			"to": [27.25, 23, 14.65],
			"shade": false,
			"rotation": {"angle": 22.5, "axis": "y", "origin": [19.25, 22, 14.65]},
			"faces": {
				"north": {"uv": [2.75, 0, 0, 3.75], "texture": "#0"},
				"east": {"uv": [2.75, 0, 2.75, 3.75], "texture": "#0"},
				"south": {"uv": [5.5, 0, 2.75, 3.75], "texture": "#0"},
				"west": {"uv": [0, 0, 0, 3.75], "texture": "#0"},
				"up": {"uv": [0, 0, 2.75, 0], "texture": "#0"},
				"down": {"uv": [2.75, 0, 5.5, 0], "texture": "#0"}
			}
		},
		{
			"from": [9.5, 15, 10],
			"to": [9.5, 21, 13],
			"shade": false,
			"rotation": {"angle": 0, "axis": "y", "origin": [2, 28, 18]},
			"faces": {
				"north": {"uv": [4.75, 6, 4.75, 7.5], "texture": "#0"},
				"east": {"uv": [5.5, 6, 4.75, 7.5], "texture": "#0"},
				"south": {"uv": [5.5, 6, 5.5, 7.5], "texture": "#0"},
				"west": {"uv": [4.75, 6, 4, 7.5], "texture": "#0"},
				"up": {"uv": [4.75, 6, 4.75, 5.25], "texture": "#0"},
				"down": {"uv": [4.75, 5.25, 4.75, 6], "texture": "#0"}
			}
		}
	],
	"display": {
		"thirdperson_righthand": {
			"rotation": [68.5, 0, 0],
			"translation": [-5.75, -6.75, -3.5]
		},
		"thirdperson_lefthand": {
			"rotation": [68.5, 0, 0],
			"translation": [-5.75, -6.75, -3.5]
		},
		"firstperson_righthand": {
			"translation": [0, -7, 0],
			"scale": [0.4, 0.4, 0.4]
		},
		"firstperson_lefthand": {
			"translation": [0, -7, 0],
			"scale": [0.4, 0.4, 0.4]
		},
		"ground": {
			"translation": [0, -2.75, 0],
			"scale": [0.4, 0.4, 0.4]
		},
		"gui": {
			"translation": [0, 2.5, 0],
			"scale": [0.4, 0.4, 0.4]
		},
		"head": {
			"translation": [0, -33, -0.5],
			"scale": [1.6, 1.6, 1.6]
		},
		"fixed": {
			"rotation": [0, -180, 0],
			"translation": [0, -7.25, 2.5]
		}
	},
	"groups": [
		{
			"name": "root",
			"origin": [8, 8, 8],
			"color": 0,
			"children": [
				{
					"name": "side1",
					"origin": [14, 28, 18],
					"color": 0,
					"children": [0, 1, 2, 3, 4, 5]
				},
				{
					"name": "side1",
					"origin": [14, 28, 18],
					"color": 0,
					"children": [6, 7, 8, 9, 10, 11]
				}
			]
		}
	]
}