{
	"format_version": "1.12.0",
	"minecraft:geometry": [
		{
			"description": {
				"identifier": "geometry.evil_wings_ORG",
				"texture_width": 128,
				"texture_height": 128,
				"visible_bounds_width": 4,
				"visible_bounds_height": 2.5,
				"visible_bounds_offset": [0, 0.75, 0]
			},
			"bones": [
				{
					"name": "wings",
					"pivot": [0, 11, 0]
				},
				{
					"name": "left_wing",
					"parent": "wings",
					"pivot": [2, 11, 0]
				},
				{
					"name": "inner",
					"parent": "left_wing",
					"pivot": [1.60355, 10.987, -0.75736],
					"cubes": [
						{"origin": [-0.89645, 8.5, -0.50736], "size": [6, 2, 2], "pivot": [2.35355, 9.487, 3.24264], "rotation": [-27.9044, -43.2782, -0.366], "uv": [44, 22]},
						{"origin": [-0.89645, 9.474, 1.49264], "size": [7, 0, 9], "pivot": [2.35355, 9.487, 3.24264], "rotation": [-27.9044, -43.2782, -0.366], "uv": [35, 9]}
					]
				},
				{
					"name": "mid_inner",
					"parent": "inner",
					"pivot": [5.62113, 10.50885, 3.0474],
					"cubes": [
						{"origin": [4.37113, 9.00935, 3.0474], "size": [6, 2, 2], "pivot": [7.62113, 10.00885, 7.2974], "rotation": [-16.1735, -21.6937, -8.8809], "uv": [44, 18]},
						{"origin": [3.37113, 10.00835, 5.0474], "size": [9, 0, 11], "pivot": [7.62113, 10.00885, 7.2974], "rotation": [-16.1735, -21.6937, -8.8809], "uv": [18, 32]}
					]
				},
				{
					"name": "mid_outer",
					"parent": "mid_inner",
					"pivot": [10.98344, 11.47453, 5.218],
					"cubes": [
						{"origin": [9.75121, 8.96203, 4.94288], "size": [7, 2, 2], "pivot": [13.23344, 9.97453, 8.968], "rotation": [-25.6276, -19.6835, 3.6164], "uv": [0, 43]},
						{"origin": [8.71567, 9.98703, 4.99313], "size": [9, 0, 14], "pivot": [13.23344, 9.97453, 8.968], "rotation": [-25.6276, -19.6835, 3.6164], "uv": [0, 14]}
					]
				},
				{
					"name": "outer",
					"parent": "mid_outer",
					"pivot": [17.1596, 11.44662, 7.54336],
					"cubes": [
						{"origin": [14.42737, 7.94662, 6.26823], "size": [4, 2, 2], "pivot": [16.6596, 8.94662, 10.54336], "rotation": [-40.6672, -46.038, 13.2898], "uv": [0, 4]},
						{"origin": [14.39183, 8.94662, 6.31848], "size": [6, 0, 15], "pivot": [16.6596, 8.94662, 10.54336], "rotation": [-40.6672, -46.038, 13.2898], "uv": [17, 0]}
					]
				},
				{
					"name": "right_wing",
					"parent": "wings",
					"pivot": [-2, 11, 0]
				},
				{
					"name": "inner2",
					"parent": "right_wing",
					"pivot": [-1.60355, 10.987, -0.75736],
					"cubes": [
						{"origin": [-6.10355, 9.474, 1.49264], "size": [7, 0, 9], "pivot": [-2.35355, 9.487, 3.24264], "rotation": [-27.9044, 43.2782, 0.366], "uv": [35, 9], "mirror": true},
						{"origin": [-5.10355, 8.5, -0.50736], "size": [6, 2, 2], "pivot": [-2.35355, 9.487, 3.24264], "rotation": [-27.9044, 43.2782, 0.366], "uv": [34, 43]}
					]
				},
				{
					"name": "mid_inner2",
					"parent": "inner2",
					"pivot": [-5.62113, 10.50885, 3.0474],
					"cubes": [
						{"origin": [-12.37113, 10.00835, 5.0474], "size": [9, 0, 11], "pivot": [-7.62113, 10.00885, 7.2974], "rotation": [-16.1735, 21.6937, 8.8809], "uv": [18, 32], "mirror": true},
						{"origin": [-10.37113, 9.00935, 3.0474], "size": [6, 2, 2], "pivot": [-7.62113, 10.00885, 7.2974], "rotation": [-16.1735, 21.6937, 8.8809], "uv": [18, 43]}
					]
				},
				{
					"name": "mid_outer2",
					"parent": "mid_inner2",
					"pivot": [-10.98344, 11.47453, 5.218],
					"cubes": [
						{"origin": [-17.71567, 9.98703, 4.99313], "size": [9, 0, 14], "pivot": [-13.23344, 9.97453, 8.968], "rotation": [-25.6276, 19.6835, -3.6164], "uv": [0, 14], "mirror": true},
						{"origin": [-16.75121, 8.96203, 4.94288], "size": [7, 2, 2], "pivot": [-13.23344, 9.97453, 8.968], "rotation": [-25.6276, 19.6835, -3.6164], "uv": [0, 39]}
					]
				},
				{
					"name": "outer2",
					"parent": "mid_outer2",
					"pivot": [-17.1596, 11.44662, 7.54336],
					"cubes": [
						{"origin": [-18.42737, 7.94662, 6.26823], "size": [4, 2, 2], "pivot": [-16.6596, 8.94662, 10.54336], "rotation": [-40.6672, 46.038, -13.2898], "uv": [0, 0]},
						{"origin": [-20.39183, 8.94662, 6.31848], "size": [6, 0, 15], "pivot": [-16.6596, 8.94662, 10.54336], "rotation": [-40.6672, 46.038, -13.2898], "uv": [17, 0], "mirror": true}
					]
				}
			]
		}
	]
}