{
	"credit": "Made with Blockbench",
	"texture_size": [64, 64],
	"textures": {
		"0": "jasmine/flamingofloaty",
		"particle": "jasmine/flamingofloaty"
	},
	"elements": [
		{
			"from": [-3, -1, 2],
			"to": [4, 6, 14],
			"rotation": {"angle": 0, "axis": "y", "origin": [8, 2.5, 8]},
			"faces": {
				"north": {"uv": [3, 3, 4.75, 4.75], "texture": "#0"},
				"east": {"uv": [0, 3, 3, 4.75], "texture": "#0"},
				"south": {"uv": [7.75, 3, 9.5, 4.75], "texture": "#0"},
				"west": {"uv": [4.75, 3, 7.75, 4.75], "texture": "#0"},
				"up": {"uv": [4.75, 3, 3, 0], "rotation": 180, "texture": "#0"},
				"down": {"uv": [6.5, 0, 4.75, 3], "texture": "#0"}
			}
		},
		{
			"from": [12, -1, 2],
			"to": [19, 6, 14],
			"rotation": {"angle": 0, "axis": "y", "origin": [8, 2.5, 8]},
			"faces": {
				"north": {"uv": [3, 3, 4.75, 4.75], "texture": "#0"},
				"east": {"uv": [0, 3, 3, 4.75], "texture": "#0"},
				"south": {"uv": [7.75, 3, 9.5, 4.75], "texture": "#0"},
				"west": {"uv": [4.75, 3, 7.75, 4.75], "texture": "#0"},
				"up": {"uv": [4.75, 3, 3, 0], "texture": "#0"},
				"down": {"uv": [6.5, 0, 4.75, 3], "texture": "#0"}
			}
		},
		{
			"from": [13.9, 5.4, 6],
			"to": [17.9, 10.4, 10],
			"rotation": {"angle": 22.5, "axis": "z", "origin": [17, 8.5, 8]},
			"faces": {
				"north": {"uv": [7.5, 1, 8.5, 2.25], "texture": "#0"},
				"east": {"uv": [6.5, 1, 7.5, 2.25], "texture": "#0"},
				"south": {"uv": [9.5, 1, 10.5, 2.25], "texture": "#0"},
				"west": {"uv": [8.5, 1, 9.5, 2.25], "texture": "#0"},
				"up": {"uv": [8.5, 1, 7.5, 0], "texture": "#0"},
				"down": {"uv": [9.5, 0, 8.5, 1], "texture": "#0"}
			}
		},
		{
			"from": [14.1, 9.3, 6.5],
			"to": [17.1, 14.3, 9.5],
			"rotation": {"angle": 0, "axis": "y", "origin": [8, 2.5, 8]},
			"faces": {
				"north": {"uv": [11.25, 0.75, 12, 2], "texture": "#0"},
				"east": {"uv": [10.5, 0.75, 11.25, 2], "texture": "#0"},
				"south": {"uv": [12.75, 0.75, 13.5, 2], "texture": "#0"},
				"west": {"uv": [12, 0.75, 12.75, 2], "texture": "#0"},
				"up": {"uv": [12, 0.75, 11.25, 0], "texture": "#0"},
				"down": {"uv": [12.75, 0, 12, 0.75], "texture": "#0"}
			}
		},
		{
			"from": [15.8, 12.9, 6.1],
			"to": [20.8, 16.9, 10.1],
			"rotation": {"angle": -22.5, "axis": "z", "origin": [18.5, 18, 8.1]},
			"faces": {
				"north": {"uv": [10.5, 3, 11.75, 4], "texture": "#0"},
				"east": {"uv": [9.5, 3, 10.5, 4], "texture": "#0"},
				"south": {"uv": [12.75, 3, 14, 4], "texture": "#0"},
				"west": {"uv": [11.75, 3, 12.75, 4], "texture": "#0"},
				"up": {"uv": [11.75, 3, 10.5, 2], "texture": "#0"},
				"down": {"uv": [13, 2, 11.75, 3], "texture": "#0"}
			}
		},
		{
			"from": [19.04705, 10.42682, 7.1],
			"to": [21.04705, 15.42682, 9.1],
			"rotation": {"angle": 45, "axis": "y", "origin": [20.04705, 12.92682, 8.1]},
			"faces": {
				"north": {"uv": [0.5, 5.25, 1, 6.5], "texture": "#0"},
				"east": {"uv": [0, 5.25, 0.5, 6.5], "texture": "#0"},
				"south": {"uv": [1.5, 5.25, 2, 6.5], "texture": "#0"},
				"west": {"uv": [1, 5.25, 1.5, 6.5], "texture": "#0"},
				"up": {"uv": [1, 5.25, 0.5, 4.75], "texture": "#0"},
				"down": {"uv": [1.5, 4.75, 1, 5.25], "texture": "#0"}
			}
		},
		{
			"from": [8.80277, -0.975, 2.69877],
			"to": [15.80277, 6.025, 9.79877],
			"rotation": {"angle": 45, "axis": "y", "origin": [7.99307, 2.525, 1.99206]},
			"faces": {
				"north": {"uv": [2, 6.75, 3.75, 8.5], "texture": "#0"},
				"east": {"uv": [0.25, 6.75, 2, 8.5], "texture": "#0"},
				"south": {"uv": [5.5, 6.75, 7.25, 8.5], "texture": "#0"},
				"west": {"uv": [3.75, 6.75, 5.5, 8.5], "texture": "#0"},
				"up": {"uv": [3.75, 6.75, 2, 5], "texture": "#0"},
				"down": {"uv": [5.5, 5, 3.75, 6.75], "texture": "#0"}
			}
		},
		{
			"from": [-1.5643, -0.975, -1.52047],
			"to": [5.4357, 6.025, 5.57953],
			"rotation": {"angle": 45, "axis": "y", "origin": [1.9357, 2.525, 2.02953]},
			"faces": {
				"north": {"uv": [0.25, 6.75, 2, 8.5], "texture": "#0"},
				"east": {"uv": [5.5, 6.75, 7.25, 8.5], "texture": "#0"},
				"south": {"uv": [3.75, 6.75, 5.5, 8.5], "texture": "#0"},
				"west": {"uv": [2, 6.75, 3.75, 8.5], "texture": "#0"},
				"up": {"uv": [3.75, 6.75, 2, 5], "rotation": 270, "texture": "#0"},
				"down": {"uv": [5.5, 5, 3.75, 6.75], "rotation": 90, "texture": "#0"}
			}
		},
		{
			"from": [10.50043, -0.975, 10.47541],
			"to": [17.60043, 6.025, 17.47541],
			"rotation": {"angle": -45, "axis": "y", "origin": [14.05043, 2.525, 13.97541]},
			"faces": {
				"north": {"uv": [2, 6.75, 3.75, 8.5], "texture": "#0"},
				"east": {"uv": [0.25, 6.75, 2, 8.5], "texture": "#0"},
				"south": {"uv": [5.5, 6.75, 7.25, 8.5], "texture": "#0"},
				"west": {"uv": [3.75, 6.75, 5.5, 8.5], "texture": "#0"},
				"up": {"uv": [3.75, 6.75, 2, 5], "texture": "#0"},
				"down": {"uv": [5.5, 5, 3.75, 6.75], "texture": "#0"}
			}
		},
		{
			"from": [-1.5643, -0.975, 10.50035],
			"to": [5.4357, 6.025, 17.60035],
			"rotation": {"angle": 45, "axis": "y", "origin": [1.9357, 2.525, 14.05035]},
			"faces": {
				"north": {"uv": [5.5, 6.75, 7.25, 8.5], "texture": "#0"},
				"east": {"uv": [3.75, 6.75, 5.5, 8.5], "texture": "#0"},
				"south": {"uv": [2, 6.75, 3.75, 8.5], "texture": "#0"},
				"west": {"uv": [0.25, 6.75, 2, 8.5], "texture": "#0"},
				"up": {"uv": [3.75, 6.75, 2, 5], "rotation": 180, "texture": "#0"},
				"down": {"uv": [5.5, 5, 3.75, 6.75], "rotation": 180, "texture": "#0"}
			}
		},
		{
			"from": [2, -1, 12],
			"to": [14, 6, 19],
			"rotation": {"angle": 0, "axis": "y", "origin": [8, 2.5, 15.5]},
			"faces": {
				"north": {"uv": [6.5, 10.25, 9.5, 12], "texture": "#0"},
				"east": {"uv": [4.75, 10.25, 6.5, 12], "texture": "#0"},
				"south": {"uv": [1.75, 10.25, 4.75, 12], "texture": "#0"},
				"west": {"uv": [0, 10.25, 1.75, 12], "texture": "#0"},
				"up": {"uv": [4.75, 10.25, 1.75, 8.5], "rotation": 180, "texture": "#0"},
				"down": {"uv": [7.75, 8.5, 4.75, 10.25], "rotation": 180, "texture": "#0"}
			}
		},
		{
			"from": [2, -1, -3],
			"to": [14, 6, 4],
			"rotation": {"angle": 0, "axis": "y", "origin": [8, 2.5, 8]},
			"faces": {
				"north": {"uv": [1.75, 10.25, 4.75, 12], "texture": "#0"},
				"east": {"uv": [0, 10.25, 1.75, 12], "texture": "#0"},
				"south": {"uv": [6.5, 10.25, 9.5, 12], "texture": "#0"},
				"west": {"uv": [4.75, 10.25, 6.5, 12], "texture": "#0"},
				"up": {"uv": [4.75, 10.25, 1.75, 8.5], "texture": "#0"},
				"down": {"uv": [7.75, 8.5, 4.75, 10.25], "texture": "#0"}
			}
		}
	],
	"display": {
		"thirdperson_righthand": {
			"rotation": [66.75, 89.5, 0],
			"translation": [-6, -4, 4]
		},
		"thirdperson_lefthand": {
			"rotation": [67.75, -451, 0],
			"translation": [-6.25, -3, 6]
		},
		"firstperson_righthand": {
			"rotation": [-13.75, 96, 0],
			"translation": [-8.75, -0.25, 2.75]
		},
		"firstperson_lefthand": {
			"rotation": [-12.5, -93.75, 0],
			"translation": [-9.75, 0, 1.75]
		},
		"gui": {
			"rotation": [17, -50.75, 0],
			"translation": [0.25, 0, 0],
			"scale": [0.5, 0.5, 0.5]
		},
		"head": {
			"rotation": [0, 84, 0],
			"translation": [0, -19.5, 0]
		},
		"fixed": {
			"rotation": [0, 90, 0],
			"translation": [0, 1, 0]
		}
	}
}