{
	"credit": "Made with Blockbench",
	"texture_size": [32, 32],
	"textures": {
		"0": "jasmine/halo1",
		"particle": "jasmine/halo1"
	},
	"elements": [
		{
			"from": [10, 0, 3],
			"to": [12, 1, 4],
			"rotation": {"angle": 0, "axis": "y", "origin": [8, 0.5, 8]},
			"faces": {
				"north": {"uv": [0.5, 9.5, 1.5, 10], "texture": "#0"},
				"east": {"uv": [0, 9.5, 0.5, 10], "texture": "#0"},
				"south": {"uv": [2, 9.5, 3, 10], "texture": "#0"},
				"west": {"uv": [1.5, 9.5, 2, 10], "texture": "#0"},
				"up": {"uv": [1.5, 9.5, 0.5, 9], "texture": "#0"},
				"down": {"uv": [2.5, 9, 1.5, 9.5], "texture": "#0"}
			}
		},
		{
			"from": [4, 0, 3],
			"to": [6, 1, 4],
			"rotation": {"angle": 0, "axis": "y", "origin": [8, 0.5, 8]},
			"faces": {
				"north": {"uv": [9, 6.5, 10, 7], "texture": "#0"},
				"east": {"uv": [8.5, 6.5, 9, 7], "texture": "#0"},
				"south": {"uv": [10.5, 6.5, 11.5, 7], "texture": "#0"},
				"west": {"uv": [10, 6.5, 10.5, 7], "texture": "#0"},
				"up": {"uv": [10, 6.5, 9, 6], "texture": "#0"},
				"down": {"uv": [11, 6, 10, 6.5], "texture": "#0"}
			}
		},
		{
			"from": [6, 0, 2],
			"to": [10, 1, 3],
			"rotation": {"angle": 0, "axis": "y", "origin": [8, 0.5, 8]},
			"faces": {
				"north": {"uv": [4, 3.5, 6, 4], "texture": "#0"},
				"east": {"uv": [3.5, 3.5, 4, 4], "texture": "#0"},
				"south": {"uv": [6.5, 3.5, 8.5, 4], "texture": "#0"},
				"west": {"uv": [6, 3.5, 6.5, 4], "texture": "#0"},
				"up": {"uv": [6, 3.5, 4, 3], "texture": "#0"},
				"down": {"uv": [8, 3, 6, 3.5], "texture": "#0"}
			}
		},
		{
			"from": [3, 0, 10],
			"to": [4, 1, 12],
			"rotation": {"angle": 0, "axis": "y", "origin": [8, 0.5, 8]},
			"faces": {
				"north": {"uv": [7, 8, 7.5, 8.5], "texture": "#0"},
				"east": {"uv": [6, 8, 7, 8.5], "texture": "#0"},
				"south": {"uv": [8.5, 8, 9, 8.5], "texture": "#0"},
				"west": {"uv": [7.5, 8, 8.5, 8.5], "texture": "#0"},
				"up": {"uv": [7.5, 8, 7, 7], "texture": "#0"},
				"down": {"uv": [8, 7, 7.5, 8], "texture": "#0"}
			}
		},
		{
			"from": [3, 0, 4],
			"to": [4, 1, 6],
			"rotation": {"angle": 0, "axis": "y", "origin": [8, 0.5, 8]},
			"faces": {
				"north": {"uv": [3.5, 8, 4, 8.5], "texture": "#0"},
				"east": {"uv": [2.5, 8, 3.5, 8.5], "texture": "#0"},
				"south": {"uv": [5, 8, 5.5, 8.5], "texture": "#0"},
				"west": {"uv": [4, 8, 5, 8.5], "texture": "#0"},
				"up": {"uv": [4, 8, 3.5, 7], "texture": "#0"},
				"down": {"uv": [4.5, 7, 4, 8], "texture": "#0"}
			}
		},
		{
			"from": [2, 0, 6],
			"to": [3, 1, 10],
			"rotation": {"angle": 0, "axis": "y", "origin": [8, 0.5, 8]},
			"faces": {
				"north": {"uv": [2, 5, 2.5, 5.5], "texture": "#0"},
				"east": {"uv": [0, 5, 2, 5.5], "texture": "#0"},
				"south": {"uv": [4.5, 5, 5, 5.5], "texture": "#0"},
				"west": {"uv": [2.5, 5, 4.5, 5.5], "texture": "#0"},
				"up": {"uv": [2.5, 5, 2, 3], "texture": "#0"},
				"down": {"uv": [3, 3, 2.5, 5], "texture": "#0"}
			}
		},
		{
			"from": [12, 0, 4],
			"to": [13, 1, 6],
			"rotation": {"angle": 0, "axis": "y", "origin": [8, 0.5, 8]},
			"faces": {
				"north": {"uv": [1, 7, 1.5, 7.5], "texture": "#0"},
				"east": {"uv": [0, 7, 1, 7.5], "texture": "#0"},
				"south": {"uv": [2.5, 7, 3, 7.5], "texture": "#0"},
				"west": {"uv": [1.5, 7, 2.5, 7.5], "texture": "#0"},
				"up": {"uv": [1.5, 7, 1, 6], "texture": "#0"},
				"down": {"uv": [2, 6, 1.5, 7], "texture": "#0"}
			}
		},
		{
			"from": [12, 0, 10],
			"to": [13, 1, 12],
			"rotation": {"angle": 0, "axis": "y", "origin": [8, 0.5, 8]},
			"faces": {
				"north": {"uv": [5.5, 6, 6, 6.5], "texture": "#0"},
				"east": {"uv": [4.5, 6, 5.5, 6.5], "texture": "#0"},
				"south": {"uv": [7, 6, 7.5, 6.5], "texture": "#0"},
				"west": {"uv": [6, 6, 7, 6.5], "texture": "#0"},
				"up": {"uv": [6, 6, 5.5, 5], "texture": "#0"},
				"down": {"uv": [6.5, 5, 6, 6], "texture": "#0"}
			}
		},
		{
			"from": [13, 0, 6],
			"to": [14, 1, 10],
			"rotation": {"angle": 0, "axis": "y", "origin": [9, 0.5, 8]},
			"faces": {
				"north": {"uv": [2, 2, 2.5, 2.5], "texture": "#0"},
				"east": {"uv": [0, 2, 2, 2.5], "texture": "#0"},
				"south": {"uv": [4.5, 2, 5, 2.5], "texture": "#0"},
				"west": {"uv": [2.5, 2, 4.5, 2.5], "texture": "#0"},
				"up": {"uv": [2.5, 2, 2, 0], "texture": "#0"},
				"down": {"uv": [3, 0, 2.5, 2], "texture": "#0"}
			}
		},
		{
			"from": [4, 0, 12],
			"to": [6, 1, 13],
			"rotation": {"angle": 0, "axis": "y", "origin": [8, 0.5, 8]},
			"faces": {
				"north": {"uv": [7.5, 5, 8.5, 5.5], "texture": "#0"},
				"east": {"uv": [7, 5, 7.5, 5.5], "texture": "#0"},
				"south": {"uv": [9, 5, 10, 5.5], "texture": "#0"},
				"west": {"uv": [8.5, 5, 9, 5.5], "texture": "#0"},
				"up": {"uv": [8.5, 5, 7.5, 4.5], "texture": "#0"},
				"down": {"uv": [9.5, 4.5, 8.5, 5], "texture": "#0"}
			}
		},
		{
			"from": [10, 0, 12],
			"to": [12, 1, 13],
			"rotation": {"angle": 0, "axis": "y", "origin": [8, 0.5, 8]},
			"faces": {
				"north": {"uv": [6, 2, 7, 2.5], "texture": "#0"},
				"east": {"uv": [5.5, 2, 6, 2.5], "texture": "#0"},
				"south": {"uv": [7.5, 2, 8.5, 2.5], "texture": "#0"},
				"west": {"uv": [7, 2, 7.5, 2.5], "texture": "#0"},
				"up": {"uv": [7, 2, 6, 1.5], "texture": "#0"},
				"down": {"uv": [8, 1.5, 7, 2], "texture": "#0"}
			}
		},
		{
			"from": [6, 0, 13],
			"to": [10, 1, 14],
			"rotation": {"angle": 0, "axis": "y", "origin": [8, 0.5, 9]},
			"faces": {
				"north": {"uv": [4, 0.5, 6, 1], "texture": "#0"},
				"east": {"uv": [3.5, 0.5, 4, 1], "texture": "#0"},
				"south": {"uv": [6.5, 0.5, 8.5, 1], "texture": "#0"},
				"west": {"uv": [6, 0.5, 6.5, 1], "texture": "#0"},
				"up": {"uv": [6, 0.5, 4, 0], "texture": "#0"},
				"down": {"uv": [8, 0, 6, 0.5], "texture": "#0"}
			}
		},
		{
			"from": [10, 0.5, 3],
			"to": [12, 1.5, 4],
			"rotation": {"angle": 0, "axis": "y", "origin": [8, 1, 8]},
			"faces": {
				"north": {"uv": [9.5, 0.5, 10.5, 1], "texture": "#0"},
				"east": {"uv": [9, 0.5, 9.5, 1], "texture": "#0"},
				"south": {"uv": [11, 0.5, 12, 1], "texture": "#0"},
				"west": {"uv": [10.5, 0.5, 11, 1], "texture": "#0"},
				"up": {"uv": [10.5, 0.5, 9.5, 0], "texture": "#0"},
				"down": {"uv": [11.5, 0, 10.5, 0.5], "texture": "#0"}
			}
		},
		{
			"from": [4, 0.5, 3],
			"to": [6, 1.5, 4],
			"rotation": {"angle": 0, "axis": "y", "origin": [8, 1, 8]},
			"faces": {
				"north": {"uv": [13, 0.5, 14, 1], "texture": "#0"},
				"east": {"uv": [12.5, 0.5, 13, 1], "texture": "#0"},
				"south": {"uv": [14.5, 0.5, 15.5, 1], "texture": "#0"},
				"west": {"uv": [14, 0.5, 14.5, 1], "texture": "#0"},
				"up": {"uv": [14, 0.5, 13, 0], "texture": "#0"},
				"down": {"uv": [15, 0, 14, 0.5], "texture": "#0"}
			}
		},
		{
			"from": [6, 0.5, 2],
			"to": [10, 1.5, 3],
			"rotation": {"angle": 0, "axis": "y", "origin": [8, 1, 8]},
			"faces": {
				"north": {"uv": [9.5, 2, 11.5, 2.5], "texture": "#0"},
				"east": {"uv": [9, 2, 9.5, 2.5], "texture": "#0"},
				"south": {"uv": [12, 2, 14, 2.5], "texture": "#0"},
				"west": {"uv": [11.5, 2, 12, 2.5], "texture": "#0"},
				"up": {"uv": [11.5, 2, 9.5, 1.5], "texture": "#0"},
				"down": {"uv": [13.5, 1.5, 11.5, 2], "texture": "#0"}
			}
		},
		{
			"from": [3, 0.5, 10],
			"to": [4, 1.5, 12],
			"rotation": {"angle": 0, "axis": "y", "origin": [8, 1, 8]},
			"faces": {
				"north": {"uv": [11, 4, 11.5, 4.5], "texture": "#0"},
				"east": {"uv": [10, 4, 11, 4.5], "texture": "#0"},
				"south": {"uv": [12.5, 4, 13, 4.5], "texture": "#0"},
				"west": {"uv": [11.5, 4, 12.5, 4.5], "texture": "#0"},
				"up": {"uv": [11.5, 4, 11, 3], "texture": "#0"},
				"down": {"uv": [12, 3, 11.5, 4], "texture": "#0"}
			}
		},
		{
			"from": [3, 0.5, 4],
			"to": [4, 1.5, 6],
			"rotation": {"angle": 0, "axis": "y", "origin": [8, 1, 8]},
			"faces": {
				"north": {"uv": [13.5, 6, 14, 6.5], "texture": "#0"},
				"east": {"uv": [12.5, 6, 13.5, 6.5], "texture": "#0"},
				"south": {"uv": [15, 6, 15.5, 6.5], "texture": "#0"},
				"west": {"uv": [14, 6, 15, 6.5], "texture": "#0"},
				"up": {"uv": [14, 6, 13.5, 5], "texture": "#0"},
				"down": {"uv": [14.5, 5, 14, 6], "texture": "#0"}
			}
		},
		{
			"from": [2, 0.5, 6],
			"to": [3, 1.5, 10],
			"rotation": {"angle": 0, "axis": "y", "origin": [8, 1, 8]},
			"faces": {
				"north": {"uv": [12.5, 9, 13, 9.5], "texture": "#0"},
				"east": {"uv": [10.5, 9, 12.5, 9.5], "texture": "#0"},
				"south": {"uv": [15, 9, 15.5, 9.5], "texture": "#0"},
				"west": {"uv": [13, 9, 15, 9.5], "texture": "#0"},
				"up": {"uv": [13, 9, 12.5, 7], "texture": "#0"},
				"down": {"uv": [13.5, 7, 13, 9], "texture": "#0"}
			}
		},
		{
			"from": [12, 0.5, 4],
			"to": [13, 1.5, 6],
			"rotation": {"angle": 0, "axis": "y", "origin": [8, 1, 8]},
			"faces": {
				"north": {"uv": [13, 11, 13.5, 11.5], "texture": "#0"},
				"east": {"uv": [12, 11, 13, 11.5], "texture": "#0"},
				"south": {"uv": [14.5, 11, 15, 11.5], "texture": "#0"},
				"west": {"uv": [13.5, 11, 14.5, 11.5], "texture": "#0"},
				"up": {"uv": [13.5, 11, 13, 10], "texture": "#0"},
				"down": {"uv": [14, 10, 13.5, 11], "texture": "#0"}
			}
		},
		{
			"from": [12, 0.5, 10],
			"to": [13, 1.5, 12],
			"rotation": {"angle": 0, "axis": "y", "origin": [8, 1, 8]},
			"faces": {
				"north": {"uv": [4.5, 10, 5, 10.5], "texture": "#0"},
				"east": {"uv": [3.5, 10, 4.5, 10.5], "texture": "#0"},
				"south": {"uv": [6, 10, 6.5, 10.5], "texture": "#0"},
				"west": {"uv": [5, 10, 6, 10.5], "texture": "#0"},
				"up": {"uv": [5, 10, 4.5, 9], "texture": "#0"},
				"down": {"uv": [5.5, 9, 5, 10], "texture": "#0"}
			}
		},
		{
			"from": [13, 0.5, 6],
			"to": [14, 1.5, 10],
			"rotation": {"angle": 0, "axis": "y", "origin": [9, 1, 8]},
			"faces": {
				"north": {"uv": [2, 13, 2.5, 13.5], "texture": "#0"},
				"east": {"uv": [0, 13, 2, 13.5], "texture": "#0"},
				"south": {"uv": [4.5, 13, 5, 13.5], "texture": "#0"},
				"west": {"uv": [2.5, 13, 4.5, 13.5], "texture": "#0"},
				"up": {"uv": [2.5, 13, 2, 11], "texture": "#0"},
				"down": {"uv": [3, 11, 2.5, 13], "texture": "#0"}
			}
		},
		{
			"from": [4, 0.5, 12],
			"to": [6, 1.5, 13],
			"rotation": {"angle": 0, "axis": "y", "origin": [8, 1, 8]},
			"faces": {
				"north": {"uv": [7.5, 10, 8.5, 10.5], "texture": "#0"},
				"east": {"uv": [7, 10, 7.5, 10.5], "texture": "#0"},
				"south": {"uv": [9, 10, 10, 10.5], "texture": "#0"},
				"west": {"uv": [8.5, 10, 9, 10.5], "texture": "#0"},
				"up": {"uv": [8.5, 10, 7.5, 9.5], "texture": "#0"},
				"down": {"uv": [9.5, 9.5, 8.5, 10], "texture": "#0"}
			}
		},
		{
			"from": [10, 0.5, 12],
			"to": [12, 1.5, 13],
			"rotation": {"angle": 0, "axis": "y", "origin": [8, 1, 8]},
			"faces": {
				"north": {"uv": [4, 11.5, 5, 12], "texture": "#0"},
				"east": {"uv": [3.5, 11.5, 4, 12], "texture": "#0"},
				"south": {"uv": [5.5, 11.5, 6.5, 12], "texture": "#0"},
				"west": {"uv": [5, 11.5, 5.5, 12], "texture": "#0"},
				"up": {"uv": [5, 11.5, 4, 11], "texture": "#0"},
				"down": {"uv": [6, 11, 5, 11.5], "texture": "#0"}
			}
		},
		{
			"from": [6, 0.5, 13],
			"to": [10, 1.5, 14],
			"rotation": {"angle": 0, "axis": "y", "origin": [8, 1, 9]},
			"faces": {
				"north": {"uv": [6, 13, 8, 13.5], "texture": "#0"},
				"east": {"uv": [5.5, 13, 6, 13.5], "texture": "#0"},
				"south": {"uv": [8.5, 13, 10.5, 13.5], "texture": "#0"},
				"west": {"uv": [8, 13, 8.5, 13.5], "texture": "#0"},
				"up": {"uv": [8, 13, 6, 12.5], "texture": "#0"},
				"down": {"uv": [10, 12.5, 8, 13], "texture": "#0"}
			}
		}
	],
	"display": {
		"thirdperson_righthand": {
			"rotation": [75, 45, 0],
			"translation": [0, 2.5, 2.25],
			"scale": [0.375, 0.375, 0.375]
		},
		"thirdperson_lefthand": {
			"rotation": [70, 0, 0],
			"translation": [-5.75, 4.25, 25.75],
			"scale": [0.65, 0.6, 0.65]
		},
		"firstperson_righthand": {
			"rotation": [0, 45, 0],
			"translation": [0, 5.25, 0],
			"scale": [0.65, 0.65, 0.65]
		},
		"firstperson_lefthand": {
			"rotation": [0, 45, 0],
			"translation": [0, 5.25, 0],
			"scale": [0.65, 0.65, 0.65]
		},
		"ground": {
			"translation": [0, 3, 0],
			"scale": [0.42, 0.42, 0.42]
		},
		"gui": {
			"rotation": [30, 225, 0],
			"translation": [0, 8, 0],
			"scale": [1.24, 1.24, 1.24]
		},
		"head": {
			"translation": [0, 20.25, 0],
			"scale": [1.1, 1.1, 1.1]
		},
		"fixed": {
			"rotation": [-90, 0, 0],
			"translation": [0, 0, -7.75]
		}
	},
	"groups": [
		{
			"name": "halo_group",
			"origin": [8, 0.5, 2.5],
			"color": 0,
			"children": [
				{
					"name": "halo_body_1",
					"origin": [8, 0.5, 2.5],
					"color": 0,
					"children": [
						{
							"name": "cubes_north",
							"origin": [8, 0.5, 2.5],
							"color": 0,
							"children": [0, 1, 2]
						},
						{
							"name": "cubes_west",
							"origin": [8, 0.5, 2.5],
							"color": 0,
							"children": [3, 4, 5]
						},
						{
							"name": "cubes_west",
							"origin": [8, 0.5, 2.5],
							"color": 0,
							"children": [6, 7, 8]
						},
						{
							"name": "cubes_west",
							"origin": [8, 0.5, 2.5],
							"color": 0,
							"children": [9, 10, 11]
						}
					]
				},
				{
					"name": "halo_body_2",
					"origin": [8, 0.5, 2.5],
					"color": 0,
					"children": [
						{
							"name": "cubes_north",
							"origin": [8, 0.5, 2.5],
							"color": 0,
							"children": [12, 13, 14]
						},
						{
							"name": "cubes_west",
							"origin": [8, 0.5, 2.5],
							"color": 0,
							"children": [15, 16, 17]
						},
						{
							"name": "cubes_west",
							"origin": [8, 0.5, 2.5],
							"color": 0,
							"children": [18, 19, 20]
						},
						{
							"name": "cubes_west",
							"origin": [8, 0.5, 2.5],
							"color": 0,
							"children": [21, 22, 23]
						}
					]
				}
			]
		}
	]
}