{
	"credit": "Made with Blockbench",
	"textures": {
		"0": "jasmine/halo2",
		"particle": "jasmine/halo2"
	},
	"elements": [
		{
			"from": [10, 0.25, 3],
			"to": [12, 1.25, 4],
			"rotation": {"angle": 0, "axis": "y", "origin": [8, 0.75, 8]},
			"faces": {
				"north": {"uv": [4, 9, 6, 10], "texture": "#0"},
				"east": {"uv": [4, 12, 5, 13], "texture": "#0"},
				"south": {"uv": [6, 9, 8, 10], "texture": "#0"},
				"west": {"uv": [12, 5, 13, 6], "texture": "#0"},
				"up": {"uv": [10, 10, 8, 9], "texture": "#0"},
				"down": {"uv": [2, 10, 0, 11], "texture": "#0"}
			}
		},
		{
			"from": [6, 0, 2],
			"to": [10, 1, 4],
			"rotation": {"angle": 0, "axis": "y", "origin": [8, 0.5, 8]},
			"faces": {
				"north": {"uv": [6, 4, 10, 5], "texture": "#0"},
				"east": {"uv": [10, 0, 12, 1], "texture": "#0"},
				"south": {"uv": [6, 5, 10, 6], "texture": "#0"},
				"west": {"uv": [10, 1, 12, 2], "texture": "#0"},
				"up": {"uv": [4, 2, 0, 0], "texture": "#0"},
				"down": {"uv": [4, 2, 0, 4], "texture": "#0"}
			}
		},
		{
			"from": [3, 0.5, 10],
			"to": [4, 1.5, 12],
			"rotation": {"angle": 0, "axis": "y", "origin": [8, 1, 8]},
			"faces": {
				"north": {"uv": [7, 12, 8, 13], "texture": "#0"},
				"east": {"uv": [2, 10, 4, 11], "texture": "#0"},
				"south": {"uv": [8, 12, 9, 13], "texture": "#0"},
				"west": {"uv": [10, 2, 12, 3], "texture": "#0"},
				"up": {"uv": [11, 5, 10, 3], "texture": "#0"},
				"down": {"uv": [5, 10, 4, 12], "texture": "#0"}
			}
		},
		{
			"from": [3, 0.5, 4],
			"to": [4, 1.5, 6],
			"rotation": {"angle": 0, "axis": "y", "origin": [8, 1, 8]},
			"faces": {
				"north": {"uv": [12, 8, 13, 9], "texture": "#0"},
				"east": {"uv": [5, 10, 7, 11], "texture": "#0"},
				"south": {"uv": [9, 12, 10, 13], "texture": "#0"},
				"west": {"uv": [10, 5, 12, 6], "texture": "#0"},
				"up": {"uv": [11, 8, 10, 6], "texture": "#0"},
				"down": {"uv": [8, 10, 7, 12], "texture": "#0"}
			}
		},
		{
			"from": [2, 0.75, 6],
			"to": [4, 1.75, 10],
			"rotation": {"angle": 0, "axis": "y", "origin": [8, 1.25, 8]},
			"faces": {
				"north": {"uv": [8, 10, 10, 11], "texture": "#0"},
				"east": {"uv": [6, 6, 10, 7], "texture": "#0"},
				"south": {"uv": [10, 9, 12, 10], "texture": "#0"},
				"west": {"uv": [6, 7, 10, 8], "texture": "#0"},
				"up": {"uv": [2, 8, 0, 4], "texture": "#0"},
				"down": {"uv": [6, 0, 4, 4], "texture": "#0"}
			}
		},
		{
			"from": [12, 0, 4],
			"to": [13, 1, 6],
			"rotation": {"angle": 0, "axis": "y", "origin": [8, 0.5, 8]},
			"faces": {
				"north": {"uv": [12, 9, 13, 10], "texture": "#0"},
				"east": {"uv": [10, 10, 12, 11], "texture": "#0"},
				"south": {"uv": [10, 12, 11, 13], "texture": "#0"},
				"west": {"uv": [0, 11, 2, 12], "texture": "#0"},
				"up": {"uv": [3, 13, 2, 11], "texture": "#0"},
				"down": {"uv": [4, 11, 3, 13], "texture": "#0"}
			}
		},
		{
			"from": [12, -0.5, 10],
			"to": [13, 0.5, 12],
			"rotation": {"angle": 0, "axis": "y", "origin": [8, 0, 8]},
			"faces": {
				"north": {"uv": [12, 10, 13, 11], "texture": "#0"},
				"east": {"uv": [11, 3, 13, 4], "texture": "#0"},
				"south": {"uv": [11, 12, 12, 13], "texture": "#0"},
				"west": {"uv": [11, 4, 13, 5], "texture": "#0"},
				"up": {"uv": [6, 13, 5, 11], "texture": "#0"},
				"down": {"uv": [7, 11, 6, 13], "texture": "#0"}
			}
		},
		{
			"from": [12, 0.25, 6],
			"to": [14, 1.25, 10],
			"rotation": {"angle": 0, "axis": "y", "origin": [8, 0.75, 8]},
			"faces": {
				"north": {"uv": [11, 6, 13, 7], "texture": "#0"},
				"east": {"uv": [0, 8, 4, 9], "texture": "#0"},
				"south": {"uv": [11, 7, 13, 8], "texture": "#0"},
				"west": {"uv": [4, 8, 8, 9], "texture": "#0"},
				"up": {"uv": [4, 8, 2, 4], "texture": "#0"},
				"down": {"uv": [6, 4, 4, 8], "texture": "#0"}
			}
		},
		{
			"from": [4, 0.25, 12],
			"to": [6, 1.25, 13],
			"rotation": {"angle": 0, "axis": "y", "origin": [8, 0.75, 8]},
			"faces": {
				"north": {"uv": [8, 11, 10, 12], "texture": "#0"},
				"east": {"uv": [12, 11, 13, 12], "texture": "#0"},
				"south": {"uv": [10, 11, 12, 12], "texture": "#0"},
				"west": {"uv": [12, 12, 13, 13], "texture": "#0"},
				"up": {"uv": [2, 13, 0, 12], "texture": "#0"},
				"down": {"uv": [14, 0, 12, 1], "texture": "#0"}
			}
		},
		{
			"from": [6, 0, 12],
			"to": [10, 1, 14],
			"rotation": {"angle": 0, "axis": "y", "origin": [8, 0.5, 8]},
			"faces": {
				"north": {"uv": [8, 8, 12, 9], "texture": "#0"},
				"east": {"uv": [12, 1, 14, 2], "texture": "#0"},
				"south": {"uv": [0, 9, 4, 10], "texture": "#0"},
				"west": {"uv": [12, 2, 14, 3], "texture": "#0"},
				"up": {"uv": [10, 2, 6, 0], "texture": "#0"},
				"down": {"uv": [10, 2, 6, 4], "texture": "#0"}
			}
		},
		{
			"from": [4, 0, 4],
			"to": [5, 1, 5],
			"rotation": {"angle": 0, "axis": "y", "origin": [4.5, 0.5, 4.5]},
			"faces": {
				"north": {"uv": [0, 13, 1, 14], "texture": "#0"},
				"east": {"uv": [1, 13, 2, 14], "texture": "#0"},
				"south": {"uv": [2, 13, 3, 14], "texture": "#0"},
				"west": {"uv": [3, 13, 4, 14], "texture": "#0"},
				"up": {"uv": [14, 4, 13, 3], "texture": "#0"},
				"down": {"uv": [5, 13, 4, 14], "texture": "#0"}
			}
		},
		{
			"from": [11, 0.5, 4],
			"to": [12, 1.5, 5],
			"rotation": {"angle": 0, "axis": "y", "origin": [11.5, 1, 4.5]},
			"faces": {
				"north": {"uv": [13, 4, 14, 5], "texture": "#0"},
				"east": {"uv": [5, 13, 6, 14], "texture": "#0"},
				"south": {"uv": [13, 5, 14, 6], "texture": "#0"},
				"west": {"uv": [6, 13, 7, 14], "texture": "#0"},
				"up": {"uv": [14, 7, 13, 6], "texture": "#0"},
				"down": {"uv": [8, 13, 7, 14], "texture": "#0"}
			}
		},
		{
			"from": [11, 0, 11],
			"to": [12, 1, 12],
			"rotation": {"angle": 0, "axis": "y", "origin": [11.5, 0.5, 11.5]},
			"faces": {
				"north": {"uv": [13, 7, 14, 8], "texture": "#0"},
				"east": {"uv": [8, 13, 9, 14], "texture": "#0"},
				"south": {"uv": [13, 8, 14, 9], "texture": "#0"},
				"west": {"uv": [9, 13, 10, 14], "texture": "#0"},
				"up": {"uv": [14, 10, 13, 9], "texture": "#0"},
				"down": {"uv": [11, 13, 10, 14], "texture": "#0"}
			}
		}
	],
	"display": {
		"thirdperson_righthand": {
			"rotation": [67, 0, 0],
			"translation": [-6, 5.5, 26.5],
			"scale": [0.7, 0.7, 0.7]
		},
		"thirdperson_lefthand": {
			"rotation": [67, 0, 0],
			"translation": [-6, 5.5, 26.5],
			"scale": [0.7, 0.7, 0.7]
		},
		"firstperson_righthand": {
			"rotation": [0, 45, 0],
			"translation": [0, 5.25, 0],
			"scale": [0.65, 0.65, 0.65]
		},
		"firstperson_lefthand": {
			"rotation": [0, 45, 0],
			"translation": [0, 5.25, 0],
			"scale": [0.65, 0.65, 0.65]
		},
		"ground": {
			"translation": [0, 3, 0],
			"scale": [0.42, 0.42, 0.42]
		},
		"gui": {
			"rotation": [30, 225, 0],
			"translation": [0, 8, 0],
			"scale": [1.24, 1.24, 1.24]
		},
		"head": {
			"translation": [0, 20.25, 0],
			"scale": [1.1, 1.1, 1.1]
		},
		"fixed": {
			"rotation": [-90, 0, 0],
			"translation": [0, 0, -7.75]
		}
	},
	"groups": [
		{
			"name": "halo_body",
			"origin": [8, 0.5, 2.5],
			"color": 0,
			"children": [
				{
					"name": "cubes_north",
					"origin": [8, 0.5, 2.5],
					"color": 0,
					"children": [0, 1]
				},
				{
					"name": "cubes_west",
					"origin": [8, 0.5, 2.5],
					"color": 0,
					"children": [2, 3, 4]
				},
				{
					"name": "cubes_west",
					"origin": [8, 0.5, 2.5],
					"color": 0,
					"children": [5, 6, 7]
				},
				{
					"name": "cubes_west",
					"origin": [8, 0.5, 2.5],
					"color": 0,
					"children": [8, 9]
				}, 10, 11, 12]
		}
	]
}