{
	"credit": "Made with Blockbench",
	"texture_size": [64, 64],
	"textures": {
		"0": "jasmine/golden_pup",
		"particle": "jasmine/golden_pup"
	},
	"elements": [
		{
			"from": [7.475, 9.77362, 11.35438],
			"to": [8.525, 10.77362, 13.35438],
			"rotation": {"angle": -22.5, "axis": "x", "origin": [8.0125, 11.0572, 11.37301]},
			"faces": {
				"north": {"uv": [7, 6.5, 6.5, 6], "rotation": 180, "texture": "#0"},
				"east": {"uv": [6, 6.5, 6.5, 7.5], "rotation": 90, "texture": "#0"},
				"south": {"uv": [7.5, 6, 7, 6.5], "texture": "#0"},
				"west": {"uv": [7, 6.5, 7.5, 7.5], "rotation": 270, "texture": "#0"},
				"up": {"uv": [7.5, 6.5, 8, 7.5], "texture": "#0"},
				"down": {"uv": [6.5, 6.5, 7, 7.5], "rotation": 180, "texture": "#0"}
			}
		},
		{
			"from": [7.275, 10.20794, 13.31368],
			"to": [8.775, 11.70794, 15.31368],
			"rotation": {"angle": 0, "axis": "y", "origin": [8.025, 11.25794, 14.51368]},
			"faces": {
				"north": {"uv": [8.75, 7.5, 8, 6.75], "rotation": 180, "texture": "#0"},
				"east": {"uv": [8.75, 7.5, 9.5, 8.5], "rotation": 90, "texture": "#0"},
				"south": {"uv": [9.5, 6.75, 8.75, 7.5], "texture": "#0"},
				"west": {"uv": [7.25, 7.5, 8, 8.5], "rotation": 270, "texture": "#0"},
				"up": {"uv": [9.5, 7.5, 10.25, 8.5], "texture": "#0"},
				"down": {"uv": [8, 7.5, 8.75, 8.5], "rotation": 180, "texture": "#0"}
			}
		},
		{
			"from": [8.375, 8.34645, 5.86434],
			"to": [9.425, 12.34645, 6.86434],
			"rotation": {"angle": 22.5, "axis": "x", "origin": [8.9, 10.54645, 6.06434]},
			"faces": {
				"north": {"uv": [6.5, 4, 7, 6], "texture": "#0"},
				"east": {"uv": [6, 4, 6.5, 6], "texture": "#0"},
				"south": {"uv": [7.5, 4, 8, 6], "texture": "#0"},
				"west": {"uv": [7, 4, 7.5, 6], "texture": "#0"},
				"up": {"uv": [7, 4, 6.5, 3.5], "texture": "#0"},
				"down": {"uv": [7.5, 3.5, 7, 4], "texture": "#0"}
			}
		},
		{
			"from": [6.575, 8.34645, 5.86434],
			"to": [7.625, 12.34645, 6.86434],
			"rotation": {"angle": 22.5, "axis": "x", "origin": [7.1, 10.54645, 6.06434]},
			"faces": {
				"north": {"uv": [6.5, 4, 7, 6], "texture": "#0"},
				"east": {"uv": [6, 4, 6.5, 6], "texture": "#0"},
				"south": {"uv": [7.5, 4, 8, 6], "texture": "#0"},
				"west": {"uv": [7, 4, 7.5, 6], "texture": "#0"},
				"up": {"uv": [7, 4, 6.5, 3.5], "texture": "#0"},
				"down": {"uv": [7.5, 3.5, 7, 4], "texture": "#0"}
			}
		},
		{
			"from": [5.9, 8.1, 8.4],
			"to": [6.9, 11.1, 11.4],
			"rotation": {"angle": -22.5, "axis": "z", "origin": [6.4, 9.6, 9.9]},
			"faces": {
				"north": {"uv": [2, 12.5, 1.5, 14], "texture": "#0"},
				"east": {"uv": [3.5, 12.5, 2, 14], "texture": "#0"},
				"south": {"uv": [4, 12.5, 3.5, 14], "texture": "#0"},
				"west": {"uv": [1.5, 12.5, 0, 14], "texture": "#0"},
				"up": {"uv": [1.5, 12.5, 2, 11], "texture": "#0"},
				"down": {"uv": [2, 11, 2.5, 12.5], "texture": "#0"}
			}
		},
		{
			"from": [9.1, 8.1, 8.4],
			"to": [10.1, 11.1, 11.4],
			"rotation": {"angle": 22.5, "axis": "z", "origin": [9.6, 9.6, 9.9]},
			"faces": {
				"north": {"uv": [1.5, 12.5, 2, 14], "texture": "#0"},
				"east": {"uv": [0, 12.5, 1.5, 14], "texture": "#0"},
				"south": {"uv": [3.5, 12.5, 4, 14], "texture": "#0"},
				"west": {"uv": [2, 12.5, 3.5, 14], "texture": "#0"},
				"up": {"uv": [2, 12.5, 1.5, 11], "texture": "#0"},
				"down": {"uv": [2.5, 11, 2, 12.5], "texture": "#0"}
			}
		},
		{
			"from": [6.475, 8.4, 7.225],
			"to": [9.525, 14.4, 10.225],
			"rotation": {"angle": -45, "axis": "x", "origin": [8, 11.9, 8.725]},
			"faces": {
				"north": {"uv": [1.5, 4.5, 3, 7.5], "texture": "#0"},
				"east": {"uv": [0, 4.5, 1.5, 7.5], "texture": "#0"},
				"south": {"uv": [4.5, 4.5, 6, 7.5], "texture": "#0"},
				"west": {"uv": [3, 4.5, 4.5, 7.5], "texture": "#0"},
				"up": {"uv": [3, 4.5, 1.5, 3], "texture": "#0"},
				"down": {"uv": [4.5, 3, 3, 4.5], "texture": "#0"}
			}
		},
		{
			"from": [7, 13, 3.3],
			"to": [9, 13, 5.3],
			"rotation": {"angle": 0, "axis": "y", "origin": [7.99913, 14.13609, 5.62]},
			"faces": {
				"north": {"uv": [4, 4, 5, 4], "texture": "#0"},
				"east": {"uv": [3, 4, 4, 4], "texture": "#0"},
				"south": {"uv": [6, 4, 7, 4], "texture": "#0"},
				"west": {"uv": [5, 4, 6, 4], "texture": "#0"},
				"up": {"uv": [5, 4, 4, 3], "texture": "#0"},
				"down": {"uv": [6, 3, 5, 4], "texture": "#0"}
			}
		},
		{
			"from": [7, 12.5, 3.3],
			"to": [9, 14.5, 5.3],
			"rotation": {"angle": 0, "axis": "y", "origin": [7.99913, 14.13609, 5.62]},
			"faces": {
				"north": {"uv": [4.5, 8.5, 5.5, 9.5], "texture": "#0"},
				"east": {"uv": [3.5, 8.5, 4.5, 9.5], "texture": "#0"},
				"south": {"uv": [6.5, 8.5, 7.5, 9.5], "texture": "#0"},
				"west": {"uv": [5.5, 8.5, 6.5, 9.5], "texture": "#0"},
				"up": {"uv": [5.5, 8.5, 4.5, 7.5], "texture": "#0"},
				"down": {"uv": [6.5, 7.5, 5.5, 8.5], "texture": "#0"}
			}
		},
		{
			"from": [9.11234, 13.24106, 6],
			"to": [10.11234, 15.24106, 7],
			"rotation": {"angle": 22.5, "axis": "z", "origin": [7.99913, 14.13609, 5.62]},
			"faces": {
				"north": {"uv": [5, 0.5, 5.5, 1.5], "texture": "#0"},
				"east": {"uv": [4.5, 0.5, 5, 1.5], "texture": "#0"},
				"south": {"uv": [6, 0.5, 6.5, 1.5], "texture": "#0"},
				"west": {"uv": [5.5, 0.5, 6, 1.5], "texture": "#0"},
				"up": {"uv": [5.5, 0.5, 5, 0], "texture": "#0"},
				"down": {"uv": [6, 0, 5.5, 0.5], "texture": "#0"}
			}
		},
		{
			"from": [5.89133, 13.22123, 6],
			"to": [6.89133, 15.22123, 7],
			"rotation": {"angle": -22.5, "axis": "z", "origin": [7.99913, 14.13609, 5.62]},
			"faces": {
				"north": {"uv": [5, 0.5, 5.5, 1.5], "texture": "#0"},
				"east": {"uv": [4.5, 0.5, 5, 1.5], "texture": "#0"},
				"south": {"uv": [6, 0.5, 6.5, 1.5], "texture": "#0"},
				"west": {"uv": [5.5, 0.5, 6, 1.5], "texture": "#0"},
				"up": {"uv": [5.5, 0.5, 5, 0], "texture": "#0"},
				"down": {"uv": [6, 0, 5.5, 0.5], "texture": "#0"}
			}
		},
		{
			"from": [6.5, 13, 5],
			"to": [9.5, 16, 8],
			"rotation": {"angle": 0, "axis": "y", "origin": [7.99913, 14.13609, 5.62]},
			"faces": {
				"north": {"uv": [1.5, 1.5, 3, 3], "texture": "#0"},
				"east": {"uv": [0, 1.5, 1.5, 3], "texture": "#0"},
				"south": {"uv": [4.5, 1.5, 6, 3], "texture": "#0"},
				"west": {"uv": [3, 1.5, 4.5, 3], "texture": "#0"},
				"up": {"uv": [3, 1.5, 1.5, 0], "texture": "#0"},
				"down": {"uv": [4.5, 0, 3, 1.5], "texture": "#0"}
			}
		}
	],
	"display": {
		"thirdperson_righthand": {
			"rotation": [65.25, 0, -7.5],
			"translation": [0, -2.25, 10]
		},
		"thirdperson_lefthand": {
			"rotation": [65.25, 0, 350.75],
			"translation": [0, -2.25, 10]
		},
		"firstperson_righthand": {
			"rotation": [-9.5, 121.5, 0],
			"translation": [0, -1, 0]
		},
		"firstperson_lefthand": {
			"rotation": [-8.25, 122.75, 0],
			"translation": [0.75, -1, -0.75]
		},
		"gui": {
			"rotation": [33.75, 126.25, -19.75],
			"translation": [0, -5.25, 0],
			"scale": [1.5, 1.5, 1.5]
		},
		"head": {
			"rotation": [0, -2.25, 0.25],
			"translation": [0, 6, 0],
			"scale": [1.5, 1.5, 1.5]
		},
		"fixed": {
			"rotation": [0, -79.5, 0],
			"translation": [0, -4, -2]
		}
	}
}