{
	"credit": "Made with Blockbench",
	"texture_size": [32, 32],
	"textures": {
		"0": "jasmine/succubus_tail",
		"particle": "jasmine/succubus_tail"
	},
	"elements": [
		{
			"name": "tail_body",
			"from": [8, 3, 0],
			"to": [8, 18, 14],
			"rotation": {"angle": 0, "axis": "y", "origin": [8, 18, 0]},
			"faces": {
				"north": {"uv": [0, 0, 0, 9], "texture": "#missing"},
				"east": {"uv": [7, 0, 0, 7.5], "texture": "#0"},
				"south": {"uv": [0, 0, 0, 9], "texture": "#missing"},
				"west": {"uv": [0, 0, 7, 7.5], "texture": "#0"},
				"up": {"uv": [0, 0, 0, 9], "texture": "#missing"},
				"down": {"uv": [0, 0, 0, 9], "texture": "#missing"}
			}
		},
		{
			"name": "tail_tip_1",
			"from": [6, 7.5, 14],
			"to": [10, 7.5, 19],
			"rotation": {"angle": 22.5, "axis": "x", "origin": [8, 7.5, 14]},
			"faces": {
				"north": {"uv": [0, 0, 2, 0], "texture": "#missing"},
				"east": {"uv": [0, 0, 2.5, 0], "texture": "#0"},
				"south": {"uv": [0, 0, 2, 0], "texture": "#missing"},
				"west": {"uv": [0, 0, 2.5, 0], "texture": "#missing"},
				"up": {"uv": [12.5, 4.5, 14.5, 7], "texture": "#0"},
				"down": {"uv": [14.5, 4.5, 12.5, 7], "rotation": 180, "texture": "#0"}
			}
		},
		{
			"name": "tail_tip_2",
			"from": [7.99, 4.49, 13.99],
			"to": [8.01, 10.51, 20.01],
			"rotation": {"angle": 22.5, "axis": "x", "origin": [8, 7.5, 14]},
			"faces": {
				"north": {"uv": [10, 0.5, 10.5, 1], "rotation": 90, "texture": "#0"},
				"east": {"uv": [12, 0.5, 15, 3.5], "rotation": 270, "texture": "#0"},
				"south": {"uv": [10, 0.5, 10.5, 1], "rotation": 90, "texture": "#0"},
				"west": {"uv": [12, 3.5, 15, 0.5], "rotation": 270, "texture": "#0"},
				"up": {"uv": [10, 0.5, 10.5, 1], "rotation": 90, "texture": "#0"},
				"down": {"uv": [10, 0.5, 10.5, 1], "rotation": 90, "texture": "#0"}
			}
		},
		{
			"name": "tail_tip_3",
			"from": [6, 6.75, 14.25],
			"to": [10, 6.75, 18.25],
			"rotation": {"angle": 45, "axis": "x", "origin": [8, 6.75, 14.25]},
			"faces": {
				"north": {"uv": [0, 0, 2, 0], "texture": "#missing"},
				"east": {"uv": [0, 0, 2, 0], "texture": "#missing"},
				"south": {"uv": [0, 0, 2, 0], "texture": "#missing"},
				"west": {"uv": [0, 0, 2, 0], "texture": "#missing"},
				"up": {"uv": [12.5, 10, 14.5, 12], "texture": "#0"},
				"down": {"uv": [14.5, 10, 12.5, 12], "rotation": 180, "texture": "#0"}
			}
		},
		{
			"name": "tail_tip_4",
			"from": [6, 7.5, 14],
			"to": [10, 7.5, 18],
			"rotation": {"angle": 0, "axis": "y", "origin": [8, 7.5, 14]},
			"faces": {
				"north": {"uv": [0, 0, 2, 0], "texture": "#missing"},
				"east": {"uv": [0, 0, 2, 0], "texture": "#missing"},
				"south": {"uv": [0, 0, 2, 0], "texture": "#missing"},
				"west": {"uv": [0, 0, 2, 0], "texture": "#missing"},
				"up": {"uv": [12.5, 7.5, 14.5, 9.5], "texture": "#0"},
				"down": {"uv": [14.5, 7.5, 12.5, 9.5], "rotation": 180, "texture": "#0"}
			}
		}
	],
	"gui_light": "front",
	"display": {
		"thirdperson_righthand": {
			"rotation": [66, 0, 0],
			"translation": [-6, -16, -3.25],
			"scale": [0.8, 0.8, 0.8]
		},
		"thirdperson_lefthand": {
			"rotation": [66, 0, 0],
			"translation": [-6, -16, -3.25],
			"scale": [0.8, 0.8, 0.8]
		},
		"firstperson_righthand": {
			"rotation": [-29, -84, -18],
			"translation": [4.25, -27, 0],
			"scale": [1.1, 1.1, 1.1]
		},
		"firstperson_lefthand": {
			"rotation": [-29, -84, -18],
			"translation": [4.25, -27, 0],
			"scale": [1.1, 1.1, 1.1]
		},
		"ground": {
			"translation": [0, 3, 2.5],
			"scale": [0.45, 0.45, 0.45]
		},
		"gui": {
			"rotation": [30, -45, 0],
			"translation": [0.75, -1.75, 0],
			"scale": [0.8, 0.8, 0.8]
		},
		"head": {
			"translation": [0, -39.5, 16.5],
			"scale": [1.61, 1.61, 1.61]
		},
		"fixed": {
			"rotation": [0, -180, 0],
			"translation": [0, -3.5, -7],
			"scale": [0.9, 0.9, 0.9]
		}
	},
	"groups": [
		{
			"name": "tail_group",
			"origin": [8, 0, 0],
			"color": 0,
			"children": [0, 1, 2, 3, 4]
		}
	]
}