{
	"credit": "Made with Blockbench",
	"texture_size": [32, 32],
	"textures": {
		"0": "jasmine/succubus_tail",
		"particle": "jasmine/succubus_tail"
	},
	"elements": [
		{
			"name": "r_wing",
			"from": [13.77305, 20.84095, 0.25],
			"to": [27.77305, 30.84095, 0.25],
			"rotation": {"angle": 0, "axis": "y", "origin": [13.8, 20.85, 0.25]},
			"faces": {
				"north": {"uv": [0, 15, 5, 8], "rotation": 270, "texture": "#0"},
				"east": {"uv": [0, 0, 5, 0], "rotation": 270, "texture": "#missing"},
				"south": {"uv": [0, 8, 5, 15], "rotation": 270, "texture": "#0"},
				"west": {"uv": [0, 0, 5, 0], "rotation": 270, "texture": "#missing"},
				"up": {"uv": [0, 0, 0, 6], "rotation": 270, "texture": "#missing"},
				"down": {"uv": [0, 0, 0, 6], "rotation": 270, "texture": "#missing"}
			}
		},
		{
			"name": "r_wing_shoulder",
			"from": [8.99, 21.99, 0.24],
			"to": [14.01, 24.01, 0.26],
			"rotation": {"angle": -22.5, "axis": "z", "origin": [11, 22, 0.25]},
			"faces": {
				"north": {"uv": [8.5, 0, 7.5, 2.5], "rotation": 90, "texture": "#0"},
				"east": {"uv": [10.5, 0.5, 11, 1], "rotation": 270, "texture": "#0"},
				"south": {"uv": [7.5, 0, 8.5, 2.5], "rotation": 270, "texture": "#0"},
				"west": {"uv": [10.5, 0.5, 11, 1], "rotation": 270, "texture": "#0"},
				"up": {"uv": [10.5, 0.5, 11, 1], "rotation": 270, "texture": "#0"},
				"down": {"uv": [10.5, 0.5, 11, 1], "rotation": 270, "texture": "#0"}
			}
		},
		{
			"name": "r_wing_shoulder",
			"from": [9, 22, -1],
			"to": [11, 26, 1],
			"rotation": {"angle": -22.5, "axis": "x", "origin": [10, 22, 0]},
			"faces": {
				"north": {"uv": [10.5, 3, 11.5, 5], "texture": "#0"},
				"east": {"uv": [8.5, 3, 9.5, 5], "texture": "#0"},
				"south": {"uv": [7.5, 3, 8.5, 5], "texture": "#0"},
				"west": {"uv": [9.5, 3, 10.5, 5], "texture": "#0"},
				"up": {"uv": [9, 0, 10, 1], "texture": "#0"},
				"down": {"uv": [9, 1.5, 10, 2.5], "texture": "#0"}
			}
		},
		{
			"name": "l_wing",
			"from": [-11.77305, 20.84095, 0.25],
			"to": [2.22695, 30.84095, 0.25],
			"rotation": {"angle": 0, "axis": "y", "origin": [2.2, 20.85, 0.25]},
			"faces": {
				"north": {"uv": [0, 8, 5, 15], "rotation": 270, "texture": "#0"},
				"east": {"uv": [0, 0, 5, 0], "rotation": 270, "texture": "#missing"},
				"south": {"uv": [0, 15, 5, 8], "rotation": 270, "texture": "#0"},
				"west": {"uv": [0, 0, 5, 0], "rotation": 270, "texture": "#missing"},
				"up": {"uv": [0, 6, 0, 0], "rotation": 270, "texture": "#missing"},
				"down": {"uv": [0, 6, 0, 0], "rotation": 270, "texture": "#missing"}
			}
		},
		{
			"name": "l_wing_shoulder",
			"from": [1.99, 21.99, 0.24],
			"to": [7.01, 24.01, 0.26],
			"rotation": {"angle": 22.5, "axis": "z", "origin": [5, 22, 0.25]},
			"faces": {
				"north": {"uv": [8.5, 2.5, 7.5, 0], "rotation": 90, "texture": "#0"},
				"east": {"uv": [10.5, 0.5, 11, 1], "rotation": 270, "texture": "#0"},
				"south": {"uv": [7.5, 2.5, 8.5, 0], "rotation": 270, "texture": "#0"},
				"west": {"uv": [10.5, 0.5, 11, 1], "rotation": 270, "texture": "#0"},
				"up": {"uv": [10.5, 0.5, 11, 1], "rotation": 270, "texture": "#0"},
				"down": {"uv": [10.5, 0.5, 11, 1], "rotation": 270, "texture": "#0"}
			}
		},
		{
			"name": "l_wing_shoulder",
			"from": [5, 22, -1],
			"to": [7, 26, 1],
			"rotation": {"angle": -22.5, "axis": "x", "origin": [6, 22, 0]},
			"faces": {
				"north": {"uv": [11.5, 3, 10.5, 5], "texture": "#0"},
				"east": {"uv": [10.5, 3, 9.5, 5], "texture": "#0"},
				"south": {"uv": [8.5, 3, 7.5, 5], "texture": "#0"},
				"west": {"uv": [9.5, 3, 8.5, 5], "texture": "#0"},
				"up": {"uv": [10, 0, 9, 1], "texture": "#0"},
				"down": {"uv": [10, 1.5, 9, 2.5], "texture": "#0"}
			}
		}
	],
	"gui_light": "front",
	"display": {
		"thirdperson_righthand": {
			"rotation": [72, 0, 0],
			"translation": [-5.75, -16.5, -0.75],
			"scale": [0.8, 0.8, 0.8]
		},
		"thirdperson_lefthand": {
			"rotation": [72, 0, 0],
			"translation": [-5.75, -16.5, -0.75],
			"scale": [0.8, 0.8, 0.8]
		},
		"firstperson_righthand": {
			"rotation": [-29, -84, -18],
			"translation": [0, -43, 0],
			"scale": [1.1, 1.1, 1.1]
		},
		"firstperson_lefthand": {
			"rotation": [-29, -84, -18],
			"translation": [0, -43, 0],
			"scale": [1.1, 1.1, 1.1]
		},
		"ground": {
			"translation": [0, -2, 2.5],
			"scale": [0.45, 0.45, 0.45]
		},
		"gui": {
			"rotation": [30, -45, 0],
			"translation": [-3, -10.75, 0],
			"scale": [0.56, 0.56, 0.56]
		},
		"head": {
			"translation": [0, -36.75, 19],
			"scale": [1.61, 1.61, 1.61]
		},
		"fixed": {
			"rotation": [0, -180, 0],
			"translation": [0, -16, -8.25],
			"scale": [0.9, 0.9, 0.9]
		}
	},
	"groups": [
		{
			"name": "wings_group",
			"origin": [8, 8, 8],
			"color": 0,
			"children": [
				{
					"name": "r_wing",
					"origin": [10, 22, 0],
					"color": 0,
					"children": [0, 1, 2]
				},
				{
					"name": "l_wing",
					"origin": [10, 22, 0],
					"color": 0,
					"children": [3, 4, 5]
				}
			]
		}
	]
}