{
	"credit": "Made with Blockbench",
	"texture_size": [64, 64],
	"textures": {
		"0": "jasmine/wumpus",
		"particle": "jasmine/wumpus"
	},
	"elements": [
		{
			"from": [2.7, -0.3, 2.7],
			"to": [13.3, 10.3, 13.3],
			"faces": {
				"north": {"uv": [2.5, 2.5, 5, 5], "texture": "#0"},
				"east": {"uv": [0, 2.5, 2.5, 5], "texture": "#0"},
				"south": {"uv": [7.5, 2.5, 10, 5], "texture": "#0"},
				"west": {"uv": [5, 2.5, 7.5, 5], "texture": "#0"},
				"up": {"uv": [5, 2.5, 2.5, 0], "texture": "#0"},
				"down": {"uv": [7.5, 0, 5, 2.5], "texture": "#0"}
			}
		},
		{
			"from": [1.7, 2.9, 6.2],
			"to": [4.3, 7.5, 10.8],
			"rotation": {"angle": -45, "axis": "x", "origin": [3, 5.2, 8.5]},
			"faces": {
				"north": {"uv": [1, 11, 1.5, 12], "texture": "#0"},
				"east": {"uv": [0, 11, 1, 12], "texture": "#0"},
				"south": {"uv": [2.5, 11, 3, 12], "texture": "#0"},
				"west": {"uv": [1.5, 11, 2.5, 12], "texture": "#0"},
				"up": {"uv": [1.5, 11, 1, 10], "texture": "#0"},
				"down": {"uv": [2, 10, 1.5, 11], "texture": "#0"}
			}
		},
		{
			"from": [11.7, 2.9, 6.2],
			"to": [14.3, 7.5, 10.8],
			"rotation": {"angle": -45, "axis": "x", "origin": [3, 5.2, 8.5]},
			"faces": {
				"north": {"uv": [1, 11, 1.5, 12], "texture": "#0"},
				"east": {"uv": [0, 11, 1, 12], "texture": "#0"},
				"south": {"uv": [2.5, 11, 3, 12], "texture": "#0"},
				"west": {"uv": [1.5, 11, 2.5, 12], "texture": "#0"},
				"up": {"uv": [1.5, 11, 1, 10], "texture": "#0"},
				"down": {"uv": [2, 10, 1.5, 11], "texture": "#0"}
			}
		},
		{
			"from": [7, 9.2, 3.5],
			"to": [9, 11.2, 7.5],
			"rotation": {"angle": 22.5, "axis": "x", "origin": [8, 11, 5]},
			"faces": {
				"north": {"uv": [8.5, 6, 9, 6.5], "texture": "#0"},
				"east": {"uv": [7.5, 6, 8.5, 6.5], "texture": "#0"},
				"south": {"uv": [10, 6, 10.5, 6.5], "texture": "#0"},
				"west": {"uv": [9, 6, 10, 6.5], "texture": "#0"},
				"up": {"uv": [9, 6, 8.5, 5], "texture": "#0"},
				"down": {"uv": [9.5, 5, 9, 6], "texture": "#0"}
			}
		},
		{
			"from": [3, 0, 3],
			"to": [13, 10, 13],
			"faces": {
				"north": {"uv": [2.5, 7.5, 5, 10], "texture": "#0"},
				"east": {"uv": [0, 7.5, 2.5, 10], "texture": "#0"},
				"south": {"uv": [7.5, 7.5, 10, 10], "texture": "#0"},
				"west": {"uv": [5, 7.5, 7.5, 10], "texture": "#0"},
				"up": {"uv": [5, 7.5, 2.5, 5], "texture": "#0"},
				"down": {"uv": [7.5, 5, 5, 7.5], "texture": "#0"}
			}
		},
		{
			"from": [5, 2, 1.6],
			"to": [11, 6, 3.6],
			"faces": {
				"north": {"uv": [8, 0.5, 9.5, 1.5], "texture": "#0"},
				"east": {"uv": [7.5, 0.5, 8, 1.5], "texture": "#0"},
				"south": {"uv": [10, 0.5, 11.5, 1.5], "texture": "#0"},
				"west": {"uv": [9.5, 0.5, 10, 1.5], "texture": "#0"},
				"up": {"uv": [9.5, 0.5, 8, 0], "texture": "#0"},
				"down": {"uv": [11, 0, 9.5, 0.5], "texture": "#0"}
			}
		},
		{
			"from": [14, 10.4, 11.7],
			"to": [14, 11.5, 15.6],
			"rotation": {"angle": -45, "axis": "x", "origin": [13, 6.5, 14.5]},
			"faces": {
				"north": {"uv": [0.75, 0.75, 0.75, 1], "texture": "#missing"},
				"east": {"uv": [0, 0.75, 0.75, 1], "texture": "#0"},
				"south": {"uv": [1.5, 0.75, 1.5, 1], "texture": "#missing"},
				"west": {"uv": [0.75, 0.75, 1.5, 1], "texture": "#0"},
				"up": {"uv": [0.75, 0.75, 0.75, 0], "texture": "#missing"},
				"down": {"uv": [0.75, 0, 0.75, 0.75], "texture": "#missing"}
			}
		},
		{
			"from": [2, 10.4, 11.7],
			"to": [2, 11.5, 15.6],
			"rotation": {"angle": -45, "axis": "x", "origin": [13, 6.5, 14.5]},
			"faces": {
				"north": {"uv": [0.75, 0.75, 0.75, 1], "texture": "#0"},
				"east": {"uv": [0, 0.75, 0.75, 1], "texture": "#0"},
				"south": {"uv": [1.5, 0.75, 1.5, 1], "texture": "#0"},
				"west": {"uv": [0.75, 0.75, 1.5, 1], "texture": "#0"},
				"up": {"uv": [0.75, 0.75, 0.75, 0], "texture": "#0"},
				"down": {"uv": [0.75, 0, 0.75, 0.75], "texture": "#0"}
			}
		}
	],
	"display": {
		"head": {
			"translation": [0, 4.5, 0],
			"scale": [1.5, 1.5, 1.5]
		}
	}
}